-11080157,22449019,-324422538
-10367414,24804004,-326289425
-9674966,26868835,-328468627
-8975325,28767048,-330690914
-8310822,30441377,-332788522
-7671037,31736454,-334867384
-7026992,32704506,-337032566
-6485328,33533037,-339396111
-6138907,34410954,-342201540
-5511774,35243529,-345671986
-4988184,35938851,-349581703
-4329125,36055668,-368313750
-4423579,35777758,-373594496
-4596519,35356621,-378958806
-4802673,34855498,-384285902
-4998850,34366015,-389469023
-5668426,33586540,-414050963
-5418602,33625151,-417658745
-5114560,33608493,-421264932
-4869224,33618901,-424701602
-4851641,33602990,-427851222
-4289867,33770824,-430740045
-4433833,33754701,-433523563
-3717542,33553262,-436036876
-3658019,33939439,-438074116
-2698218,34410328,-439339616
-2181677,35291412,-439914144
-585112,36204347,-440067947
1325680,37106759,-440409249
2110338,38221703,-440395321
4267266,38531825,-440507615
5951198,38677673,-440811527
7094340,38796528,-440996189
8344947,38163578,-441424517
9379492,37303715,-441750574
10759140,36400660,-442188379
11773700,35797088,-442785764
12050326,35583852,-443577985
12460791,35399541,-444697178
13744251,35134393,-446148800
15165678,34813106,-447743805
15622990,34468614,-449470672
16045246,33785027,-451249955
16540988,32931010,-453282606
17283271,32012723,-455500088
18221615,31031144,-457867957
17890665,30621697,-460087345
18129016,29958012,-462597913
18746092,29253273,-465152112
18823262,28878305,-467569561
18712837,28761737,-469693804
19231248,28603507,-471436707
19888158,28687575,-472584370
20444259,29205237,-473175526
21071182,29914204,-473341477
21955502,30572784,-473036461
22748997,31127811,-472424417
23831478,31169267,-471774008
25281265,30687353,-470944312
26090700,30334734,-469912128
27200822,29699956,-468612493
27816846,29196860,-466924217
28438018,28598471,-464884017
28954026,27853597,-462633071
29351874,26847215,-460107225
28685605,26185245,-457254900
29194312,24744768,-454162055
28877627,23576629,-450422564
26537864,23408345,-446219527
25179867,22627759,-441621008
23017872,21967732,-437174826
19995336,21216268,-433288063
16333235,20178833,-430389267
13963106,17854567,-428514348
11040462,15174436,-427505467
7976770,12223120,-427303832
4333243,9314488,-427319326
389431,6580318,-427575702
-3120971,3693166,-427768266
-6568544,901863,-427918642
-10506335,-1489179,-428174079
-14275186,-3664315,-428679108
-17217214,-6315672,-429171222
-20792286,-8486916,-429838010
-23803072,-10743452,-430600763
-26734498,-12728628,-431415562
-29137013,-14496771,-432162224
-31495900,-15695221,-433049730
-33305304,-16557985,-433953030
-34598568,-17125589,-434904697
-35580577,-17339270,-435972076
-36271320,-17270246,-437355097
-36680382,-16859016,-439146176
-36787972,-16252549,-441461882
-35801608,-14098943,-454166019
-35193580,-13970303,-456019055
-34468686,-13775352,-457824559
-33672183,-13772172,-459649442
-32465082,-13881089,-461681968
-31679718,-13642573,-464080087
-30352085,-13491167,-469590888
-29902975,-13486961,-473010435
-29870543,-13636949,-476757614
-30072940,-14094991,-480686608
-30702096,-14508774,-484562886
-31098819,-14992211,-488250121
-31494420,-15203820,-491699834
-31579635,-15264790,-494900115
#!,zero-counter: 74
-37532907,-6425880,-631316932
-38897789,-5967617,-634474343
-39818971,-5536547,-636079938
-40522186,-5172617,-637696785
-41174044,-4933352,-639376218
-42387975,-4692792,-642194047
-41672756,-3803387,-644468175
-41223855,-3520515,-644820429
-40707818,-3382486,-645231648
-41075327,-1776603,-652131943
-41302657,-1551971,-653717266
-41561715,-1194352,-655452000
-41600747,-651763,-657306435
-41530006,-147739,-659193746
-41675829,398924,-660976181
-41737250,661907,-662578851
-42246203,1325889,-663910667
-41769065,1720249,-665399407
-40436685,2067449,-666831923
-37973758,2332843,-668226924
-34492105,2728456,-669640831
-30302014,3352014,-671326708
-25772426,4158432,-673080592
-20847087,4916748,-675091710
-15513198,5484763,-677254588
-10282732,6444286,-679625366
-4322425,7089556,-682116491
1708275,8000463,-684667683
8094510,8932761,-687394190
13861940,10395673,-690321718
19621910,11819686,-693388901
29646325,11114400,-696200618
38423656,14443155,-698376027
48604972,17606758,-700466381
59188991,20856180,-702844284
66490258,26610711,-706333226
65672745,38163945,-711226893
72354135,39539373,-715759096
76186423,41709177,-720980937
78534384,44227993,-726203216
79928542,47086174,-731346195
81273849,49625015,-736085885
82639932,51861430,-740525771
83715460,54072154,-744478021
84607446,56277970,-747880868
85399117,58274288,-750838050
85518180,60312868,-753103991
85082518,62059195,-754656615
84465979,62883053,-755566970
83140323,63223176,-755932064
81389051,63149547,-756034936
78942082,63222714,-756062182
76657209,63049264,-756305622
74475839,62796301,-756501869
72159103,62623821,-756729128
69891403,62616134,-757039206
67970579,62552776,-757381729
66162708,62487904,-757714114
64275928,62381780,-757974156
62257840,62435290,-758210541
60488380,62339126,-758379262
58639136,62371838,-758599218
56563197,62926556,-758849980
54877163,63457749,-759104516
53556555,63953264,-759460014
52449511,64396543,-759932209
51431284,64641313,-760496436
50037162,64788819,-761197690
48469374,64850574,-761927988
46814634,64833393,-762738425
45219536,64646780,-763520317
43647611,64351224,-764360584
42046718,64161659,-765332282
40713920,64088970,-766323882
39741142,64196185,-767177312
38994161,64456647,-767949584
38351291,64815227,-768609445
37759269,65126600,-769158578
#!,zero-counter: 24
30090785,66320665,-778515421
29436145,66112667,-779114179
28732383,65866250,-779747551
27933149,65631062,-780514899
27118167,65481719,-781225273
26453992,65318853,-781898479
25849445,65211241,-782517900
#!,zero-counter: 81
19490218,70737226,-790025313
20203139,70983441,-789611356
21237091,71187511,-789105632
22030417,71321137,-788615665
#!,zero-counter: 24
29081320,70449002,-789809356
29142890,69923907,-790651734
28566477,69602357,-791551075
28102459,68876566,-792652868
27207385,68490565,-793932045
26690203,67663404,-795334662
26574735,66231863,-796949427
25255017,65747360,-798478778
24041373,64894709,-799829879
23256895,63660213,-800964826
23165234,61997338,-802047467
22986702,60741466,-803044233
22757925,59816033,-803868393
22632316,59144100,-804544916
22518716,58738053,-805118670
22489778,58389435,-805604861
21872413,58104062,-806530666
21100067,57971299,-806992020
20083327,57990110,-807657202
18981151,58203474,-808354343
18037347,58392830,-809328754
16965124,58838978,-810397446
15802976,59205453,-811619927
14414074,59735179,-812775482
12979721,60243641,-813848951
11330115,60916981,-814877997
9895180,61389452,-815795451
8367862,61890965,-816617340
7014379,62264066,-817501398
5501841,62619230,-818434149
3623050,62842972,-819392161
1521153,62969183,-820192738
-653727,63033631,-820766415
-2853100,62941202,-821201551
-4571138,62336543,-821451466
-5924613,61880538,-821640709
-6850844,61651500,-821845010
-7570557,61660837,-822210142
-8354230,61775203,-822610755
-9122533,61981684,-823116262
-9799236,62300324,-823409981
-12767649,63002196,-823917750
-15009153,63352416,-823857619
-16045923,63554885,-823712479
-17020507,63841815,-823369569
-17866023,64026790,-822978974
-18610152,64249859,-822666631
#!,zero-counter: 18
-19130896,57464440,-819687743
-19706019,56711024,-819789924
-20337135,55917656,-819843017
-20891844,55107620,-819867808
-21370468,54266855,-819921884
-21819284,53450201,-820052729
-22312413,52955720,-820077051
-23993792,52021137,-819042633
-24673149,51354254,-818954385
-25342819,50555848,-818973920
-25793819,49768266,-819072417
-25952451,48912525,-819239529
-26172601,48101331,-819377223
-26522357,46588690,-820273333
-26707139,46598786,-820912184
-26927227,46812163,-821551308
-26994908,47093308,-822076700
-26715982,47257025,-822720276
-26635149,47701797,-823403370
-26421359,48002545,-824162774
-26120344,48087541,-825141272
-25602895,48210371,-826226545
-24823242,48347461,-827563372
-24140084,48685180,-829031790
-23554686,49138739,-830427841
-22748690,49568878,-831874255
-21914572,50108169,-833405237
-21684692,50603509,-834818780
-22204249,50907727,-836044973
-23353855,50935523,-836939522
-24602523,50510436,-837649773
-26007585,49916531,-837996954
-27375986,49085824,-838091292
-28388762,47759382,-838014539
-29241838,46080733,-838021329
-30163029,44065604,-838175573
-31332280,41862982,-838508216
-32389489,39236173,-838878837
-33481803,36421405,-839174109
-34406430,33290303,-839231233
-35082638,29973611,-839181489
-35720884,26486568,-839015978
-36234364,23310932,-838776321
-36423983,20522438,-838494616
-36393793,18385329,-838089480
-36114229,16959169,-837581923
-35827654,16330957,-836873970
-35753406,16059534,-836104917
-36350625,16147515,-835302888
-37339065,16383576,-834715329
-38332626,16703530,-834401851
-39028530,17185780,-834266764
-39473475,17716496,-834253491
-39823097,18989179,-834686597
-39909197,19782638,-835174529
-39828715,20623919,-835821156
-39830106,21394498,-836594890
-39834946,21843549,-837538289
-39941699,21924675,-838687102
-39805337,21728213,-840219606
-39351285,21504660,-842044387
-39005167,21284164,-844297960
-39100769,21309671,-846948794
-39797987,21161275,-849966667
-41312639,21034174,-853259107
-43357857,20959891,-856500538
-45730331,20543713,-859373021
-47296491,19883021,-860562137
-47841589,18817902,-861106813
-47670383,17578652,-861660602
-47516792,15605580,-861879718
-47129735,13904033,-861802805
-46673419,12275270,-861771965
-46186251,10829742,-861723892
-45847996,9399699,-861676171
-45618520,8105306,-861703173
-45335100,6941767,-861738018
-44968332,6005266,-861707229
-44676114,5292074,-861574331
-44524529,4594507,-861473602
#!,zero-counter: 49
-53182946,9054220,-854904058
-54154688,9783264,-854767028
-55439561,10688988,-854508369
-57285506,11817609,-854193802
-59945297,13622622,-853732131
-62429202,15142401,-853010621
-64793363,17032999,-852116816
-66396512,18603509,-851208233
-67471415,20005223,-850325680
-68202926,21124906,-849486654
-68951097,22064100,-848892013
-69855644,22836851,-848419116
-70842835,23425701,-848100857
-71696122,23713419,-847786064
-72384522,24024276,-847436212
-72999627,24445726,-847248018
#!,zero-counter: 14
-78635406,26327309,-845374450
-79775364,26731824,-845209946
-81116677,27292583,-844952086
-82522335,27828540,-844559167
-83871642,28386334,-844159078
-85065512,28969303,-843738382
-85897133,29430469,-843326366
#!,zero-counter: 137
-88933326,44886477,-831598599
#!,zero-counter: 45
-89975109,53901199,-829841222
-90766883,55155457,-829685646
-91515556,56605959,-829387612
-92191471,58293893,-829089265
-92642471,60013622,-828651260
-93285628,62167480,-828081422
-94112430,64106391,-827407936
-97239729,67983219,-824793075
-100879055,70934090,-820898927
-105585199,73963811,-816963820
-108923669,76133318,-815478672
-110345777,77919748,-814469557
-110656238,78861873,-813206193
-112095500,82183819,-810736929
-112044335,85243617,-808145417
-112089650,87451214,-806171115
-111806281,88776354,-805700575
-107765269,88248713,-804525012
-107133773,87610855,-804457456
-106475938,86866824,-804440111
-105663678,85744917,-804501219
-104593197,84284972,-804852053
-103214673,82295281,-805662558
-102009789,80057409,-806540490
-101443919,78176044,-807477502
-101013022,76205593,-808757518
-100291573,75250291,-809416772
-99185728,74550601,-809756568
-96096248,73763425,-811541736
-90312579,75056895,-815016344
-85755926,77645031,-816910542
-81861905,79481848,-818943097
-81309576,81094752,-819765141
-80636423,82582987,-819933173
-79765896,84997086,-820492575
-80922397,86725818,-820356402
-81751602,88205824,-820289208
-82973329,89789433,-820288747
-85674544,91126586,-818791198
-91241677,92459006,-815060725
-96148992,92446490,-811936957
-98255921,92570001,-811067884
-99670748,92232724,-810358112
-103990087,91628884,-808088920
-106396810,89808505,-805815412
-105234687,89489061,-806152597
-104549965,89184163,-806202100
-104092433,88680102,-806082005
-103364732,88219906,-805750470
-101767101,87500559,-805702827
-98979666,87217259,-806499533
-97616898,87463553,-806910504
-95771502,87857181,-807206198
-94124656,89024212,-808068267
-92956801,90269461,-808528170
-93172803,91541670,-808178191
-92524108,92834124,-807846290
-92713931,94399956,-807676689
-93171059,95067178,-807385886
-93341608,95854630,-807138844
#!,zero-counter: 63
-94334034,95449816,-808321456
-94324496,96398179,-808028638
-94343491,98015740,-807402042
-94584034,99795382,-806523485
-94652614,101658166,-804749674
-93999371,103391845,-801484119
-92967877,105335013,-797313907
-92851214,107125300,-792903768
-94112126,108721447,-788588565
-95994198,110332723,-784525302
-98539280,112026813,-780798122
-101525230,113517359,-777458432
-104607037,114618600,-774412042
-107588371,115276348,-771900196
-110598344,115575282,-770113592
-113710625,115665088,-769044745
-116782248,115732809,-768742841
-119872823,115559598,-768953237
-123280517,115044686,-769612463
-127015880,114344234,-770725168
-130770527,113403325,-772111752
-134678139,112379611,-773526027
-138475509,111080306,-774860588
-142217632,109523949,-776195166
-145485714,107637333,-777595762
-148102410,105517026,-778944184
-150040315,103544348,-779903012
-148544077,101197008,-780736121
-147190575,99625339,-781560069
-146450653,98190179,-781959614
-145721818,96454871,-782010589
-143267077,94858851,-782550205
-138845847,93828071,-783840807
-131911156,93348811,-786249489
-125024711,94147779,-789046694
-120274316,94963544,-791373099
-116796214,96578829,-793291721
-113370010,98811072,-794744876
-111415833,100779245,-795745562
-111869647,102028442,-795752333
-111739677,103278174,-795598890
-111026797,105008363,-795638773
-110976330,106280239,-795507737
-111250375,106978892,-795432322
-111552709,107747295,-795650993
-113616354,108206292,-794951268
-117512802,108403213,-792875248
-121612020,108040964,-790158199
-124126004,108253058,-788389905
-127427042,109425313,-786651104
-131686878,110811941,-784483908
-135180763,112564874,-782794396
-137448707,114234353,-781702188
-138989955,115467285,-780966021
-139796170,116431933,-780228279
-137842630,117429329,-780074736
-135338961,118901258,-780952783
-133541493,120105959,-781748650
-132228866,120844750,-782040867
-128915375,121329858,-783162637
-124931890,120961194,-784768432
-121495289,120217214,-786695765
-118398851,118618221,-788329675
-115787079,116079037,-790123017
-113831100,113313131,-792143880
-111882368,110968176,-793216308
-111133098,109401692,-793642429
-110857168,108308198,-793644419
-110918883,107917567,-794029320
-111996592,107440324,-794419868
-112991725,107095344,-794668701
-113906849,106932340,-794608844
-114793394,106962617,-794491938
-115688516,107237789,-794301927
-116501763,107597610,-794029750
-117222529,107910555,-793725842
#!,zero-counter: 47
-118130737,106012237,-794802662
-118795596,106936911,-794440258
-119874531,108125616,-793947270
-121772833,109265088,-792829020
-123243520,110450075,-790972218
-123345011,112024620,-788585673
-122837004,113766296,-785918678
-122575290,115568320,-783203511
-122636442,117884536,-780221756
-122791054,120816558,-776721157
-123207534,124118778,-772899821
-124415008,127621268,-769087918
-126143401,130871552,-765667938
-128428085,133997230,-762861578
-130907655,136541499,-760714904
-133409872,138591805,-759158222
-135759521,139985018,-758187973
-138613928,141113225,-757432094
-141766675,141899339,-756875507
-144598868,142420407,-756529424
-147033651,142900050,-756389879
-149107839,143205088,-756653173
-150968122,143441559,-757166149
-152564298,143613268,-757671496
-154134001,143794521,-758143740
-155962723,143976224,-758537573
-158017371,143993118,-758822683
-159978724,143871791,-759085638
-161837209,143617367,-759365751
-163392261,142890149,-759790024
-165372008,142095950,-760420342
-167682917,141084786,-761354660
-170102807,139775420,-762558275
-172448862,138214472,-764077713
-174319911,136407322,-765686479
-175382854,134783442,-766891527
-174646699,132937640,-767657638
-173768591,131101222,-768279715
-172316739,129579672,-768859167
-170879517,128221456,-769165956
-169461291,126529633,-769360878
-167297628,124363739,-769956860
-162989907,121897131,-772176279
-158192342,120183385,-774481935
-153369756,118228395,-776640982
-149412044,117066143,-778332728
-147411188,117124293,-779503936
-146214946,117380066,-780052105
-145348712,118706881,-780155017
-144485724,120444573,-780494330
-144485568,122360647,-780272653
-145392217,124035514,-779918870
-146842497,125421736,-779508780
-147993554,126928247,-778855318
-148711888,129016596,-778112143
-149836572,130239035,-777828475
-150560959,131631751,-777518142
-151552903,132985709,-777097889
-154060169,134648394,-775619294
-157814940,136135348,-772899449
-162011345,137555997,-770451921
-164039117,137913855,-769230687
-167438083,141022224,-767879342
-169086277,142555433,-766168226
-169674871,143045994,-765764405
-168393937,143556201,-766100854
#!,zero-counter: 47
-170336987,146183469,-763184457
-171316105,146781366,-762699258
-172707723,147841173,-761736822
-174007096,149563652,-759853479
-175336691,151901552,-756953660
-177716664,155076222,-753215831
-180904688,158225234,-749123566
-184961468,161300952,-745068171
-188891008,163353306,-741622242
-191720405,164613484,-739029575
-194440121,166126946,-737283261
-196370504,166454667,-736664252
-197790283,166604291,-736683765
-199004545,166702822,-737160422
-200980463,166583637,-738022424
-203833047,166305498,-738982759
-206979240,165869467,-739940160
-210100273,165183057,-740928572
-212883956,164139639,-741910239
-214113366,163090423,-742717537
-213326354,162229556,-743058567
-212520876,161255875,-743371858
-211026815,160546105,-743666572
-209833369,159844646,-743884324
-208686109,158642913,-744010920
-206854110,156957068,-744446910
-204064474,154471147,-745528688
-200499663,151467550,-747326905
-196144206,148373510,-749010051
-191186288,145399180,-751040068
-186041237,143258010,-753517637
-180005554,141902435,-756800400
-174504115,141663734,-759789067
-171399661,142423906,-761572444
-170217153,143663932,-762207659
-170211394,145274835,-762254546
-171233060,147350642,-761720712
-173386240,149398616,-761034457
-176338782,151419089,-759839595
-179599218,153944488,-758119279
-184075558,156243962,-755826771
-189859681,158040051,-753306354
-194650186,159551174,-750870033
-200971605,161027835,-748023283
-209558194,162204061,-744802039
-219910433,162662602,-740864062
-229775344,162556580,-736535014
-237758205,161302236,-732362259
-242775851,159707787,-729162194
-245065653,158751239,-727426346
-246046066,158244366,-726792080
-246102026,157296079,-727014401
-245781267,156451401,-726732131
-243688652,156032387,-726983609
-238650283,156094954,-728628983
-231699925,155203833,-731083391
-223596130,154102503,-733758563
-214734692,152427707,-737024515
-206759425,151772578,-740194762
-201369724,153400447,-742296815
-198106936,154339247,-743193056
-195730678,155604018,-743781023
-194006956,156749129,-744266719
-192546492,157421116,-744801993
#!,zero-counter: 63
-195317925,160356714,-745667287
-195586897,161567290,-745167142
-195923586,162783121,-744304347
-196296465,164198598,-742202712
-196132905,165816551,-738900093
-195565378,167721786,-735123647
-195666787,169630127,-731292131
-196604684,170966502,-727725019
-198591550,172280490,-724341256
-201241828,173486514,-721206187
-204309387,174871845,-718241490
-206376768,175507577,-716260992
-207656247,175936803,-715374436
-208664073,176160934,-715439465
-209676706,176149226,-716085168
-210622135,175965518,-716993852
-211421213,175534369,-718315212
-212243169,174905211,-719950145
-212863156,174289847,-721893321
-212949292,173451846,-724135363
-212517422,172316848,-726709696
-212070747,170989883,-729410952
-212138762,169731731,-731888379
-212455870,168617827,-734183229
-213374487,167874716,-736280145
-215130931,167439205,-737896011
-216487462,167138400,-737901303
-217452147,167937102,-737210421
-219212007,170234666,-735507811
-222046233,172450541,-733297887
-225906907,175352686,-730841677
-229784967,178555834,-728065302
-234002200,181373955,-725111120
-238592882,183559534,-722260331
-243010429,185115909,-719494886
-247080964,185910917,-716759793
-251677113,186398562,-714062577
-255190208,185595934,-712096616
-255530444,185025373,-711803841
-254788943,184524298,-712180810
-253568163,183085089,-712658452
-250720958,180125658,-714435846
-245527170,175955423,-717878183
-237871185,171695358,-722334524
-229534490,168214567,-726700267
-221402119,164979254,-730955258
-216782036,164266636,-732983976
-214061848,164640252,-733711701
-212053941,166031135,-733954966
-210639151,169397357,-733648974
-210657884,172854224,-733194804
-213093904,176622145,-731909708
-215317587,179242195,-730872292
-217069515,181368346,-729667088
-218617949,182832350,-729429230
-219736022,184472637,-729026071
-222348770,186950513,-727517420
-225487876,188671436,-725635929
-228194499,189500546,-724689096
-231123670,190324907,-723715332
-234580599,190489280,-721783317
-236772425,190278088,-720554040
-238458108,190400587,-720389241
-239979551,190006434,-719619663
-241877874,189578016,-718185283
#!,zero-counter: 121
-226306774,178655142,-721051741
-224798863,177990297,-721460423
-222321231,177684454,-721445327
-218175112,178114247,-719696462
-212594403,178989732,-715860603
-205948204,179789968,-710960575
-199381388,180303084,-705789021
-193747927,180303413,-700599091
-187607491,177577580,-696092228
-183077416,173043759,-691865363
-180906071,166746783,-687566319
-180269174,159999467,-682468824
-178084598,155212119,-675366693
-171882469,153676740,-665292466
-162168772,154703116,-653805149
-151833896,156938143,-643251952
-142040086,159427086,-635381098
-134464045,161040952,-630776590
-127531558,160593198,-629133056
-119819132,158212183,-629792529
-113204624,155060196,-630768683
-106470324,151961509,-632669573
-99413855,149342513,-634880622
-92437526,147234342,-637611296
-86265615,145539400,-641451053
-83215867,144294517,-646840195
-81370302,142961311,-653950082
-79253455,140881338,-663009253
-78398940,137587970,-674204204
-78761709,133286575,-686878899
-79930758,128948737,-700031904
-80935045,125651871,-712543889
-80242652,123339925,-723481868
-77482169,121640244,-732691880
-73376961,120301648,-740399387
-69413701,119230527,-747163656
-66358221,117799116,-754090681
-64621210,115700266,-761686212
-64685626,112606191,-770132139
-67204680,108147959,-779231277
-71432780,103293321,-788049105
-74285057,99680198,-795425785
-74301418,97668974,-800915313
-73232402,96468918,-804818611
-73151831,95205575,-807739696
-74670397,93642366,-810371947
-77584284,91797161,-812784589
-81496178,89674630,-814712226
-86242178,87606081,-816231465
-91413125,86048650,-817545668
-96682438,84857798,-818810251
-101659145,83823804,-820245154
-106452524,83397118,-821813331
-111215419,83269311,-823282039
-116303500,82985508,-824702300
-121876733,81816515,-826255072
-127424491,79936455,-827868193
-130672070,77649594,-829033503
-133101994,76144772,-829332527
-134209187,74299074,-829647002
-134676787,72937136,-829766373
-135331381,71793025,-829510704
-136002691,71068176,-829274679
-137819654,69985291,-829082133
-141091822,67403745,-829717081
-143982693,64092941,-830334958
-146321042,60792993,-830909678
-146379712,59257371,-831338681
-145350872,59963876,-831115491
-143965363,61717054,-831508261
-142227243,64131977,-833118566
-139558815,67820373,-835510186
-138358676,71683803,-836228050
-135755688,76128028,-837152283
-135420982,80238096,-837687258
-135387539,83808549,-837823165
-133969057,87866865,-837891952
-132848491,92587408,-837973950
-133850667,96255075,-837371138
-134901461,99066007,-835983061
-134604715,101908290,-834789439
-133528166,103069927,-834997316
-134040626,100989834,-836691222
-135804428,96711540,-838170835
-137920842,92924315,-838080342
-138884215,90004492,-837462880
-139181715,87588406,-836579817
-139414876,86315829,-835585688
-139364416,86107126,-834886248
-140116982,86183597,-834109142
-141332448,86321853,-833359071
-142157874,86896186,-832976898
-142823148,87208444,-832510461
-143068962,88070819,-831595203
-142904054,89683588,-830247603
-142651781,92410888,-827199879
-142923528,94193672,-825813958
-142183422,94382576,-825225780
-142517922,96805784,-821508928
-141900091,99380437,-817988261
-141818316,100190864,-816949592
-141869341,100121770,-816391989
#!,zero-counter: 73
-141609738,103370060,-812418226
-141220217,104236494,-812303045
-142165074,105510037,-810658083
-142533131,106330880,-808634698
-141998024,107428278,-806898227
-141162160,108860405,-805597070
-140372366,110410362,-804205837
-139845990,112075370,-802731510
-139430785,113797238,-801404421
-139203249,115712403,-800109130
-139191011,117676518,-798578990
-139533070,119650220,-796768739
-140252770,121735346,-794685470
-141220666,124044891,-792509032
-142365079,126332138,-790490428
-143241915,128134705,-788870756
-144132937,129681703,-787720458
-145052227,130564045,-787237595
-146268809,130858669,-787275964
-147835336,130717949,-787803750
-150202372,130143190,-788590644
-153396645,129355098,-789619242
-157474596,128394571,-790865119
-162239265,127005718,-792388968
-164441078,124806132,-793377275
-166929257,124151377,-793196877
-167871987,122372671,-793500525
-167402043,121328301,-794118473
-166818430,120373215,-794133780
-166201392,117847683,-795240335
-164658483,116601692,-796837814
-162055891,116198051,-798412185
-158310273,116357073,-800477585
-154343514,116978209,-802336826
-150739321,117749925,-804053495
-148003311,118567002,-805391323
-146533804,119547013,-806119237
-145995205,121141658,-806261969
-146580030,123160494,-805806842
-147411256,124360707,-805165444
-148180452,125151180,-804507348
-149883674,126325854,-803193280
-151138797,126571444,-801665790
-154081899,126747870,-798676100
-156932964,127740397,-795787229
-158041814,128085413,-794644439
-159053819,128561554,-793953627
-160026257,128968063,-792178539
-160164068,129246669,-791102738
-158760926,129325546,-790483828
-156117111,130645355,-790618010
-153967711,131757780,-791500240
-152091122,132442523,-792704079
-148952210,133978533,-794404189
-145763563,135869328,-796473911
-143662022,137611304,-798557723
-141725436,138900467,-800513171
-139389841,140748982,-802044901
-137513266,141790904,-803006836
-135528629,142151653,-804044723
-134444049,142726892,-804747153
-133837631,142480596,-805689544
-133436992,141382424,-807676153
-132881967,139957386,-809930563
-132399799,138518362,-811470375
-132420654,137547103,-812511789
-133289118,134643680,-813322645
-133896256,133740171,-812821113
-134612058,134633346,-812658230
-135264507,134950730,-812700878
#!,zero-counter: 44
-141509510,137737949,-808518487
-141885760,139055112,-807933429
-142348456,140318611,-806389350
-142210300,141650136,-802931368
-141469147,143765531,-798097532
-141297909,146474686,-792376409
-142574383,149547172,-786130153
-145212738,152604588,-779615021
-148618258,155445669,-773424864
-152698804,158020554,-767639255
-157209135,160033853,-762330428
-161894512,161545134,-757669336
-166199500,162308846,-753943579
-170233545,162640382,-751432304
-174089477,162692692,-750104802
-177730368,162513788,-749454672
-181361413,162157345,-748819577
-184903222,161876124,-747872668
-187759976,161677270,-746825078
-189961658,161495479,-745876717
-191708235,161199707,-745123708
-193028746,160955926,-744594264
-193790932,160709294,-744311250
-195346939,159229311,-744651396
-196080453,158681882,-744834555
-197013550,158382424,-745067187
-198138839,158127435,-745126175
-199346117,157925507,-745173364
-200637633,157778240,-745148940
-202072305,157752247,-745056975
-203257688,157718554,-745085574
-204433557,157628128,-745121766
-205601296,157454678,-745330895
-206621107,157233392,-745704405
-207515640,156877605,-746205212
-208442036,156377460,-746718741
-209472620,155844843,-747112287
-210374597,155219489,-747477173
-211025842,154704109,-747843947
-211525248,154201594,-748348296
-212084131,153746347,-748783969
-212798282,153349501,-749231383
-213499611,152848536,-749827115
-214250944,152431006,-750640343
-215379121,151939207,-751338115
-216708553,151288305,-752141751
-218195983,150488716,-753002792
-219429853,149614267,-753814623
-220311559,148755499,-754338952
-220020082,147705699,-754759592
-219454494,146787616,-755208049
-218825857,146020499,-755487778
-218699314,145185776,-755513523
-218582468,144260857,-755367666
-216974435,143227101,-755764571
-211891497,142276538,-757852927
-205372842,142134044,-760765443
-198327484,141952254,-764952730
-193497672,142144141,-767869785
-187652373,142763761,-771663376
-183280450,144291879,-775222279
-182839968,145042464,-775962232
-182803927,145667199,-775579568
-182347737,146392735,-775754354
-182056473,146955857,-776198871
-181968633,147287977,-776814001
-183284777,147379005,-776592314
-184931265,146871092,-775801221
-187910017,146862359,-774101051
-192221193,146886639,-771020771
-200035236,146817125,-766065678
-204912211,146762609,-762517155
-206876977,147023245,-761977484
-207942634,147236041,-762387050
-208740782,146996862,-761987717
-209243125,146810157,-761356228
-209451078,146554430,-760510832
-208530995,146286477,-759803651
-204841650,146682116,-760403615
-201114182,147618664,-761948737
-198697315,147932978,-763269015
-197102001,148821224,-764453980
-196289825,149120276,-764883091
-194620958,149906625,-765282241
-191959965,152082101,-767276908
-192348351,152942688,-767419170
#!,zero-counter: 67
-198745438,157808328,-765477222
-200002456,158721291,-764047133
-201764237,160010607,-761684053
-203264746,161158378,-759429455
-204672469,162332389,-757119348
-206557745,163886853,-754327604
-208653125,165600812,-751173342
-211226537,167410672,-748090757
-214350914,169067416,-745420790
-217157388,170221239,-743717324
-219702816,170840041,-742888347
-222093608,170876192,-742817446
-224399474,170477328,-743269209
-227153574,169664488,-744049554
-230415302,168668092,-745065197
-233139487,167690382,-745880223
-233488933,166794930,-746212479
-233375615,165804547,-746637884
-232416634,163879675,-746527257
-229822968,163304975,-747588949
-225413001,163277845,-749815243
-220637306,163405632,-752462305
-217119516,164081942,-754570451
-214426912,164513271,-755708381
-212346430,164874008,-756495508
-210571223,165252734,-757354890
-208989214,166089481,-758142297
-208038727,167012697,-758402520
-208576629,169590897,-758597828
-209368808,170196139,-758588490
-210880509,171171097,-757944166
-213052069,172490820,-756490312
-217321579,174729247,-753548876
-220636081,175932764,-751300055
-222696354,177289532,-750563536
-223225490,177705582,-750480599
-223602196,178738230,-749842470
-225664223,179431900,-748315230
-228634757,179523534,-746555547
-232744531,179589111,-744829124
-236577891,178750255,-743402670
-239936993,178033539,-742009564
-242870183,177432773,-740858415
-245829286,176676401,-739931637
-247277150,175698802,-739126081
-247856625,174304109,-738675368
-247469285,172707731,-738822750
-245991902,171216645,-739303302
-244516679,169958745,-739783607
-243307978,168482469,-740269698
-241953766,167073322,-740824588
-240900810,165433966,-741537540
-239639389,164079016,-742022537
-238639890,163269264,-742276761
-238219115,162629899,-742433826
-237757014,161872214,-742653715
-237267455,161313861,-742963386
-236560362,160713465,-743274229
-235014258,160350969,-744242988
-234389316,160880924,-744678351
#!,zero-counter: 11
-238108648,164620586,-743177306
#!,zero-counter: 71
-246149496,169280829,-740460571
-246190067,170359003,-739994689
-246606502,171791874,-738959215
-246145104,173537131,-736654814
-245033982,176375485,-733144608
-243554934,179822472,-729135585
-243222005,184536201,-724549876
-243085963,188845572,-720292965
-243562498,192747589,-716669650
-244693876,196014676,-713741824
-246349316,198644293,-711406418
-248188077,200771994,-709581430
-250066906,202422187,-708321428
-252222227,203582686,-707585070
-254438502,204280608,-707648077
-256423448,204735733,-708347218
-258329391,204638792,-709620813
-260573351,204054626,-711227507
-263112617,203182373,-712909541
-266018569,202249052,-714543537
-269319295,201230428,-716139165
-272742282,200225420,-717636965
-275878391,199221087,-719094819
-278858628,198296286,-720414122
-281243382,197437323,-721424476
-282455080,196786213,-721874985
-282093638,195840166,-721986425
-281373414,195495850,-721924216
-280746291,195247075,-721736698
-279956386,195009855,-721696430
-278915184,194884998,-721854533
-277890904,194794266,-721874646
-275654016,194585555,-722389262
-272052814,194603224,-723453368
-268723344,194727010,-724455767
-264914859,194760510,-725800974
-259970299,194385837,-727596590
-252101006,193905150,-730911687
-245173777,195602265,-734133706
-238636659,195777307,-737564429
-234858909,196480540,-739416891
-231087958,196126472,-741408012
-228176970,196046153,-743565519
-226433780,195808163,-745449873
-225099560,195172413,-746941271
-224643445,194938863,-747775172
-225183997,193770632,-748567215
-226964358,192396665,-748318612
-230612066,191036195,-746933384
-234588401,190338179,-744574633
-239000036,191269455,-741912321
-244562439,193514651,-738876712
-252037671,196834066,-734639298
-259605350,200219759,-730216258
-268758230,205055493,-725245983
-277652254,209652168,-720329202
-284500758,213230972,-716921352
-289889108,216454619,-714181370
-294329628,219331570,-711474395
-298473379,221964034,-708646769
-300149959,222687467,-707499509
-301304953,223351299,-706852077
-302473944,223332616,-705784444
-304421873,222737824,-704502370
-304886577,221132170,-704053290
-303777157,218515410,-704484266
-301487053,215451931,-705819533
-298159493,212002521,-707753491
-294607137,208332516,-709866293
-290615419,203995182,-712086783
-287249590,200581655,-714034424
-284108636,197764363,-715400942
-281611854,195867841,-716152157
-280041488,195007645,-716702374
-278930131,194147442,-717055721
-276362126,193491830,-718272985
-273528122,193174891,-719610836
-270775829,192788743,-720810806
-268269755,192336792,-721835183
-266713908,192197850,-722244110
-268134140,192976529,-722520782
-268777397,193249361,-722393888
#!,zero-counter: 58
-272691348,196189215,-718254711
-272576585,195873676,-717210246
-273029655,195291740,-715849510
-273739180,194739329,-714023446
-273953689,193977908,-712002153
-274079898,193309314,-709858888
-274067977,192915058,-707785332
-273900736,192448228,-705734471
-274107561,192384893,-703694129
-273436244,193194342,-701352759
-272260020,193371442,-699788429
-271928077,192415601,-699257721
-271311628,190924731,-699427969
-269666070,189825500,-699560196
-267697623,190264331,-698945653
-264707164,191009616,-698846404
-261232049,192261257,-699533157
-258086335,193513820,-700535617
-255993760,194795786,-701383712
-254481093,195959942,-702634063
-253001453,196883505,-704599583
-251791238,197560819,-707061545
-251019177,198014050,-709573891
-250509058,198051487,-712070412
-250344524,197681877,-714950520
-250171902,196988465,-718366750
-250158903,195895842,-722078793
-250609874,194627260,-725461082
-250891378,193533596,-727940302
-250419770,192691248,-729633898
-249560523,191923681,-730829426
-248322239,190783077,-731953997
-246982239,189539904,-732867593
-245785069,188422601,-733323047
-244797963,187329682,-733537206
-244124738,186214699,-733681296
-243708529,185093951,-733877769
-243248837,184062373,-734263528
-242685477,182950755,-734969696
-242452942,181834019,-736035360
-243069606,180384869,-737283700
-244557320,178603069,-738867304
-246833450,176687783,-740752592
-250123146,174689575,-742703084
-254068041,172355282,-744640675
-254108726,168875667,-745859906
-254530052,166507253,-746579899
-255013403,165215435,-746643120
-256053324,164459427,-746114164
-254752533,164677822,-746289012
-248513746,166229255,-750008345
-243034164,169537377,-753981304
-238575594,171862256,-757874326
-236689764,174145117,-760025630
-234588106,176816775,-761341938
-232620802,179147681,-762397405
-231310639,180804907,-762975933
-230837157,181865147,-763007127
-230323173,182683519,-762781407
-229444093,183464081,-762893689
-228822208,183971159,-763283512
-229877156,184054918,-762955728
-233819767,183707926,-760805769
-239091170,183962078,-757269293
-245220727,183686534,-752290899
-253103360,183909819,-746824488
-258805946,184593905,-742898650
-260684377,185023963,-742017166
-261720443,184931669,-742161131
-263301332,184874221,-741884999
-264741984,185168483,-740792524
-263683632,185303279,-740828118
-260645836,186089102,-743278249
-255610501,186602765,-746865779
-251599153,186922396,-749262745
-247636599,187196890,-752391899
-244454870,186624017,-755106352
-242719264,186318562,-756153449
-243910575,187692876,-756353914
-245347559,189036589,-754979025
-246686580,190876956,-753444177
-248223278,192903610,-752049584
-250086059,194698571,-750566942
-251188781,196547356,-748922454
-251569054,198102471,-747709460
-252172840,199220157,-747204199
-250966898,200385384,-746962028
-250158864,201073394,-746571542
-247360167,201561510,-746179504
-246664687,201230266,-746336227
-246130963,200861552,-746532422
#!,zero-counter: 65
-249841490,204681973,-742312854
-249715871,205509152,-741190958
-249306855,206421901,-738965177
-248415652,207443171,-736594403
-247838911,208704602,-734515596
-247558575,209727936,-732649972
-248030323,210852820,-730854891
-248962229,211821931,-729155672
-250018569,212544648,-727477300
-251013438,213210652,-725917829
-251868997,213920796,-724388386
-252952022,214623969,-722795753
-254353221,215209431,-721043633
-255561555,215620246,-719581092
-256452385,215951391,-718743225
-257893686,216068519,-718666014
-258398091,215779686,-719288159
-258938917,215330805,-720056270
-259566604,214744562,-720958431
-260086503,214136688,-722020789
-260448249,213492320,-723193437
-260500858,212872583,-724653522
-259777698,212126361,-726592503
-258297388,210984726,-729130186
-256777933,209789146,-732014015
-255843045,208710473,-734765686
-256052855,207830376,-737062533
-257239306,206983111,-738645220
-257817335,206152361,-738793467
-260167673,206597791,-738157797
-264726332,208656965,-734977859
-270857233,211234393,-730856381
-276975290,213625173,-727217092
-283755938,216188921,-723385762
-290382235,218253284,-719271879
-299698926,221022601,-713829516
-309528490,223049256,-708262677
-317218985,224126651,-703863311
-321117166,224159476,-701508115
-323431961,223622486,-700374751
-325775014,222870296,-699064259
-326740424,221346831,-698219732
-325867777,219587052,-698464099
-324031819,217640830,-699309200
-321666857,215664857,-700437590
-319004112,213803443,-701628027
-315530961,212064653,-703264660
-310444150,210783459,-705653846
-304809247,209825895,-708691094
-299074326,209550936,-711874607
-294192706,209470379,-714358915
-288173390,209748450,-717429633
-281614312,211261889,-721090675
-278354774,212280202,-723088764
-275124110,213613550,-724532236
-273083364,215581490,-725341392
-272866428,216375957,-725306902
#!,zero-counter: 82
-275720949,220629816,-723865659
-275489952,221601723,-723619668
-275162701,222692348,-723213583
-274819126,223659774,-722263960
-274767025,224674130,-720695708
-274959315,225841686,-718916673
-275348897,227047076,-717256741
-276309690,228289778,-715386582
-277714370,229561091,-713304845
-279456364,230948788,-710905245
-281500278,232277028,-708386836
-283766389,233542983,-705813192
-286277912,234814329,-703177000
-289149568,236081288,-700713601
-292313474,237231927,-698516793
-295436580,238071482,-696931733
-298418200,238588532,-696016633
-301404563,238853959,-695529944
-304151289,238744109,-695397505
-306341479,238043553,-695743379
-308822527,237062593,-696163640
-311660534,236022281,-696521650
-314773226,234917317,-696609076
-317935912,233900004,-696722631
-320759241,233148729,-696867574
-322562612,232795977,-697061096
-324012510,232615891,-697363915
-322573374,232380746,-697595765
-319129767,232265719,-698916414
-315394868,232114673,-700512757
-310714220,231320177,-702684864
-304015894,231035624,-706326265
-298553488,231412480,-709731717
-296277381,232061100,-711073142
-295931559,232561917,-711255176
-295454411,233549765,-711445698
-295593269,234356023,-711174099
-295753989,235278691,-711195176
-296355905,235973277,-711324445
-298960332,236518270,-710370320
-304089149,237040481,-707800680
-309301504,238346839,-705054653
-313893527,239498571,-702724104
-318599877,240531621,-700299303
-323531766,240873641,-697611852
-328612678,241916102,-694873247
-329564226,241730389,-694178718
-330058327,241038753,-694337041
-329219292,240275748,-693788225
-325231240,239753222,-695115602
-319812401,239879403,-697359646
-316389507,239673842,-699487788
-314947922,240199449,-700288259
-314201815,242203435,-699725073
-315150994,243405385,-700455535
-317586466,244079649,-699526021
-321208162,244647782,-696957445
-326052804,245615446,-693861965
-331057822,246592798,-690946577
-333972516,247055005,-689294133
-336674136,247687431,-687900383
-338441085,247801980,-686880303
-339322582,247860434,-686589473
-339153906,247959681,-685576992
-337134487,248609929,-685759027
-333430619,250089004,-687505163
-331210772,250965449,-688602857
-329925629,251272078,-689280803
-327427891,251711257,-690371048
-324682951,252961511,-691415881
-323026820,253784059,-692011203
-321794840,254420226,-692750081
-320658698,254111681,-693196095
#!,zero-counter: 58
-317797434,251922961,-695596838
-316059445,252416509,-696012902
-312476316,253852468,-696112208
-307059763,255597230,-695457334
-301011101,257525299,-693730921
-294194190,258730338,-691453547
-287135460,259441887,-688911243
-279516614,259779755,-686665490
-272321797,260056885,-684754187
-266334558,259977678,-683194181
-262114661,259605027,-682215115
-259649594,258864223,-681993308
-258540887,257666273,-682446023
-257836828,255837659,-683584251
-257113051,253627856,-685272958
-255895329,251803538,-686578755
-253702225,251108328,-686618137
-250208086,250911009,-685727375
-246400947,250295276,-685691951
-243696249,249781809,-686626372
-241746330,249550880,-688088937
-240389867,249647843,-689911077
-239602579,249788619,-692189847
-239340875,249705591,-694996611
-239075276,249161621,-698378366
-238734783,248082440,-702269267
-238320835,246288659,-706616593
-237986295,243546635,-711464767
-238129335,240298725,-716587764
-238399147,236785081,-721596666
-238680367,233677564,-726199115
-238795130,231354272,-729831975
-238266996,229695426,-732435964
-236904862,228381199,-734123417
-235238082,227480113,-735217378
-233672366,226888792,-735963940
-232658462,226240670,-736508570
-232424664,225284919,-737007012
-232816842,224062315,-737799843
-233618820,222658361,-739131894
-234638249,221158043,-740981127
-235709565,219671865,-743531763
-236850933,218083378,-746727623
-238451376,216352929,-750223022
-240853023,214477032,-753450546
-243752064,212440476,-756146030
-246529707,210230724,-758373141
-249080584,208098738,-760009889
-251923239,205986269,-760809926
-255063825,203696298,-761110596
-258028999,201439059,-761416707
-260270971,199381684,-761794890
-260874956,198046510,-762133513
-261614904,197040333,-762117716
-261457300,196823884,-762201491
-258747897,198051665,-764264618
-255452942,199957856,-767251940
-253695810,201953883,-769363466
-252325465,203719719,-770719892
-252397001,205153639,-771099498
-252639766,206207619,-771087879
-252366654,207062088,-770565244
-251729005,207302760,-771038117
-253671686,205884224,-769900261
-255461466,204606603,-767705821
-258586497,204685053,-764268081
-263113394,204519541,-759421279
-268417205,204069304,-753862632
-272654890,204197081,-749486784
-274460451,204259108,-747744970
-275631324,204197297,-747197666
-276835077,203771750,-746695501
-277581191,203466437,-745947670
-276332500,203838801,-745395032
-272541576,204607583,-746502524
-270079565,205386142,-748696528
-268856472,206081409,-749793309
-266928743,207499582,-751236557
-264582609,208817226,-753288715
-264321554,209305803,-753863882
#!,zero-counter: 63
-268575803,215028305,-749471223
-269881822,216281575,-747447516
-270883462,217852270,-745394754
-271399310,218963312,-744108572
-271658673,220074472,-743109431
-271650693,221238950,-741699093
-271809327,222338687,-739597976
-272069356,223527205,-737165629
-272610050,224943028,-734498924
-273631008,226931194,-731238659
-274438667,229276341,-727664861
-274670791,231485231,-724316331
-274004161,233271586,-721912367
-272929412,234680359,-720430912
-272244487,235801640,-719424718
-272220079,236655278,-718402737
-272632080,237261504,-717433272
-273774523,237708107,-716379520
-275630403,237990863,-715208499
-278104821,238307725,-713941336
-281059964,238586667,-712638623
-284578701,238934546,-711396389
-288247494,239177014,-710495905
-291328333,238894517,-710300470
-293860868,238145845,-710983362
-296438519,236945658,-711991574
-299103328,235300131,-713062377
-301753268,233347291,-714313592
-304237387,231280857,-715500292
-305661617,229459120,-716347043
-305565776,227716963,-717162768
-304756576,226471467,-717596752
-303728427,225391296,-717987117
-302005041,224487628,-719226361
-298459698,223732908,-722063016
-293952214,223740417,-725727674
-290319088,223823757,-728531292
-287681368,224331352,-730528848
-285399230,225073848,-732476333
-284058813,225690857,-733277786
-282927017,227120459,-733680579
-282890410,228680160,-733709141
-283215480,229991383,-733385251
-283134557,232535733,-732684042
-284232279,235471152,-730984149
-286904718,237798869,-729098917
-289966696,239627029,-727394001
-293571984,240747570,-724657911
-299374536,241162809,-720896066
-304416684,240820960,-718280262
-308434268,240397306,-716951645
-310427136,238750995,-716727452
-311837133,237208908,-717212890
-313062205,235075983,-717717257
-312835074,232773361,-718589421
-310888702,230420764,-720170768
-308450809,228968032,-721557194
-305889618,227950967,-722657555
-303759854,227579884,-723728095
-302677122,227846066,-724262185
-301912084,228254919,-724601904
-301453394,229102021,-724719699
-302075674,230285458,-724274703
-303986396,231623664,-723429911
-306838887,232710375,-721472305
-311117477,234919942,-718131403
-315648876,238011022,-714646350
-319254640,240594405,-711249641
-322963879,242695210,-708167075
-326620349,245003590,-705222984
-329722018,247128201,-702666260
-330612473,247810427,-701856197
-330760390,248786938,-701559274
-330839570,249821190,-700863121
-331754473,250463462,-699752389
-335443699,250941945,-697406491
-336508471,251049606,-696526781
-336165876,249795759,-696859460
-335417288,248901304,-697138755
-334547203,248107316,-697546447
-333736531,247353870,-697927273
-332789083,246628658,-698426656
-332074189,246259005,-698996085
#!,zero-counter: 67
-334444389,248303742,-697951297
-333903700,249017237,-698018655
-333197544,250710142,-697282943
-333035196,252395266,-695862840
-331821883,254661297,-694064300
-330143307,257851034,-691944421
-328656431,261818435,-689368078
-327442335,265445513,-686497373
-326745394,268415639,-683862299
-326260500,270426852,-681848309
-326320817,271389441,-680349651
-326799643,271849418,-679279041
-327539188,272097500,-678567731
-328603679,272127536,-678365887
-329900775,271897251,-678638976
-331165887,271331909,-679225482
-332412751,270706982,-680116031
-333840907,269786163,-681008062
-335285850,268730201,-682009178
-336607815,267749052,-683064839
-338041748,266819006,-684054805
-339553041,266010519,-684843263
-341105068,265389541,-685522079
-342648852,264815553,-686236409
-344121111,264189940,-686954961
-345524708,263514286,-687731988
-346916884,262724603,-688713533
-348270687,261800163,-689967616
-349275383,260847472,-691097699
-349291590,260032096,-691559895
-347794357,259158408,-692311301
-344212497,258681405,-694118378
-339496320,258408171,-696654794
-334735145,258134953,-699377398
-329367882,257531564,-702500403
-323458768,256980367,-706206469
-317477747,256246024,-710299130
-311931154,255557009,-714161738
-307715130,255629203,-717220398
-305053844,255784877,-718795132
-304189450,256069158,-719232731
-304922976,257097927,-718962192
-308226761,256940968,-717278648
-313342837,257133459,-713815552
-319970296,257342502,-709232406
-327207166,257389334,-703950299
-335541072,257457281,-697855856
-343606999,258118732,-691936609
-350144181,259086499,-687296603
-355566567,260607149,-684045324
-360076641,262615015,-681780392
-363914649,264996225,-679499464
-365241498,267001116,-678224338
-364625318,268815209,-678418052
-363894882,270461753,-678993638
-361951654,271321182,-680055099
-358780718,272262342,-681581875
-354368967,272015400,-684175214
-348823568,270459288,-687808215
-344983988,269753559,-691029557
-342111188,268276154,-693327451
-339540952,266444615,-695669120
-337139351,264599690,-698080917
-335861317,262978933,-699490393
-335345729,262000942,-700013522
-337257622,261211449,-699541774
-338232310,261264296,-699112205
-339106692,261474585,-698608526
-339968938,261802990,-697869941
#!,zero-counter: 63
-346017400,266870573,-692268550
-344283094,267748057,-691588935
-341697825,268901162,-690283726
-338896969,269959398,-688894294
-336212298,271021243,-687573455
-333998536,271871831,-686149702
-332420271,272730622,-684460515
-331118033,273458672,-682129398
-329901214,274235795,-679069465
-328647388,274997951,-675706666
-327620027,275866675,-672405617
-325901731,276478131,-669742658
-323844671,276993017,-667726086
-322049786,277382272,-666262115
-320264979,277613331,-665408359
-317878211,278188481,-664865136
-314554864,278603726,-664915370
-311721996,278971415,-665243264
-308584975,280300245,-664667699
-303885070,281680798,-663861649
-299260891,282478953,-663886249
-294628683,282161767,-665269851
-289939659,281430148,-667635163
-285657596,280267943,-670456106
-282222104,278811269,-673650528
-279147976,277279696,-677168664
-276203886,275865553,-680874097
-273422299,274675076,-684534047
-270982535,273742777,-688039702
-269009244,272861389,-691393350
-267402272,272008386,-694644964
-266091483,271176491,-698052799
-264887836,270237070,-701927733
-263614897,268919571,-706592712
-262489088,267114584,-712223893
-261691445,264803239,-718670511
-261359977,261869702,-725467021
-261685941,258501640,-731917720
-262573288,254821954,-737604816
-263760776,250882512,-742600566
-265395830,247247508,-746470148
-265914864,244839420,-749396761
-264549463,243825340,-751758131
-261990052,243641624,-753940074
-259238144,243733506,-756180899
-257064176,243766158,-758414939
-255548283,243318485,-760815783
-254730916,242531856,-763304079
-254711260,241279891,-765585476
-255597561,239704090,-767351336
-257173267,237974702,-768654332
-259164907,236321754,-769697492
-261070334,234795143,-770995882
-263059651,233251630,-772511769
-265496148,231541271,-773957692
-268142282,229535236,-774965366
-271006865,227411239,-775431883
-274039967,225307017,-775553801
-276913705,223305602,-775645642
-279405298,221619061,-776027319
-281527421,220022211,-776826026
-283477808,218355943,-778064745
-285564642,216522236,-779424284
-287925762,214833481,-780595504
-290442267,213249952,-781583484
-293168249,211424743,-782495441
-295536759,209392461,-783321229
-296355570,207250442,-784223632
-296769551,205507104,-784727434
-296820616,204170774,-785032281
-297036085,202954120,-785422257
-297237721,201899016,-785973642
-297436218,201321428,-786429961
-297535000,200954505,-787323453
-297603399,200117250,-788920502
-297787755,199441554,-790427632
-298688146,199774261,-790660475
-299552116,200471387,-790581634
-299701662,201456923,-791825159
-298832409,202676303,-794056007
-297402533,204216511,-796629433
-297311602,205837274,-797090952
-297824997,206806968,-796690075
-298674600,207137222,-796241826
-298048562,207883530,-795442714
-297814327,209056956,-793168015
-298908693,211414673,-788479104
-301029865,213250714,-783782609
-302873783,213170104,-780810601
-302803305,212945856,-780095362
-302924530,212544696,-779211497
-302450432,212891004,-778406381
-302068111,213564357,-777914115
-299970583,214697360,-778841815
-296971480,216338953,-781171263
-293364883,218781506,-783188244
-291724108,219411238,-785265560
-287995185,222208238,-787459156
-285946383,224820621,-788446692
-284093339,227519131,-789195552
-282614609,230399326,-789432407
-281149975,232575934,-789465765
-279894274,234522373,-789446681
-279517511,235873577,-789161268
-279377712,236763685,-788909803
-279251817,237647663,-788650254
-279492361,238404799,-788269949
-280494551,239091258,-787033459
-282392834,239589594,-784693690
-285322452,239420000,-782062943
-287461523,238426350,-780307448
-288155272,237603465,-780314330
-289716337,236493920,-780475037
-292150712,234440417,-780451517
-294482186,232487993,-780618841
-296725144,229798588,-781294237
-298157157,226766674,-782052775
-298538560,225677401,-781836911
-297236350,224702734,-783445972
-296609870,224984294,-784455837
-296363303,225393663,-784685297
-295736143,226190618,-784696534
#!,zero-counter: 52
-296917120,225558398,-781283960
-296737863,226393482,-780773367
-297120808,226951856,-779375347
-297580092,227907485,-776980436
-297238288,229382828,-774317318
-296816050,231022508,-771234376
-297272633,232781003,-767249165
-298058580,234453992,-762853805
-299271730,236176457,-758312769
-301142690,237342950,-753705784
-303291792,238096724,-749689344
-305022832,238203151,-747288951
-306333274,237687902,-746501887
-307561442,236872761,-746675247
-308917883,235830868,-747245879
-310650601,234394572,-747940792
-312681931,232736351,-748772119
-314872651,230888355,-749588285
-316340917,228948581,-750264645
-316776965,227554548,-750447509
-317407502,225525572,-749529240
-317883040,223962046,-748884034
-318511157,222942841,-749198812
-320120935,222066747,-749054533
-321648288,221790651,-748475975
-322225045,222169194,-747791536
-321262793,223872281,-747708760
-317678683,225687829,-749699083
-315238130,227875985,-751881816
-313503654,229721328,-753777160
-311360377,231630683,-756014625
-311213956,233237082,-756279291
-310056534,234475013,-756246179
-309023156,234837326,-756604268
-308404466,234730610,-757189710
-309547042,232718408,-756826009
-311206972,231110253,-755389221
-313878900,229273170,-752751710
-317099163,228312442,-748964300
-318782837,227637618,-745788449
-322116649,227671691,-741111302
-324280432,227601819,-737901070
-326405976,228367119,-736024331
-328250484,228818614,-734661486
-329294962,228907214,-733988320
-329332032,229252507,-733400176
-328748154,230089412,-732852588
-328104284,231109476,-732618587
#!,zero-counter: 12
-326476343,232969780,-733521836
#!,zero-counter: 127
-329099423,239446494,-734154158
-328958516,240775467,-733154488
-328502511,242657812,-730844701
-328493989,245325629,-727446061
-328587639,248201566,-723853011
-329605729,252046063,-719921406
-331008339,256109198,-716021676
-332485437,259790796,-712688503
-334017481,262820898,-710012848
-336156282,264961273,-708133699
-339044308,266164248,-706822919
-342504851,266584996,-705856270
-346424022,266246922,-705240800
-350877463,265253807,-704802919
-355546950,263661532,-704822704
-360216002,261849788,-705371589
-362180788,260295736,-705991327
-362813522,258662956,-706645098
-362145235,256828465,-707404590
-360887850,255186824,-708271794
-358851838,253623185,-710192701
-356228474,252198246,-712180326
-352182456,250766746,-715162554
-348273074,249891837,-717854947
-344875950,249425337,-719534190
-342494727,249749809,-720268480
-341650553,250510652,-720199985
-341586841,252052586,-719881225
-341573660,253418857,-719427758
-341716979,255165064,-719012554
-342512529,256602337,-718437968
-341704807,258279860,-718588894
-341098961,260059483,-719528116
-340110456,261804524,-720700554
-339715744,262840670,-721153189
-339117706,263748319,-721718850
-337578926,264363368,-722471404
-336526395,264137613,-724197281
-335668848,263372613,-725682448
-334848447,262415387,-726682458
-334157686,261094714,-727998916
-333150607,260062054,-728998681
-332127529,259474433,-729718764
-331381167,258667150,-730412446
-330782438,258037333,-730945763
-330298891,257659314,-731163324
#!,zero-counter: 83
-336721660,260834691,-727256593
-335526029,262293385,-725064740
-333824880,264902873,-721877925
-332959540,268186633,-717659074
-333383104,271735799,-712837349
-335094420,275218908,-707936376
-337947112,278316018,-703185094
-341817477,280767731,-698464121
-346364250,282807479,-694032414
-351547296,284472512,-689981476
-357359991,285750778,-686104271
-363431688,286644199,-682742842
-369807081,286987594,-680094658
-376004478,286315169,-678435595
-381674548,285016626,-677583947
-386612864,283279484,-677523587
-390942185,281165847,-678264214
-394056141,278830926,-679789781
-395141729,276962297,-680663497
-395498348,275085807,-681118676
-395044808,273965514,-681501773
-393090394,273148357,-681963158
-389613869,272490139,-683633483
-383788661,271632450,-687154692
-377900233,270458404,-691490002
-371824782,269355445,-696568363
-366525183,269470210,-700425365
-362717721,270146859,-703036629
-359052237,271291057,-705800015
-355440826,272885490,-708691357
-353819221,274283338,-710036896
-352647853,275196776,-710922074
-351983836,276262522,-711502314
-351575351,277296700,-711884189
-351372001,277720587,-712264435
-352404023,278751704,-711317906
-355060237,280409462,-708299359
-358260777,281504057,-705063753
-361451675,282638415,-702590984
-363311824,283370780,-701093475
-365826982,283946119,-698973222
-368548908,284361790,-696724223
-371021158,283825305,-695142159
-373297757,282856543,-693652396
-374535620,281095800,-693482437
-373328407,279037575,-694735318
-372030162,275910137,-697063291
-369886189,272900352,-699986740
-366183059,270172941,-703732035
-363184909,269427928,-706024852
-360696060,268318097,-708144508
-358950339,268029567,-709952512
-359530053,266393756,-710744063
-360920973,265752400,-709971627
-362119076,265607392,-709270202
-362865704,266099434,-709048160
-363872983,266202068,-708785448
-364665925,266380280,-708481716
-365433539,266961099,-707765832
-366241655,267812725,-706659987
-367385120,268630548,-706009663
-369168077,270227895,-704480792
-371643274,272225570,-701043775
-375147779,274744657,-697748450
-378280545,276856247,-695991495
-380733481,278472597,-693699095
-382926221,280039687,-690594555
-384138293,281018687,-689343742
-383558578,282084531,-689064411
-383189848,282750771,-689045592
-383439561,283832551,-688688400
-385142219,284371850,-687204159
-386147798,284491459,-686062367
#!,zero-counter: 89
-386758135,284145926,-685051461
-386201123,284950443,-685009803
-385542849,285936937,-684534327
-384489672,287411963,-683367692
-383239922,289020792,-681515291
-382289814,290674647,-679526917
-381398656,291997828,-677915212
-381069457,293067269,-676426049
-381650854,293773686,-674826806
-382852512,294163917,-673236007
-384238859,294271554,-672042600
-385920670,294295858,-670996886
-387586764,294214004,-670213556
-389547839,294115383,-669755322
-391856904,293819717,-669717401
-394119980,293203714,-670031921
-396246855,292379618,-670835434
-398661636,291324331,-671949193
-401511047,290056597,-673147130
-404069677,289153571,-673606681
-404838303,288528783,-673782028
-404304085,288189115,-674149473
-402402491,288292103,-674928883
-399739512,288773031,-676385742
-396865536,289171383,-678185108
-393678900,289241729,-680057030
-390015026,289970022,-682516491
-387273719,290676713,-684394163
-386238371,291590255,-685340269
-385749334,292638624,-685834664
-386109873,293347609,-685794943
-386824645,295698174,-685516509
-387100218,296270259,-685523881
-387662690,297205405,-685209512
-389574029,298812977,-683358401
-393507649,300306995,-679745458
-399440094,301021317,-675494774
-405435956,301881939,-671736256
-410544113,302799060,-668227976
-415125490,302672688,-665053302
-416149733,302431526,-664145009
-415708665,301122212,-664434892
-414883325,301042077,-664652264
-413623735,300759373,-665192944
-412020101,301011655,-666059770
-411257898,301770266,-666258259
-410406918,302158507,-666350785
-406610872,303330922,-668619167
-404099821,304423964,-670073406
-402973876,305276369,-670698106
-402052762,306231183,-671231154
-400871177,306783593,-671484890
-399268897,307004836,-672555406
#!,zero-counter: 68
-403844852,306758054,-669710785
-405492441,306466765,-667982017
-406595912,306343110,-666359861
-407901306,306507279,-664684117
-409674457,307270147,-662421147
-410559956,308352961,-659907995
-411066287,309616135,-657346801
-411666226,310912278,-654693985
-411954918,312219183,-652256414
-412040266,313353016,-650264891
-412530783,314064303,-648840320
-413413043,314291643,-648137818
-414844898,314302583,-648020905
-416785385,313967196,-648263564
-418794122,313414708,-648880980
-421026049,312572506,-649679755
-423838877,311328354,-650489612
-426932867,310077756,-651252776
-429725273,309340887,-651429933
-431126419,308486466,-651698719
-431442429,307742036,-652290645
-432250377,306531173,-652287748
-430333594,307185350,-653077032
-427785166,308162017,-654737143
-425449656,309709333,-656874687
-424480550,310968198,-657691706
-423065678,312141014,-658673470
-421100324,314269589,-659753535
-421358652,315397672,-659497146
-421958407,316364294,-658962703
-422008898,317390390,-658556058
-422102098,318312620,-658456486
-422324427,319093695,-658551802
-422637041,319623744,-658747504
-424673392,320103375,-658154379
-427513300,319931486,-656126405
-430002871,320312666,-654309012
-432016058,319963150,-652442694
-437836287,319722400,-648227769
-443833706,318857341,-643817888
-445559641,319097972,-641630753
-445734944,318282117,-641189138
-446906346,317906150,-640385985
-449034084,317925239,-639943167
-449972109,318211630,-639291781
-450738855,318583500,-638574174
-451297750,318940057,-638021818
#!,zero-counter: 48
-450265010,319678881,-637057045
-449147545,319835030,-637328401
-447871938,319834706,-637687397
-446320996,319892091,-637885317
-443731936,320253922,-637678838
-440031429,321231400,-636484591
-435804409,322648907,-635020795
-431778088,324131169,-633901032
-428243354,325519632,-632751924
-424747242,327060731,-631109505
-420950629,328888729,-628765503
-416356352,330832817,-626107101
-410592601,331860400,-623851851
-405081209,332531504,-621760216
-399853032,332568725,-619943298
-393988366,331589488,-619044773
-387800451,330496961,-618760184
-380705269,330317956,-618685764
-371440370,331288226,-618610296
-361246740,332069918,-619293547
-352902918,332960426,-620093216
-345557608,333074314,-621049632
-338503228,332582138,-622143946
-331677383,331597332,-623543683
-324929007,330216461,-625812048
-318233842,328840296,-629000134
-311576154,327603903,-632954003
-305000178,326396417,-637300978
-298894758,325244460,-641722737
-293643211,323932519,-646008815
-289134923,322216617,-650023603
-285542252,320235486,-653994902
-282869628,317802778,-658077775
-281220045,315054647,-662285165
-280668052,311996550,-666765166
-281009549,308606424,-671483521
-282131887,305150170,-676306153
-283479485,301766664,-681048448
-284270539,298709345,-685830475
-284577954,295959985,-690528572
-284741257,293242352,-695174524
-285003469,290486849,-699693345
-285505398,287788600,-703946268
-286367715,284973963,-708095229
-287863514,282011138,-712251049
-289904826,278851888,-716626430
-292526711,275559679,-721021989
-295787060,272291129,-725380053
-299419791,269248458,-729618407
-302948221,266569046,-733650715
-306146988,264091583,-737417800
-309186636,261609912,-740779220
-312215075,259000792,-743617657
-315410496,256525148,-745861165
-318505469,254301201,-747709163
-321476183,252303707,-749206722
-324335087,250426667,-750557407
-327152756,248669462,-751854767
-329889903,247016718,-753110719
-332695056,245689054,-754226577
-335148560,244384857,-755205994
-337336186,243107030,-756031868
-339579036,241637340,-756780930
-342087484,239958441,-757249030
-344881455,238198888,-757425437
-347653377,236417354,-757363063
-350140442,234944011,-757237991
-352222880,233559376,-757272711
-353849354,232274326,-757425689
-355379172,231064719,-757432185
-355889686,230075193,-757493188
-357015393,229138728,-757679944
-356931364,229796096,-758210167
-356984053,230573104,-758076267
-354968081,231856409,-759823807
-352738524,233459543,-762368735
-353065495,234454159,-762508826
-352666822,235187935,-762611168
-351791869,236616529,-763159946
-349422635,238700010,-764331266
-349253318,240340549,-764352870
-348038212,241660812,-764138018
-347058160,242270806,-764372987
-348083386,242780342,-762244713
-351483698,242879953,-757644462
-355069235,242595903,-752939962
-356845816,242373832,-749973776
-357767224,242316742,-748721081
-358302081,242185814,-747912437
-358827340,242410419,-747036474
-356582519,244143966,-746763261
-352134819,247065886,-749090978
-350178816,249409980,-750792736
-349842279,250694465,-751801402
-349989929,251831139,-752138954
-349408622,252461448,-752358913
-349094540,253299572,-752042935
-350053834,254565776,-749780682
-350871820,254938636,-747419798
-351778402,255033486,-746163197
-353479384,255147840,-743501590
-354723708,254390240,-741377329
-354921484,253692322,-741165455
-356053514,252924398,-739825833
-356648153,251973470,-738953442
-356881508,251185891,-738591705
-356922241,249658032,-738292819
#!,zero-counter: 49
-362119754,251579030,-735278808
-362501379,252410121,-734895288
-361689517,254210965,-734697592
-361089683,254664758,-734817773
-361523265,255041317,-733798221
-362559286,255982134,-731528816
-362729955,257767399,-729451935
-361789880,260622829,-727673831
-360254445,264018347,-725517413
-358688377,267613661,-723118519
-356775222,270626818,-721212862
-354893463,272936888,-719673906
-353371076,274769678,-718075992
-352295183,276196398,-716385213
-351610821,277111910,-714915649
-351322120,277586473,-713847821
-351358829,277762339,-713304642
-352764518,277269943,-713589334
-353863054,276930259,-713970779
-355163763,276488890,-714310887
-356727230,276006519,-714681353
-358340243,275523386,-714988876
-359850264,274960550,-715204358
-361205455,274373330,-715327794
-362272492,273790769,-715404717
-363125895,273344023,-715547436
-363883759,272884276,-715717814
-364596773,272452258,-716024444
-365234521,272000755,-716466974
-366106172,271543452,-716954758
-367272901,270985902,-717322342
-368734121,270220512,-717618047
-370314379,269284991,-717946984
-371890640,268227821,-718175471
-373471974,266925907,-718366553
-375398812,265393767,-718580534
-377201528,263852370,-719003783
-378526474,262431407,-719640053
-379170932,261304993,-720033712
-379512280,260350435,-720218388
-377695534,261655487,-720656254
-375552902,264396743,-721669624
-375717955,266466630,-721958974
-375822961,267894942,-721776309
-375439927,269545479,-721913757
-375912443,270455591,-721779732
-374764078,271832740,-721754500
-373622497,272780092,-721848528
-372876482,273432125,-721983076
-372386906,273794244,-722236347
-374184071,273991140,-720641786
-377947691,274953269,-716951020
-382510891,275275145,-712134533
-386110656,274701660,-708524384
-388427601,274276439,-706353279
-390136718,274189656,-704589507
-392755200,273484754,-702733671
-393404608,273155626,-702429931
-393312939,272093435,-702364959
-391761862,270996382,-704372047
-388370664,270382606,-708395885
-383479992,270610322,-713414544
-379401011,269783090,-718842385
-377199374,269516485,-722305824
-375089835,268599155,-725120066
-373458917,268492588,-727180879
-372267231,268316990,-728745086
-372095481,267940925,-729398194
#!,zero-counter: 59
-376726118,272029966,-727142540
-376733291,272821917,-726913494
-377497973,273845840,-726049932
-379361513,274137073,-724069017
-381071582,275070384,-721439392
-382292971,277103130,-718427229
-383219464,280476070,-714487389
-384184543,284838096,-709778487
-384840373,289370626,-704968256
-385181526,293944002,-700353638
-385413391,298010384,-696212953
-386099403,301486332,-692453586
-387734609,303961954,-688964322
-390181749,305429463,-685725463
-392619556,306155151,-683027575
-394814537,306384545,-681175364
-396655948,306300390,-680217774
-397971354,305938999,-680021198
-398949869,305405984,-680484917
-399943924,304730862,-681213754
-401237046,303878189,-681980768
-402899376,302981847,-682632890
-404870233,302004658,-683070805
-406913710,300999869,-683305179
-408832191,299996642,-683457208
-410673758,298872612,-683638790
-412607500,297710217,-683853247
-414181992,296690151,-684172102
-415414579,295770483,-684551514
-416624594,294812566,-684946968
-417656871,293721090,-685426866
-418415741,292584784,-685935836
-418296774,291588267,-686427537
-418086522,290811251,-686886468
-417743385,290283413,-687129985
-416943905,288837637,-687873662
-414257129,289070931,-690095464
-411472464,289364934,-692518079
-408890931,290157203,-694893199
-407087802,291268120,-696593609
-405923628,292708568,-697414984
-405888336,294405473,-697446344
-406599979,295207369,-697217256
-406820516,295875972,-697303764
-407241218,297180371,-697033809
-409420068,299606407,-694592943
-412801200,301544083,-691639501
-416372065,302827845,-688753862
-419589388,303680725,-685810158
-423344422,304869565,-681878618
-428186511,306243442,-677331812
-430053879,306424379,-674984707
-431685039,306678879,-673268597
-433303393,306307872,-671323322
-432625094,306197346,-671643416
-430989951,305529582,-671549868
-427909380,305027023,-673257204
-422850948,304443503,-676643107
-417351301,304247663,-681156160
-412825088,303482583,-684623713
-408106472,302782944,-688185448
-402555866,301593249,-692463505
-397529928,301576621,-696714629
-393763763,301250407,-700192106
-390647378,301326250,-702789447
-388237702,301911114,-704793317
-387240298,302425831,-705398859
-386188736,302803056,-706430138
-384988883,302478903,-708370367
-384258497,301845347,-710139476
-383619909,301269753,-710911385
-383552718,300586351,-711476890
-383777046,299456880,-712309423
-385716205,298642658,-711505993
#!,zero-counter: 57
-391134116,300084608,-707282265
-392000806,300345077,-705587417
-392463927,301313127,-703457868
-392010075,302482317,-701438635
-392541374,305069249,-698048402
-393324823,307577422,-693962558
-394672645,310111197,-689663079
-396574069,313059295,-684592356
-399047906,316351954,-678468109
-402234766,319863699,-671765787
-405389571,323094377,-665550156
-407854762,325634154,-660679402
-409680540,327152101,-657474959
-411611907,327958863,-655523344
-414136305,328267124,-654265153
-417105946,328138504,-653501340
-420217876,327764523,-652943991
-423077077,326863591,-652745186
-425976875,325504699,-652821092
-429059806,323866832,-652998099
-432626181,322048809,-652964920
-435731601,319938146,-653367053
-438201189,317824255,-654302426
-440085337,315644752,-655934525
-441344603,313547572,-657865081
-442274654,311475428,-659553077
-443100015,309496157,-660881434
-442662442,308062401,-661718437
-442095339,307094486,-662445852
-441416128,306801257,-662875557
-442451775,307474681,-662696545
-443594906,307867844,-662355836
-445139248,308626210,-661599849
-447292035,310446068,-659782603
-450364146,312875086,-656159387
-455719956,316542990,-651261491
-460208462,319471655,-647387938
-464114905,321277922,-644076321
-466993641,322462875,-641958820
-468991665,323280065,-639920473
-469679900,323221880,-639403752
-470523093,323274749,-638991313
-470981212,323622702,-637887887
-470959028,324032311,-636840066
-470572621,324237839,-635991013
-469242062,323921953,-636118885
-465714352,323219900,-638442562
-458249639,321487615,-645167518
-451568844,320556246,-651592148
-446217667,318699173,-656445051
-441084827,316237810,-661618702
-438002876,315073595,-664517937
-435191083,314633753,-666957246
-434509460,314601924,-667884146
-435092009,314789846,-667730757
-435861067,314882277,-667521457
-437521455,314876287,-667603490
-438849743,315267256,-667566194
-440504334,316279538,-666749521
-442400645,317545896,-665220291
-445641376,320061135,-663035607
-448870312,322116341,-660642707
-453186951,325127840,-655862290
-457995574,328113337,-650604032
-463100470,330661729,-646822867
-467817776,333193094,-643183747
-472101208,336138026,-639690623
-474681667,337862151,-637203693
-475633391,338440386,-636577576
-474090603,338835938,-636923191
-472769971,339102548,-637104587
-471452443,339127100,-637350724
-470372592,338887677,-637766841
-469517484,338484334,-638224836
-468582303,337809918,-638761698
-468061213,337287125,-639080587
-467715689,336820780,-639251762
