-18438306,2878778,-389526368
-21015003,3877402,-390723952
-22423507,4446671,-392047320
-21578669,4112142,-393673806
-22475126,4615438,-404321820
-22914945,4806549,-411006685
#!,zero-counter: 3127
-59587164,24081661,-567952924
-59340254,24776157,-568166966
-42054797,13272512,-571229499
-38770829,12892059,-572958098
-37907378,14728161,-574327049
-41421705,21494001,-575732749
-45285717,29478614,-577256584
-43320772,33949235,-578394690
-39069802,35543271,-580558750
-36740402,36525763,-584648889
-34774865,36758037,-590875576
-32412580,36894633,-598921854
-29008100,37189517,-608094982
-23682319,37337429,-617870828
-16866831,37338550,-628118404
-9381352,37040490,-638735232
-1485039,35844919,-649568813
5599055,33717429,-660366608
12537238,29946651,-670706792
19255931,24640612,-680259143
26002633,17815106,-688593627
31385368,10693900,-695224211
35520585,3573524,-699767128
37881508,-2635260,-702228173
40427002,-9100934,-703164510
42820729,-15828333,-703769333
43885770,-21856215,-706035120
42928915,-26681430,-710138526
42733015,-31012271,-716407485
39799407,-33352261,-724331764
39571092,-35363742,-733323104
39161068,-35971607,-741527051
38261468,-35558806,-749160994
35718224,-34972293,-755155529
28763876,-34186134,-760190969
16597473,-34105176,-765657893
5325627,-37940507,-770714940
-15685,-47817408,-775469081
-4261430,-57995442,-780130222
-4334890,-71146490,-784896570
-2695191,-89847742,-787551340
-5491440,-101708637,-790368210
-16535470,-98654465,-794725794
-23192845,-94000224,-798309072
-29315141,-86803086,-801890570
-31507408,-83397275,-805503857
-29387362,-82103465,-809374766
-26232856,-77054063,-814503847
-23208527,-67608134,-819322523
-20684955,-53748691,-823380437
312423,-59813782,-827545817
15414994,-69304032,-829686784
19259951,-84898676,-830584387
9992084,-100459575,-830420106
-3363805,-116922639,-828361994
-14960960,-135843511,-823948037
-24749938,-145911983,-820843780
-24413075,-147042328,-819736319
-10509734,-144738886,-822111028
11777313,-139364351,-827192993
34576252,-132485420,-834503735
55873849,-124724498,-841848727
73897263,-118506435,-849827802
88108551,-112573903,-856630413
97583926,-106959777,-863088479
102021507,-102502721,-869319409
101729149,-100522418,-876094460
97658938,-99935706,-882427622
92175451,-99347845,-887142032
85836464,-96975480,-892223726
78371592,-90432741,-896352018
68531358,-76355834,-901654582
60454299,-60355880,-905571159
56580843,-48365277,-909985121
55287342,-39194326,-914300562
56520766,-32773915,-918617602
58504293,-26026573,-921412313
62910799,-22699433,-924262899
67331572,-21939340,-925612128
67755019,-19845093,-927687977
65140933,-16321727,-929647643
61086540,-10520442,-931445808
57434819,-4632275,-932867643
52356456,4172345,-933817958
47112359,12514905,-934790564
42384604,16869364,-936192758
35724914,21051871,-936552739
29388142,22221457,-937757583
23726741,22385771,-937476049
21357872,19554552,-936463336
22783690,14353396,-935777955
27332846,8306985,-933710573
35101264,672087,-931534517
49006680,-10355610,-930835548
67403638,-23552901,-929827291
85748110,-35337691,-929304288
101111351,-47009117,-928884037
110687823,-58575608,-928016860
113575009,-68342431,-926253516
112943514,-77507967,-923355852
110713756,-85681856,-919384151
108007991,-92448261,-914871184
106579238,-98728990,-910462072
106760344,-103776416,-907065079
107826124,-106449575,-905464177
109390631,-106719474,-905910747
110356360,-104568190,-907740687
110749309,-99993564,-909935891
110749664,-93067027,-911983573
110021755,-83866390,-913786239
108167808,-72807915,-915764661
105092930,-60740158,-918291823
100746475,-48624481,-921193019
94135435,-37526973,-924444142
84777974,-26631129,-927790113
72321679,-14702610,-930830496
59893381,-3998880,-932562142
49912843,5604567,-932574097
43048796,13649726,-931053009
39211096,18917319,-928543647
37495385,21833050,-925780019
37416979,22941781,-923456222
39297227,22147787,-921744134
42639789,19712947,-920439774
45734676,16903931,-919069784
48250166,13984825,-917601961
50565951,10912362,-916048042
53087567,7788353,-914574249
56068175,4565933,-913180583
59519746,971518,-912138735
62650288,-2383210,-911622895
65132824,-5312115,-911989337
66417458,-7505823,-913154612
66578396,-9008755,-914857496
65975323,-10396472,-916601580
64977467,-12038725,-918146389
63713351,-13761632,-919579076
62877990,-15586274,-921162589
62647965,-17132758,-923168875
63499454,-18483370,-925389728
64799098,-19502478,-927675909
65790599,-20829852,-929652070
66351822,-22671227,-931074257
66729043,-24685952,-931933581
67022850,-26369917,-932279897
67040826,-27373257,-932344650
67090649,-27945256,-932412652
67548436,-28061619,-932644751
68219205,-27748776,-933014990
68686892,-27319390,-933327394
68573686,-26790545,-933604328
68269431,-26679743,-933786625
67866624,-26855168,-933811623
67371213,-27317671,-933549332
66648156,-28263703,-932923791
65882062,-29428798,-932186641
65184778,-30342670,-931513853
64579743,-30244084,-930287856
64348172,-29614468,-929935034
64425449,-29341692,-926751432
64150180,-29481894,-927014563
63300768,-29689323,-927718234
61723046,-30132217,-928763134
61039470,-31695599,-929443798
60812175,-33795033,-929685291
61561085,-35979812,-929586028
62665398,-37827266,-929396896
63706392,-39607460,-928921444
64431567,-41132119,-928505302
64897121,-42437506,-928125431
65236610,-43844410,-927841150
65089867,-45071977,-927613681
64573413,-46105018,-927430675
63999697,-46911010,-927330387
63529689,-47483333,-927144937
#!,zero-counter: 340
75396778,-39468503,-865733392
74327710,-41983314,-864836959
72805171,-42987996,-864373420
70933209,-43551134,-863698260
70317646,-44104691,-863127920
68391468,-45276420,-862177087
66555834,-45602147,-861251707
65595240,-46297803,-860313621
66308514,-46317019,-860858933
69266044,-44702260,-862008214
71274297,-42783525,-862642352
73049035,-42085278,-862808950
75880562,-40066303,-863536950
78454024,-37869960,-864553164
80459915,-36162272,-865159621
80635370,-34924425,-865806989
82524088,-32940466,-866191390
85611322,-29308609,-867573460
85094242,-26847196,-868112530
83937059,-25977550,-867565557
84122401,-24758967,-867356560
84764287,-24187231,-867149484
84095176,-25637522,-867270727
84248375,-27239550,-867337660
84439359,-28314073,-867529682
84064920,-29547085,-866978942
83804565,-30240450,-865913267
82516618,-30140705,-864155519
80756123,-29648998,-862150987
78357895,-28071088,-860138113
76387494,-26733191,-858441857
76436969,-26207440,-857236282
76989332,-24709914,-856086678
78416083,-23833168,-854972698
79940358,-22725985,-854236932
81568158,-22084544,-854233522
83515848,-21388517,-854371894
86022525,-20886717,-854806035
88430736,-20554874,-855598092
89870160,-20456120,-856686606
90387048,-21283567,-858392899
91357720,-22501162,-859954360
92041480,-23687594,-861683980
92649967,-25398427,-863010581
92409201,-27143768,-863863665
93154941,-28360521,-864706514
92286798,-28411981,-865005771
91989851,-27744889,-864829751
91691224,-26927926,-864561377
91420360,-26056145,-864368266
91215853,-25287795,-864218209
91011917,-24766900,-864043849
#!,zero-counter: 47
93221022,-26799208,-864720701
92926072,-25602528,-864342733
92684891,-24184457,-863846617
92462721,-22645844,-863330004
91980143,-21217243,-862633490
90241105,-20109040,-860947333
88254624,-19613222,-858343762
87163180,-18726538,-855596578
86756528,-17244909,-852480511
86129372,-15297773,-848844782
85050531,-12958144,-844859752
84194118,-10389771,-840804214
83730402,-7780753,-836883508
82719342,-5492568,-833287817
81174359,-4190459,-830323016
79299339,-3473938,-828123907
77770391,-3155014,-826991097
76654846,-3314493,-827007468
75660913,-4116783,-828285631
74386250,-5242572,-830594841
72644468,-6685976,-833453104
70277434,-8491368,-836595884
67742484,-10718134,-839655610
68550304,-11899849,-840732208
69421570,-14604420,-841141358
70388967,-17367779,-841046504
70503389,-19841000,-841092382
71669479,-21963251,-841160412
72081337,-23187041,-841427637
72086148,-25002296,-842004498
73174915,-27154865,-845225195
76824092,-27062420,-849665357
80310854,-24892994,-852473024
82978243,-23070513,-853709953
85807022,-21130481,-855027564
88839722,-19067191,-856553903
90664929,-17723270,-856903522
91171638,-16927843,-856801489
91939009,-16340145,-856655441
92782569,-15947722,-856222146
93497194,-15860918,-855316103
92085099,-16266170,-853377381
90183830,-16348834,-851761685
87317832,-17988109,-849680034
85355483,-19077443,-848183200
86124809,-19856511,-847541474
86874234,-19524647,-847381901
85722260,-20464891,-847400120
84850015,-21166432,-847380092
85691770,-19677604,-847592108
87293993,-17169058,-847384057
88037867,-15720335,-847789975
88220089,-14550066,-847758808
88699861,-13582601,-847724468
89056523,-12474929,-847653667
90105777,-12016813,-847586033
91108127,-11864429,-847691033
92096378,-11985421,-847794979
#!,zero-counter: 52
93273957,-14196211,-850726700
92768684,-13177706,-850402150
90874447,-11667239,-849292782
88137167,-9920100,-846090605
88182358,-7686506,-841540447
90580585,-5018537,-836968039
93207883,-2776247,-832358825
94216948,-829237,-827620411
92979665,684129,-823382511
89130189,1741400,-820182414
83571439,2376030,-818267333
77292634,2804934,-817714810
71557187,2574035,-818760567
66763495,1826956,-821570870
62499835,764567,-825695356
58309851,-807566,-830211604
57989701,-3682472,-833443585
59305721,-7167888,-834954208
61586486,-10347382,-835662302
63387944,-12738746,-836065080
65093592,-15524075,-836794596
66618048,-16852766,-837344087
69923352,-18838176,-838657595
73590700,-19787046,-839528443
77677587,-20298540,-841924636
80863420,-19261986,-843231475
82192053,-17999218,-842771018
82248664,-16554367,-842342819
82487719,-14722337,-842039044
82102523,-12312930,-841351582
80891179,-9850316,-840188028
78905828,-8136349,-839288983
77126400,-5641999,-838795313
76315766,-5102708,-838741083
78154452,-4576691,-838319855
80600500,-4167753,-839740730
80925059,-4389261,-840702647
82113578,-5967095,-842042250
83803897,-7481213,-843540619
86576589,-9892578,-846068180
88527973,-11559684,-847607682
89558859,-12216806,-847513510
88773541,-11234552,-847385903
88453388,-10677577,-847154483
88123866,-9971058,-846954620
87906348,-9280993,-846762509
#!,zero-counter: 29
87150890,-9864262,-848245383
86398481,-8935158,-847935534
85737952,-7608876,-847403691
85244877,-5853466,-846757741
84772031,-3781552,-845680238
83262724,-1780669,-843307607
81165768,-527760,-840004572
79037219,790433,-836351612
76616393,2599811,-832615826
73367615,4773470,-829051265
69614466,7248741,-825451805
65973655,9790080,-821788147
62019365,12179265,-818288635
57384427,13978821,-815357781
52571526,14965331,-813057430
47297948,15127842,-811855349
42933092,13879933,-812052242
39869303,12020965,-813662337
38027563,9895163,-816426618
36971780,7527336,-819896127
35909696,5113359,-823711573
37550958,1778562,-825332839
39524937,-1520399,-826288052
41496319,-3270343,-826844532
42396205,-4361355,-827107306
41312248,-5512932,-827110790
42944787,-6069544,-827826856
47338237,-4472988,-829492923
53229876,-2063871,-831278383
60692025,296834,-834179516
67471634,1907023,-837305409
70587830,3850977,-839479592
72025535,4761205,-840119877
76246001,6658066,-841437463
77179077,8321678,-841694978
78252445,8540706,-841124603
77957097,9681522,-841362999
75700546,10166683,-840442223
69523926,8092337,-838598892
65562599,7365847,-836669792
61149928,9620070,-834882907
54811434,10952188,-832382662
48953688,11307036,-829891341
45735115,12782334,-828422516
46836331,12098686,-828406872
47544966,11075274,-828505239
49095711,9805202,-828852718
53198488,8235375,-830303864
58473388,7502099,-832799381
62062312,7311662,-834337502
65552245,6672035,-835129963
68841465,6970739,-836381832
69936150,7120306,-836036542
70454771,7160639,-836395339
70385215,6791121,-837088127
70017392,6853541,-837929357
69123536,7751043,-838203214
68785611,8478942,-838070149
68602283,9211986,-837975814
68635041,10042963,-837631748
#!,zero-counter: 105
69430180,12392024,-838763055
69378877,13477811,-838268988
68203723,14521367,-836618455
67243199,14632933,-833286213
67864779,15185844,-829322601
69204984,16418364,-825224886
69549952,17858331,-821520618
68994746,19177716,-818563447
68139343,20496268,-816517398
67287423,21695636,-815449650
66301591,22550901,-815215605
65170632,23028350,-815806155
63990836,23090697,-817241184
62736473,22588651,-819527198
60878934,21572356,-822493170
57959611,20324111,-826084541
54137202,19314235,-830033908
54071015,18196864,-831056364
52093720,19378179,-830259855
49606616,20682686,-828649805
46891361,21327244,-827143701
43908935,23592471,-826256817
40224844,24853080,-824161109
36305049,26486113,-822059536
35314637,27111491,-821608396
35123470,27801235,-821347869
35134185,27164800,-821038292
34405079,25821963,-821064160
34329106,23063144,-821516627
36391419,19672587,-822909583
40236060,16316181,-825475007
43557320,15087541,-826998213
45657433,15667566,-828394977
48192399,17588116,-829642284
49594345,21527727,-830401186
50480093,25031655,-830821115
50027009,28489194,-830491674
49645345,31666743,-830171534
48980891,34829503,-829677806
48545863,36855624,-829211951
48316600,38896701,-828700573
46983160,40406789,-827580700
44319424,40830952,-826115998
40980091,42000974,-825209916
39041675,41897211,-824353714
37056290,40599866,-823528834
35924351,39968435,-823303251
35427495,40533494,-822876929
34963773,41077285,-822507004
34599803,41510078,-822266205
#!,zero-counter: 26
34959663,39478409,-822641524
34852768,40401368,-822159247
34760648,41364535,-821698154
34567821,42152465,-821224086
33788228,42586160,-820461984
31861596,42722184,-819165865
30267742,43173748,-817617362
29062147,44209708,-815755748
27274285,45452194,-812861410
24120931,46849576,-808799953
19387525,48446886,-804280238
12726765,50160790,-800026986
5632774,51499513,-796793991
-192920,52387295,-795425602
-4597338,53043949,-795865442
-8338548,53316755,-797443139
-11775436,53122233,-799402109
-15161005,52793523,-801407078
-18701076,52387217,-803523035
-21198045,51757974,-805032593
-20145752,49754473,-805781991
-18947885,48738699,-806488739
-17728655,47748535,-806616705
-18098482,46151857,-806649214
-16992652,44190723,-806744960
-11318509,41461959,-807866388
-2498864,38278934,-809962472
6881776,34971981,-812496868
15019986,34005742,-814773878
20673961,33078713,-816198952
27392135,33715085,-818020260
31072302,34743038,-818703679
32992793,35125466,-818922150
34882338,36299666,-818905587
35032289,37948854,-818678267
34817147,39294387,-818643241
34729207,40178961,-818209079
33620441,41270303,-817215419
31774305,42328947,-816532585
27510611,44794822,-815398112
22018615,46070975,-813473406
15107684,47253423,-811595667
7590042,47793591,-809547194
-874711,46447689,-807460368
-7395790,45394883,-806169791
-7785914,43701610,-806296583
-4900875,41370660,-807342095
-1906152,38497632,-808439807
2068251,34830473,-809836907
9210871,31116046,-812814922
16312273,29656424,-815117692
21893595,28292146,-816342929
26119491,27602517,-817661793
28770090,28102061,-818577000
31246456,28467048,-819101078
31012803,29160900,-818529592
29960351,31311498,-819248378
28426923,32059812,-818612570
26699523,32501264,-817604047
26041889,32859299,-817531408
25272935,33507683,-817300082
22945369,34007036,-816082190
20953190,34595902,-815394083
#!,zero-counter: 24
19595008,33915453,-816016659
19022917,34204154,-815894428
18588133,34536925,-815715061
#!,zero-counter: 120
24653590,37501142,-814934907
24561171,37326803,-813733851
25284975,37196007,-812590149
26346245,37139901,-811274137
27421428,37442516,-809216319
28931300,38150818,-806109768
30678155,39387256,-802212455
32130771,40674674,-797531442
33335880,41935115,-792070715
33833875,42811281,-786795803
32860057,42397510,-782824847
30950271,41109192,-780057699
28968341,38951802,-778315786
27557683,36231514,-777272886
25831593,34260906,-776249373
24168263,32896624,-775347791
22994011,32724377,-774348604
22706657,33471498,-773171876
23673012,34516655,-771942225
25434089,35476073,-771286517
27520985,36277238,-771495841
29170080,37076986,-772626051
30186428,37614449,-774561770
30922461,37754867,-777170466
31592220,37493930,-780292874
32172566,36937850,-783868619
32721341,36288940,-787553101
33448737,35680347,-790912369
34629475,35164336,-793751916
36444905,34641173,-796152327
38590610,34045563,-798276286
40554031,33508334,-800209187
42089771,32947308,-802066815
43336475,32315215,-803898011
44157808,31706768,-805574001
44567364,31086318,-807118889
45039907,30311313,-808738978
45896137,29754478,-810643692
46933072,29614388,-812634267
47990725,29459899,-814560287
48976576,29274871,-816310105
49970527,29013025,-817796640
50836953,28782458,-818966346
51720539,28375362,-819895364
52347865,28118893,-820831715
52816073,27926961,-821821795
53071220,27777091,-823025273
53167091,27724435,-824317964
53153317,27693780,-825638347
52787547,27628885,-826880395
51682606,27274550,-827877433
49847829,26721207,-828690577
47487321,25981985,-829718775
44895595,25405202,-831049678
42498723,25067326,-832492499
40167169,24795434,-833958741
37985512,24419153,-835451360
36158587,24111358,-836816112
34397339,23824287,-837760271
32517576,23198942,-838185844
30680340,22217098,-838147789
28764998,20864858,-837619311
26681141,19204944,-836988258
24504390,17393234,-836479791
22900173,15591880,-835965734
22135120,14187924,-835877279
22430696,12863532,-836144339
21904061,11844498,-836432196
21273121,10382357,-836427808
21456551,9384215,-836556657
24985687,9488011,-837695372
28782509,10664231,-839819931
32477726,12166062,-841851201
36297500,14097756,-843756449
38525989,16641262,-844986242
40783752,18364435,-845833751
42443536,20274888,-846324134
43484950,21466967,-846183590
44657505,22404972,-845682076
44201109,23550188,-845083449
41360011,22521549,-843140513
37075019,21551163,-840372144
32861980,21069350,-838177124
28581500,21173694,-836049330
26073407,21482815,-834660327
24735158,22126158,-835112025
23543363,22114299,-834830630
23241121,22944613,-834125751
23729465,24088848,-833935209
26206936,25655523,-834450875
28902778,28070744,-835401317
31531754,29843146,-836361273
34263367,30837918,-837409501
37619311,31528128,-838818776
39712578,31526041,-839617151
41461391,30623223,-840360509
42971298,29260015,-841600712
43899267,28131897,-841698417
44529885,27009570,-841986615
44930081,26140277,-842189134
43456923,25003798,-841016682
42554532,25066354,-840484249
#!,zero-counter: 51
40824230,28760155,-837301209
40666502,29961503,-836777670
40772523,31247851,-836211147
41505900,32662468,-835050806
42063636,33891387,-832849296
41605985,35075718,-829633143
39884873,36217217,-825889087
37004182,37426305,-822269075
33154294,39211302,-819129427
28498090,41192670,-816511291
23481252,43206716,-814657490
19130968,44935199,-814048206
14876303,46413231,-814732178
10545790,47061496,-816382745
6267155,47050333,-818383913
4614436,47316237,-818288790
4187539,46503597,-818215743
4557596,45180119,-818033419
3556155,44123838,-817624265
3810078,42547383,-817765510
4850147,41403063,-818002721
6033502,39607651,-818647704
7658022,37602161,-819644254
11152661,35352853,-821262194
15694291,34004268,-823647962
19331977,33799057,-825641743
21707233,34433487,-826966017
23110604,35853180,-827479989
23350147,37763484,-827296048
23292923,39816997,-826808012
22515907,42484071,-826331994
21651942,44480759,-825843426
20557422,46404167,-824682820
17922047,47607506,-823097068
15573343,48199794,-821864253
12163479,49997511,-820714644
10175436,49832490,-819500058
9960969,48935435,-819403640
10304843,47882832,-819392009
10840872,46749082,-819243057
11572266,45903072,-819281202
12829174,45864567,-819724290
13123662,48072156,-819733046
13166528,50017644,-819742343
12481164,50445480,-819818236
#!,zero-counter: 75
15216392,49793385,-820129240
15177736,50992740,-819688662
15505089,52045930,-819314520
15976999,53047006,-818669345
16537854,54010872,-817342258
17006061,55020616,-815382667
17526889,56072608,-813383728
17983222,57181552,-811697148
18173285,58341889,-810002688
18105938,59297159,-807713219
17842273,60190620,-804746879
17243200,60967276,-801500385
15200220,61666942,-798207819
12109248,62007156,-795048718
8228821,62497605,-792427291
4367682,62875060,-790826078
1421618,62770268,-790470215
-983428,62675055,-791007900
-3589796,62556074,-792018318
-6852225,62294917,-793366529
-10505572,61711423,-794935675
-14164711,60711076,-796748137
-17710237,59352890,-798887683
-21285922,57790733,-801262065
-24794949,56286710,-804064554
-25628095,54671865,-805726655
-25955478,52985322,-806043021
-26190878,51504477,-806706587
-26507158,50138530,-807077799
-26713818,48704645,-807052068
-23833179,47618353,-807229790
-20684667,48220524,-807524775
-16350536,47672091,-808142085
-8832459,47616865,-810461063
-1901980,49852437,-813026921
2047361,50106481,-814264955
5721606,50922655,-815385098
7317591,53412485,-816003910
7078416,54056683,-815814423
7696198,55557100,-815569568
8091561,56414420,-815514736
7205420,57492797,-815017651
4196452,58152434,-813223251
-21998,58932705,-810455466
-2472582,59834034,-807546389
-3171099,60992254,-804184158
-4454789,62301363,-800182424
-7487113,63775335,-796131906
-12498252,65399813,-792719702
-19244668,67095125,-790054184
-25887258,68199938,-788571492
-31220099,69081271,-788383310
-35264031,69643608,-789382515
-37945535,69405842,-791327419
-40267135,69031887,-793908603
-42694997,68465065,-796577148
-44607590,67548727,-798661383
-42588819,64341493,-799807862
-40512267,62243204,-800600616
-38604192,60021849,-801075886
-37840945,58175671,-801550768
-37794720,56542882,-802077061
-37807567,54673562,-802383294
-36421381,52233044,-802575033
-33723134,50024101,-802826841
-28436158,49834138,-803510521
-22031844,49091155,-804751712
-15697122,49828641,-806643001
-12216182,51506822,-808114445
-9794642,52216130,-808368379
-7419382,53017847,-808801922
-4157922,55285053,-810010134
-3055929,56443901,-810559676
#!,zero-counter: 26
-2206824,58065730,-812004806
#!,zero-counter: 322
1648380,56776939,-813937443
1646087,57483702,-813613090
1589107,57652552,-812933468
2222408,57484977,-811497776
3506344,57582523,-809726635
4827535,57571767,-808273175
5874045,57404800,-806831648
6917600,57176304,-804887723
7351490,57271765,-802370609
7358346,57039468,-799615023
7291733,57242935,-796544659
7315887,57226062,-793994922
6515296,56953997,-792483030
5321766,57180201,-791250934
3356277,58659867,-790033641
2462006,59637531,-790027104
2691217,61190852,-790689705
3858122,63201413,-791245478
5216755,65135660,-791431181
6431772,66793621,-791746080
7891736,67889061,-792506680
9502168,68667813,-793525263
11316904,69174247,-794971247
13260325,69461967,-796955388
15023756,69639663,-799320139
16403940,69683877,-801768280
17321693,69489116,-804250499
17990214,68920615,-806919236
18555396,67982560,-810009059
18917484,66596294,-813464196
18856465,65150442,-816905350
18734059,63878398,-819934125
19058292,62660430,-822034165
19703318,61573998,-823119132
20621875,60604693,-823443126
21462038,59922123,-823136759
22122566,59357835,-822772799
22526991,58251771,-823698878
21958712,58194332,-825050517
20853477,57866454,-826704159
19002358,57379126,-828529697
16738733,56551509,-830505094
14044957,55252548,-832633455
11134944,53383874,-834778342
10015764,51252835,-836356863
10694287,49239666,-837070313
11203067,47297838,-837830600
11527933,45686115,-838632808
12178123,44211684,-839577616
12948861,43074128,-840687638
13850398,42136018,-841157506
15542348,40754862,-841998100
16860955,39791306,-843390548
17526469,39148434,-844547680
19217476,38040266,-846544841
21061095,37992670,-848025486
21899811,38166598,-848395835
22793930,38855927,-848606860
24037778,40179520,-848515804
25077640,41454881,-847895140
26403749,43291082,-846252358
25518513,45831136,-843473446
23657742,48663862,-840741758
22412472,50432719,-839021899
22034182,51529433,-837889707
21951807,52470580,-837281787
21754240,53254012,-836950032
21408705,54294340,-836558747
23453643,56144808,-836565541
24743924,58843469,-837218082
25920115,60096851,-838435454
26951155,60812111,-839579889
28385893,59853508,-840480067
29571291,57627784,-842059960
30300320,55440813,-843466027
30590989,53708783,-843723890
30504148,52561662,-843996729
29318073,52026579,-844363590
28227271,52625017,-843866368
27334586,53711379,-843225522
26513522,55070907,-842453969
25254319,56573780,-841300104
21987945,58778605,-838854195
19855136,59639146,-837031094
18626859,60286636,-836088031
17300924,60798271,-835152501
14943559,62030358,-833291573
13912444,63380891,-832037019
11870957,64851681,-830734168
7406344,66430152,-827385067
4355736,67853998,-825004702
3843255,68102466,-824167827
#!,zero-counter: 130
4604400,64823315,-823582680
4527946,65634241,-823374081
4007629,68365459,-821590257
3081591,68697500,-820773363
2396414,69234528,-820313636
2065952,69969236,-819513065
1695437,70708179,-818064608
1547216,71228333,-816377821
1292420,71647507,-814794212
1120221,71704695,-813626630
402654,71709453,-813127038
-701226,71717887,-813350068
-2123691,71759828,-814186064
-3959900,71574763,-815574126
-5102808,70904356,-816681952
-4930687,69761881,-817051977
-4484070,69113892,-817246222
-4966624,68054372,-816891108
-5635627,67548886,-816864655
-3054121,68482826,-817928496
-12159,70386520,-819347423
2848128,71930883,-820633451
4893499,74253566,-821546941
5576623,76986519,-822059541
4908951,77667878,-822105894
5939993,78938054,-821572695
6746095,79549137,-821644123
7668538,79881851,-822043814
8847806,80087852,-822409985
10030659,80202348,-822711644
9768451,79977796,-821999726
8567257,79845681,-820969090
5978263,79758590,-819071445
3975141,77778620,-817532376
2853176,77872682,-816942361
1923515,77754046,-817321373
-230213,77831401,-817351331
-1756527,79210530,-816244210
-2617580,81766608,-814977302
-2348389,84995635,-814113287
-1555808,88164940,-814290234
-692960,90707473,-814564402
-1537832,91859801,-814455940
-582106,92982496,-814169262
98129,93175814,-814306815
1047572,92227313,-814753147
84358,91388392,-814288020
-408983,89779977,-813903425
-2005911,88727053,-813157997
-3616752,86838637,-812228297
-4810122,84071390,-811854136
-4726016,81924717,-811528032
-3217581,80176471,-811840662
-2478271,78875682,-812258721
-3633683,77916995,-811837362
-3387031,76652352,-811856253
-4419652,77072244,-812094388
-5005341,77396864,-811820103
-5732792,77801837,-811438325
-6502475,78115401,-811134616
#!,zero-counter: 92
-5480599,78108688,-811835188
-5527352,78986555,-811508342
-5694205,79965294,-811300653
-5841893,81044195,-811062477
-6048643,81793025,-810789669
-7603750,82217883,-809609588
-9752415,82840521,-807473248
-11635635,84650973,-804885364
-13021475,87026287,-802344294
-14387398,89729867,-799984259
-15496459,92040684,-798036891
-16715642,94015142,-796474419
-18378206,95360992,-795627555
-20448069,95831450,-795510175
-22956049,95754315,-796078722
-25723915,95193554,-797455661
-28842685,94386879,-799561725
-31243318,93871016,-801173763
-30446511,91706142,-801991677
-29679265,89974572,-802791525
-29325547,88488983,-802887019
-29364241,87524386,-802681729
-28605930,87031832,-802606688
-27747420,86496234,-802607234
-24054760,87200990,-803266588
-20222088,88869388,-804711782
-17860466,89862826,-805691696
-15935017,91019000,-806223981
-13826530,92727168,-806292333
-11879625,94888009,-806294555
-10701716,96907632,-806350592
-10599232,98449558,-805992115
-10560489,99456362,-805449124
-12652799,99719987,-804630145
-17209662,98853558,-802337757
-22289941,97005405,-799244159
-27467721,95127725,-796270988
-32808152,94134420,-794008849
-37214686,93554579,-792961244
-40882786,92837016,-793942583
-42954331,92213091,-795147597
-42505197,89472549,-796280028
-42094274,87355565,-797627634
-41552262,84978932,-798757167
-41018837,83201583,-799607271
-40329817,81923748,-800123577
-39394871,81307112,-800267029
-38455056,81436277,-799974596
-37815757,82097597,-799522776
-37297797,83031854,-799013907
-36878390,84008393,-798632161
-36565203,84856873,-798392638
#!,zero-counter: 17
-38251143,87436187,-798153264
-38901867,87637595,-797957449
#!,zero-counter: 140
-39477590,90594065,-797925999
-39777612,91786359,-797335048
-39437315,93059613,-796877135
-38504495,94574525,-796426129
-37408780,95721238,-795243119
-37739402,97210274,-792827611
-37969632,98229175,-790629235
-38205045,99511781,-789300788
-38692179,101364996,-788234397
-39705605,103412637,-787383376
-40914365,105410847,-786639768
-41902319,107143673,-786312059
-42822465,108467161,-786569803
-44376921,109187903,-787265575
-46815744,109304385,-788297996
-49699903,108927318,-789671410
-52974327,108352734,-791320275
-55275094,107700838,-792440110
-54680983,105686918,-793285377
-54128295,104447171,-794116021
-53683448,103134535,-794374589
-53558968,101791765,-794194056
-52563019,101087357,-793976810
-47568788,101015269,-794461047
-41087026,102148617,-796397349
-36246729,103123963,-798246655
-33154556,104459241,-799638471
-32221404,105849773,-799611909
-31556090,107480067,-798975006
-30826066,108407666,-799124085
-31434432,108823164,-799406786
-33132536,108265553,-799243437
-35781942,106909739,-798481364
-41023813,107288400,-796523399
-45959816,106939080,-794489834
-50317569,108005480,-793568805
-54037105,108818790,-792442991
-57279254,108909631,-791439073
-58356000,108950120,-791586026
-59219786,108446556,-791390124
-59349124,107823988,-790881157
-53071069,108671454,-791450357
-48804834,110144867,-792802346
-47830241,110242077,-793258328
-47051667,111195212,-793284742
-45647064,112184177,-793260415
-44860473,112981892,-793157557
-43719817,113344171,-793229698
-42745461,113706391,-793585465
-43721712,113829930,-793521776
-45819663,113719955,-792786637
-47757838,113058967,-792119246
-50033074,111838358,-791113608
-55974274,112532239,-788905095
-61495131,113051380,-787127541
-64705555,114446982,-786707583
-66656958,114579994,-786667046
-68193743,114574331,-786177023
-67492632,114729321,-785329753
-63840310,115055517,-785722253
-58588919,115768517,-786970047
-54436286,116545642,-788438200
-52621346,117149177,-788817774
-51660508,117702408,-788748039
-48787726,117625259,-789106667
-45877457,118684642,-790018231
-44014010,118849305,-790065947
-42942929,118785452,-790439299
-42265366,118431914,-790809396
#!,zero-counter: 45
-43398568,121058472,-790119528
-42498462,122074849,-790180541
-43537686,122118328,-789252571
-45554761,121846049,-787786301
-47986078,122192902,-785925796
-50880160,123113099,-783816917
-54483242,124780017,-781615175
-57645358,127116945,-779176659
-59014796,129441472,-776744483
-59185378,131544598,-774540503
-59283823,133450475,-772638012
-60407593,134456624,-771340680
-63678191,135043188,-770728520
-68306944,135330833,-770909451
-72952565,135146672,-771964318
-77024023,134793644,-773770406
-80606291,134541759,-776099904
-83152403,134431422,-777723202
-82285147,132093707,-778313963
-82045493,131103331,-778638301
-81789834,129862725,-778937057
-81572708,128743776,-778643987
-79778554,127842196,-778466094
-74989696,127570115,-779421453
-68465038,126794164,-780763035
-62463181,125791422,-782388189
-56887556,126133388,-784409116
-53685292,126804796,-785518591
-52883892,127866132,-785417448
-51876190,128675786,-785155171
-51191238,129159913,-785442550
-53233781,129359197,-785589307
-59481801,129505968,-783867294
-63642108,127606162,-781787515
-68470104,128217017,-780106160
-74718079,128984308,-778655680
-80464870,129807647,-776869753
-82029025,129201032,-776502383
-83611928,129844675,-776605626
-84108150,128937837,-776105382
-83811843,128179462,-775628430
-82031442,127119738,-775525865
-77513407,125801195,-776068400
-72236921,126153641,-776915827
-66174063,128075648,-778557100
-65000212,129113092,-779006865
-64437548,130497083,-778378103
-63506042,131130775,-778129452
-63290313,131818592,-778303364
-64318535,132390458,-778195139
-66931461,132485061,-777157788
-70507358,132563879,-775352441
-76827531,133210252,-773120856
-85137738,134237652,-770476008
-92359824,135649647,-767874737
-95453094,135939962,-767016464
-97741570,136576144,-766677090
-99207125,136226014,-766414315
-96498745,135536985,-766041329
-92905330,134555792,-766494776
-85257285,132625043,-768339319
-78988766,132379442,-769963748
-76615565,131579980,-770276238
-73680388,130911785,-770705388
-70861879,130897123,-771184362
-69430435,130524752,-771313634
#!,zero-counter: 38
-57752694,129784703,-772070626
-56268351,130980561,-769046494
-53557208,131513069,-764651544
-49756326,131473167,-760217236
-45658886,130589257,-756317605
-41795663,128076106,-753212503
-38530982,124542568,-750581880
-35527939,120736444,-748607440
-33163451,117737083,-747318103
-30770099,115861258,-746852788
-27578753,114359947,-747319073
-24486325,113101163,-748179389
-22707592,112257778,-749021600
-22577826,111393910,-750197349
-23775466,110600923,-751732825
-25383941,109711356,-753608388
-26528174,108545035,-755940482
-26994017,107638049,-758454703
-25293272,106792881,-761336400
-21405831,106162193,-764538860
-16266154,105384194,-768113184
-11298927,104640796,-772020029
-7229257,103688516,-775876378
-4605566,102387166,-779444571
-3155694,100950793,-782416198
-2578747,99577759,-784845988
-2408981,98233609,-787120802
-2099846,96836632,-789605708
-2058551,95837888,-792155642
-2240474,95123630,-794444350
-2630283,94733542,-795983837
-3002517,94596739,-796997064
-3728294,94510004,-797870703
-5296976,94331406,-798483689
-7953076,93673112,-799144390
-11361434,92872125,-799896852
-14887094,92149268,-800866796
-18876706,91543463,-802017620
-23337853,90781035,-803311880
-28068377,89697104,-804923064
-28508358,87651040,-805600366
-27915699,85885879,-806198880
-27281460,85006773,-806458270
-27686955,84355181,-806227476
-28189160,83938817,-805948728
-25240097,83799380,-806957252
-21973524,83496623,-808294382
-19350113,84477953,-809417455
-17620319,85360362,-810291656
-15788468,85922909,-810741438
-15488605,87481081,-810610769
-14962985,88463935,-810179081
-15042807,89918035,-809884975
-15366234,91183558,-809684294
-15478486,92299888,-809597751
-15364320,93803133,-809244863
-15833069,95529450,-807986661
-19046252,97460951,-805321208
-24636155,99032715,-802127806
-31438348,99103934,-799592088
-36425010,97231704,-797719521
-40301963,95334562,-796593411
-43941378,92959673,-796105517
-46057979,91299463,-795928609
-46596258,90467977,-796114518
-47456864,88994950,-796209351
-46519066,87059566,-796458930
-43676481,84598734,-797716475
-38303616,81620417,-800382119
-31832790,78761732,-803672430
-25770481,76222395,-807319859
-22104678,74374886,-809801612
-20204303,73240754,-810726554
-20287061,74143508,-810877866
-20655804,75040725,-810433502
-21195134,76314417,-809394714
-23356080,78711358,-807279523
-25204828,80023312,-806009858
-26416838,81097633,-805116755
-27541311,82017956,-803998630
-28269720,82639987,-803249976
#!,zero-counter: 64
-27105718,84937822,-801728305
-27128331,86227923,-801170009
-25812705,87983099,-799994782
-24325776,89372357,-797845194
-22579136,90178214,-794778461
-20660284,91656924,-791370989
-20021370,93765976,-787755354
-20640370,95634692,-784182940
-21765057,97557788,-781223339
-23001083,99318623,-778930702
-24481639,100765588,-777337848
-26461824,101895634,-776472358
-29119179,103032889,-776355814
-32195511,104385129,-776537868
-35480692,105726226,-777020434
-39286056,106990642,-777660166
-42946008,107871536,-778460402
-46847794,108598015,-779495794
-51371293,109202772,-780564370
-56230411,109257702,-781787424
-60899437,108779227,-783439894
-64248588,108112734,-785483003
-64495288,106713247,-786095881
-63716198,104428301,-786853316
-62577825,102009477,-787329859
-60842730,99764982,-787579061
-57868324,98820533,-787974264
-53747226,98132397,-788585686
-45328506,97739116,-790784546
-41035196,99789956,-792635528
-38298918,100081040,-793611660
-34255278,100602554,-795126283
-31461523,101476853,-795860211
-30193492,102149375,-795738261
-29785859,103034146,-795826469
-28202504,103461549,-796611688
-31519134,104060105,-795736336
-36140903,104227582,-793747820
-43007112,104628383,-790587978
-51896279,105487490,-786710036
-60538590,107238244,-783375353
-66960701,109129010,-780938144
-69965917,110688948,-780008483
-71937587,111595815,-779657795
-72666342,111868897,-779616739
-72655642,111215185,-778828827
-69702654,110429068,-778864015
-65623832,110739512,-779956386
-62328195,110856123,-780966974
-57323265,110455112,-782611827
-53405642,111221966,-784221469
-49944569,112766305,-785483984
#!,zero-counter: 53
-48626083,114532083,-786195494
-48583823,115608121,-785839039
-49132670,116407818,-785236815
-50474100,116414582,-783730098
-51752874,116852588,-781617050
-52859032,117804519,-779916557
-54344730,119464605,-778377060
-56731344,121820657,-776462069
-59153561,124044978,-774552828
-61817449,126435402,-772404362
-64986364,128959652,-769951147
-69151966,131527338,-767424610
-74813939,134156462,-765111661
-81146255,136372348,-763350156
-87050646,137975281,-762679293
-92263009,139177058,-763369718
-97177469,140227284,-765244416
-102368264,141577085,-767362604
-103782829,140236202,-768150145
-104665210,139835240,-768094863
-104151589,139033172,-768424055
-104464629,138008396,-768092724
-104843595,137305867,-768047829
-104551379,136346410,-768317808
-103474235,134909847,-768775370
-102171776,133290094,-769348110
-100309843,131488300,-769957271
-97825862,129507517,-770591627
-93217022,126926817,-771961499
-85773853,124821143,-774890893
-79651010,124176479,-776873487
-77730986,124476153,-777235181
-75522958,124397628,-777478092
-73576878,125287998,-778004609
-70879203,126184596,-778713320
-70444931,127128071,-778865838
-69767966,128853752,-778657804
-69125311,129922901,-778865666
-69271734,130722911,-778995493
-71822069,132068692,-778145293
-76265802,133342100,-776031173
-83256641,135191405,-773189576
-90460471,137294362,-770855072
-93757112,138045519,-769736734
-96011730,138911073,-769102695
-99202664,139654404,-768095560
-100866908,139357774,-767424203
-101465840,140015485,-767409867
-96237240,137601400,-768391286
-89732166,137744586,-769730720
-82297689,136675055,-770877143
-74771560,136221093,-772089855
-67302419,137196318,-773889163
-62324945,138888533,-774881840
-59604105,140155194,-775179856
-57801926,141488044,-775234208
-57113085,142318024,-775159010
-55838032,142384876,-775203169
-54962935,142470860,-775572103
-56227640,142592373,-775338597
-59998048,142421466,-773953014
-65025967,142235783,-772363787
-68804130,141829835,-771520462
-69941698,140976912,-771696125
-71144997,140227643,-772061961
-71214898,139529256,-772628736
-71705433,139150063,-773050439
-71010056,137890640,-773653683
-68483493,136295539,-774805059
-65217877,135141112,-776472062
-62929600,134860890,-777737143
-61588704,133987180,-777897117
-60571923,133428686,-778108012
-59603958,132770300,-778420122
-58592501,131865241,-778712699
-57599807,130680801,-779215100
-56090886,129005594,-780150955
-54380263,127399634,-781063504
-52643080,125837192,-781852529
-51814640,125291809,-782076251
#!,zero-counter: 281
-53263493,113852783,-786102201
