#!,zero-counter: 656
-37870132,15479713,-526758496
-39760001,16675275,-526833350
-38773153,16102634,-526831300
-37913045,15558141,-526907511
-39893337,16817490,-526975023
-39015376,16277815,-527113075
-37652184,15447660,-527139403
-39573423,16655465,-527125676
-37622547,15445747,-527292722
-38900706,16244042,-527297432
-38024022,15627462,-527687751
-38587256,16013691,-527663795
-39221620,16427856,-527741538
-38352724,15933148,-527759606
-37439901,15367678,-527811041
-38199293,15831253,-527847266
#!,zero-counter: 296
-54243545,27774368,-534034856
-64346567,34369438,-534303250
-70365768,38067737,-535748080
-74109583,40376421,-538348234
-77178735,41853563,-541566382
-80139364,42704375,-544623889
-84641771,44403239,-547135025
-91996932,48034540,-548003713
-102385451,53892503,-545860875
-111812826,59629673,-540193547
-123383560,66576198,-529466811
-134470258,74460651,-524195346
-115752956,66049100,-526627138
-105700957,58959074,-527158046
-90826944,48025656,-526779228
-73890671,35976252,-529434771
-56659482,24383071,-531629819
-47294754,19202988,-531105665
-64674520,30184201,-530315732
-69218507,33179895,-529857515
-68323164,32650788,-529746425
-65752016,30968870,-530051699
-64056063,29903647,-530139965
-64693614,30309359,-530011781
-63711594,29739946,-530046992
-66641966,31654450,-530305405
-56014108,25200418,-529997990
-56046359,26082014,-530060726
-61266354,29433282,-529999819
-71054525,30499115,-528719259
-83333468,31286723,-525373671
-94626844,31326642,-521464457
-99351040,28761249,-517826854
-97323092,26522343,-514318320
-93687184,25800138,-510660838
-87436100,25314955,-506382303
-78512506,25405407,-501275243
-68205186,26481581,-496764598
-58957846,29812038,-491174010
-51033094,33664615,-485222114
-43876520,37493392,-477553579
-58230609,52379964,-467593511
-58112774,58128969,-457912339
-56544464,62516609,-447171727
-57342284,67580111,-435876589
-55842600,71006578,-425044804
-50009337,71900148,-413837602
-42123981,70388069,-401784113
-34071446,66621142,-389145450
-29202284,61907360,-375640942
-27207929,56728840,-362352086
-26971135,51693535,-350183891
-27960911,47638450,-340012624
-31424597,45243222,-333118377
-37788659,44127845,-330640576
-42732676,42619041,-333062749
-45473389,40930672,-339948867
-45917927,39865126,-350405961
-42820190,39683407,-363394288
-37208517,41518011,-377585840
-30087643,46097046,-392221064
-22154287,52560455,-407537623
-14072298,58958261,-424006340
-7638224,63898143,-442341882
-3204682,66604925,-461226111
-971875,67502841,-479736718
611379,66832175,-498002519
2563800,65018561,-516098987
6035724,61844960,-533617573
11042837,57130343,-551473367
16987687,51482577,-569195288
23926096,45532006,-586557684
31661824,39945578,-603707296
39705454,34670603,-620613212
47922318,28829474,-637205096
54712628,22609572,-653969624
59565949,15899043,-670490810
62581657,8171874,-686302736
62623734,-60342,-700046047
59633488,-8442233,-711832099
52919091,-15295997,-722192235
43456881,-20397063,-731298142
31967720,-23335354,-739231242
18550240,-23235967,-746048032
4355900,-20811281,-751787830
-8940987,-17764810,-756495882
-22429336,-13431092,-759994881
-35506881,-8517874,-762284596
-44824382,-6650273,-763882600
-49623741,-8443538,-763849961
-53356448,-10530783,-761263014
-57891251,-10196334,-755678845
-61985898,-8313111,-747193338
-64217608,-6092948,-736439590
-66070807,-2535205,-723615374
-79135640,14888379,-708369493
-94582550,29534569,-692325586
-109251589,30918012,-697982500
-127503711,39155636,-708696464
-124756942,31770598,-717584585
-128085009,35427796,-725575883
-127352864,38347098,-732670619
-124963842,43059783,-736836936
-113307801,38901747,-738135490
-99383828,30596934,-736479576
-87403196,23737627,-732737072
-69317148,15938850,-730524201
-49475219,11179849,-731218006
-31246939,9577028,-735199301
-15268965,9315096,-739720732
-1103977,9463983,-743132036
10864019,9834352,-745971310
20778860,9503429,-750076654
29349123,9051522,-754757212
37028697,8984403,-760729854
43171136,10555252,-767653446
46508360,14706798,-775918381
45484707,20195104,-784067251
42003524,25644361,-790605294
37549650,30756690,-795700848
32575600,36008502,-799697721
28730245,40938349,-801999467
25857253,46993467,-804955957
22470230,56340776,-807676893
16925147,70991873,-810642030
11225067,89208792,-811847012
9609277,99833955,-814039733
6654262,109326891,-816276611
2045464,118136451,-818210409
-4578967,128808765,-818776469
-9178535,136341997,-820183855
-9188501,136951826,-822105309
-7714717,134755278,-824213337
-8999125,134665798,-825422631
-13658715,137556969,-827742554
-18476927,139993360,-831329516
-24171480,143551078,-834851834
-29660177,147261282,-838838831
-32828546,148658661,-840931476
-32927193,147454978,-842452670
-31609304,144642365,-842579985
-27189255,139486219,-843009143
-21065485,134270664,-843919194
-13629554,129988360,-844656375
-4094583,125580674,-847268004
7274786,121116548,-850541862
19921697,116633206,-853778903
33611295,111456201,-856483298
48642855,104377855,-857588925
64185299,96258190,-858482959
79450853,86896667,-860084488
94357091,77507677,-863019771
107096888,70504973,-866658687
117766784,64932187,-870885006
124388814,62212254,-875517945
125454937,62407623,-881074521
121825169,63827804,-885590508
116243321,65091128,-890229382
110368285,67328151,-893544951
105819508,70774281,-896484737
102872423,75182595,-899250488
100870228,80347219,-901876710
98578186,85851743,-904318973
94418739,91747153,-906355714
88224542,96529861,-908200568
80367228,99562748,-910072720
71749306,101340170,-912021757
63894331,101887440,-914158380
57904906,101509105,-916591252
53887595,101047031,-919243750
51127395,100738550,-921761877
48680695,99809264,-923958483
45816906,98465150,-926081466
42523784,96853355,-926289511
39619998,95213947,-925827112
38080480,93203909,-925627920
37499401,91484422,-926286454
37068637,90229720,-927524837
36267058,89390090,-928866165
34734310,88853066,-929890147
32725812,88157746,-930658411
30492196,87145234,-931174140
28252371,86064652,-931342164
26259599,84947645,-930905475
24699602,83850230,-930002727
23259992,83383378,-929018430
21869338,83601510,-928133232
21380546,83863345,-927688580
22003567,84387983,-927771009
22473235,85185823,-928079693
22206229,85772946,-928373076
21046849,86035094,-928655303
19666437,85994631,-928955789
18327776,85729608,-929256075
16638153,85143267,-929505658
14199045,84243920,-929484966
11483818,83077089,-929466567
8881136,82026981,-929639716
6497048,81168950,-929898282
4805190,80446444,-930059180
3943626,79930364,-930124810
3553612,79508309,-930019626
3318111,78909490,-929717463
2125256,77598126,-927369547
1493658,77103896,-926553681
778301,76061899,-926175773
-229005,75264896,-925997239
-956971,74509371,-925788517
-1625214,73776390,-925619057
-2485617,73018286,-925528591
-3457490,72145851,-925460371
-4456488,71317539,-925324518
-4764012,70222612,-925064970
-4767913,69280951,-924779207
-7095475,69780218,-920649391
-6978374,70630131,-919576960
-6697546,71596825,-917924949
-6414568,72319686,-916218703
-6293509,73291765,-914160727
-6390888,73860527,-912194141
-6807369,75028273,-910664038
-6439059,75293915,-909594306
-8929464,74034499,-906958959
-11131021,72140267,-906044967
-13606798,69593913,-905738301
-15450208,66989166,-905623617
-16370083,64728631,-905841794
-15980500,63511929,-906235199
-14884702,62937481,-907034768
-10972338,63069973,-908745084
-6646830,63979131,-910242527
-2697504,65407388,-910724451
679639,66798839,-910986865
3297709,68071420,-911188733
4606968,69284215,-910625939
5206860,70532292,-909953438
5616498,71217201,-909144950
6541690,71753906,-908493083
7762260,72430198,-907876832
8958799,73311441,-907059702
10055440,74557391,-905890971
10824879,76181666,-904076084
11405522,77004086,-902831747
11865830,77422911,-902482390
10931255,77711488,-900720192
10080450,76731856,-899047424
9428430,76316546,-898184721
7965284,75518883,-896796454
6883544,74665323,-895743715
5762602,73837997,-894539351
4038460,73255297,-893673591
2316895,72682280,-892772097
577325,72345073,-892042697
-597389,71766091,-891421581
-1432087,71185132,-890816768
-2077273,70707482,-890105117
-1488205,70343793,-886794156
-3936693,69304211,-885058568
-6228329,66837375,-883839684
-8369657,64505438,-883362141
-9546404,61907163,-882567085
-12541122,59785221,-881417035
-14683420,58090132,-880613381
-14146404,57469295,-880279769
-15174964,58119111,-877311574
-14362979,58559326,-877528192
-10144779,59986543,-878913096
-5292935,62957732,-880681836
-3077671,65790666,-881172783
68849,68277509,-881478876
3087370,71346221,-881837594
6179814,74301445,-881204499
7206316,76719943,-880930783
8405526,78486224,-880105514
9583333,80456959,-879049574
11168261,82680609,-878021779
12279128,84719525,-876935121
13082709,86105275,-876101765
13892487,86975972,-875640456
14797832,87527543,-874919130
15314234,87822284,-873805645
15612797,87350541,-872910686
15260252,86874669,-872000986
14955084,86242915,-871202447
14213710,85393953,-869630441
14282696,85172794,-868778852
15680588,85347179,-867682287
17882352,85633196,-866159875
20315624,85929647,-864420141
22914250,86489587,-862542040
25661398,87338143,-860569359
28278832,88323790,-858481007
30628268,89304150,-856386562
32743523,90355653,-854444063
34679970,91513783,-852512101
36535387,92598731,-850516375
38531581,93446955,-848457029
40505860,93976122,-846539630
41824877,93948040,-845076118
42330313,93311550,-843916333
41831809,92270251,-842968171
40277379,90995529,-842331189
37571135,89473696,-842030192
34040233,87767993,-841844693
30182432,86168140,-841829330
26887282,85305145,-841756773
24246499,85278522,-841756439
21762004,85791666,-841811625
19245558,86608038,-841904162
16854297,87571512,-842038056
14521921,88540407,-842279793
11991373,89184876,-842878947
9927960,89166360,-844118862
9112027,88089160,-846387248
9200864,86065645,-849814098
9630083,82916211,-853740313
9525507,78985479,-857477766
8919052,74960983,-860475740
8688576,71367949,-862392281
9273188,68384783,-863641972
9995205,65991940,-864371775
10304754,64028105,-864852154
9983184,62481095,-865261459
9352717,61251627,-865867809
8567833,60094254,-866786975
7372770,58715704,-868079759
5761778,57214717,-869617682
4067820,55938314,-870985110
2766620,55136184,-871835643
1902348,54763750,-872165522
1657223,53506272,-871978119
2128795,53067804,-872378101
2549094,52707201,-872726426
2994118,52620414,-872949533
3344811,52617571,-873124055
3349600,52614423,-873471165
3241897,52694482,-873901199
3364412,52994465,-874421695
3439899,53455218,-875135015
3198468,53893368,-875643383
2826869,54157688,-875945079
269667,53393809,-873948837
150724,54985434,-872474083
414536,56217780,-870712135
213775,57665561,-869242491
-8014,58322286,-867845337
-1918937,58484349,-865912339
-4014035,57600944,-864252702
-5976712,56596422,-863571300
-7124222,55116303,-863331544
-7744309,54189105,-863483276
-8007189,53435907,-863514711
-8401177,52724134,-863383097
-7850819,51886740,-863957217
-6556816,52245074,-865610149
-4980976,53201513,-866566714
-3141543,54167500,-866896419
-599120,55918353,-867744668
1230666,57187969,-868175803
3243056,58354219,-868160305
4558086,59740774,-868413881
5637641,60824712,-868274889
6368988,61761594,-868001550
7653102,63209201,-867471376
8289437,64198807,-867105211
8934180,64833630,-866842346
9279259,65480882,-866481585
9015268,65977250,-865737426
8285048,66195922,-864185172
6768497,66429679,-862648084
6101393,66223137,-861950340
5401422,66088669,-861016864
3261289,65815341,-858874471
70944,64749613,-856467718
-1506102,64510117,-855438091
-3155368,63425256,-854679820
-5399917,62473865,-853769313
-7391744,60948249,-852985547
-9636322,59038917,-852501442
-11693028,56814611,-851805643
-14575573,53992682,-851069856
-17071722,50804478,-850235172
-18620411,47683399,-849578333
-19320386,45184296,-849331704
-18026947,44591238,-849342146
-15956510,44398820,-849755259
-11991543,45491409,-850889573
-7661847,47750055,-852205611
-5105259,49771102,-853029730
-3123538,51201180,-853301869
17268969,-858032670
-7590141,116510711,-858189093
89
-8202927,119774071,-856954469
-8339744,118466236,-857629145
-7946983,117268969,-858032670
-7590141,116510711,-858189093
#!,zero-counter: 101
2948717,112484040,-846034646
4455361,113531533,-844605654
5821484,114889993,-842993824
7151624,116346467,-840692084
8339328,117894936,-838525368
8871090,119264294,-836658833
9852085,119299909,-835815705
9033554,119776503,-832725620
7223162,121110295,-827772112
6789818,121497272,-825246559
7354551,121276065,-825695942
8151806,120759176,-825101484
7117582,122265633,-822543800
10144293,122329098,-821737980
13808963,122951822,-821858278
13155130,124214195,-821277626
13131661,125836582,-819287446
13863680,127224069,-815627143
15001559,128268796,-811367126
16486679,129000216,-806923891
18143633,129911785,-802354457
18415627,130746527,-797984271
16808468,131088787,-794156548
14443340,131277143,-790172083
11664528,132065364,-785055157
9959399,133541057,-778731523
9743619,135362375,-772961722
8535137,137487404,-769141111
7963344,139039585,-767559523
6613955,139839403,-768154236
6521704,139867219,-770563308
5977595,139510856,-774401614
4443877,138573564,-779245893
1796774,137028088,-784458888
-1279077,135137337,-789536559
-3807863,133399333,-794006144
-5486656,131834596,-797635607
-6195539,130388860,-800924158
-5749032,128743410,-804582014
-4544739,127173354,-808681463
-3187692,125556385,-812812030
-2445653,124080442,-816500744
-2490494,122745475,-819775416
-3083081,121639193,-822653156
-3653390,120825307,-825118093
-3991590,120584003,-827121634
-4079047,120574027,-828836164
-3882686,120666670,-830548864
-3500193,120835069,-832344446
-2994522,120846004,-834275400
-2629695,120511160,-836294512
-2632398,120020482,-838375011
-2847377,119530782,-840208535
-3381562,119139489,-841732626
-4072136,118883509,-842802743
-4573282,118914987,-843671394
-4827595,119236457,-844646355
-4995679,119770742,-845447416
-4819164,120473191,-846076647
-4444499,121261410,-846515701
-3773762,122215703,-845811875
-4076434,121984475,-844927726
-4778675,121452106,-844024223
-5718656,120565646,-843275862
-6512639,119608388,-842808934
-3923052,117023628,-843723398
-3384036,116418887,-843872870
-2829028,115913568,-844068020
-2128852,115495741,-844073074
-1210602,115261095,-843918847
-316245,115343352,-843599596
404932,115580573,-843263672
945677,115806968,-842811157
1246965,115976777,-842264869
1124300,116051266,-841623409
16226,115910083,-840096671
-2120228,114815763,-838404108
-3121020,113362871,-837755011
-4050572,112535726,-837328544
-3861307,111457759,-837087431
-3093362,111106230,-837255848
-2187886,110809899,-837110962
-2467643,111984869,-837720704
-2538556,112398974,-838071321
-2495164,112744087,-838431299
-1908095,113478812,-839117587
-687723,114457304,-839960022
921758,115729139,-841122157
2538747,116876867,-841870990
3933391,117972130,-842563377
5453174,119224679,-843246919
6844464,120831446,-843515852
7086224,121982029,-843468368
7122985,122928372,-842904409
7206973,123668004,-842448195
8455333,124726663,-840336925
8403576,124365475,-839271342
7849586,123972231,-837697361
6796483,122794349,-836047808
6127064,122445759,-835430464
4640171,121633288,-834538033
4360076,120765162,-834233435
4023606,120219660,-833957203
3108857,119070748,-833096152
1890736,118399768,-832621418
186645,115973278,-831866895
-1431445,113545074,-830651514
-4319453,110872107,-828953756
-8548839,106894254,-826910367
-11596509,103313968,-825292395
-12796669,100682417,-824915431
-13416171,99766185,-825060562
-14092935,99029850,-825160390
-15224409,99578485,-824607022
-15054507,100454573,-824356377
-11422412,103030090,-825251509
-6391361,106651734,-827128053
-960795,110073230,-829060231
4605950,113835564,-831363539
7763449,117091959,-832867727
10805888,119954660,-833617526
13443571,122939094,-833679264
15353955,125213446,-833632494
16347236,126691282,-833402356
17192237,127393103,-832974295
18370273,128404518,-832652101
19268169,129263758,-832480186
19767538,129905800,-832388112
#!,zero-counter: 40
17908959,132409413,-831162410
18107461,132840797,-829677770
18369832,132805840,-827449169
19285259,132841879,-825442882
20332761,132929029,-823851839
21103165,133065004,-822299799
21800715,133225502,-821203779
22077570,133303742,-820725600
20284807,132568270,-821141756
18959104,131927410,-821619851
17380004,131022776,-822223842
15460960,129899038,-823132755
13588963,128739795,-824122730
12611864,127694050,-825116653
12765384,126703036,-825916561
13266219,125822650,-826290793
13421806,125701445,-825665163
13401988,126744035,-823839547
12436106,127999377,-821751546
12024954,127965706,-820891116
12218430,127686064,-820669901
11288344,126581527,-819796772
9986341,125810297,-819139996
9438376,124967056,-819079150
8461609,124206829,-819075374
7264236,122795138,-818746656
6447370,121973361,-818813120
5147623,120867715,-818952241
4020199,119988135,-818775054
3316798,119778194,-818792769
4165397,121229681,-820020747
7598176,123774109,-822588361
10788624,126534443,-824205204
12785101,128929587,-825068573
14684201,131244586,-825800069
16321280,133446848,-826402376
16690417,135247318,-826533645
16036575,135930301,-826307036
18256466,138562389,-825363691
18617996,138769947,-824890651
18260898,138669888,-823953785
17064351,138302134,-822534388
14380915,137189145,-820635622
11870590,135395429,-819164473
9678871,132367226,-818137410
6898093,129097427,-817154365
4533370,126498684,-815616182
3214874,124209021,-814667072
1979000,122343561,-814222459
1238451,120509483,-813843587
623648,119298948,-813432032
-898459,118076594,-812558614
-2872371,116164484,-811717368
-5243645,113747239,-810900112
-7344358,110807698,-809952735
-10003621,107732329,-809377603
-10583816,105372173,-809278445
-8680883,106361564,-809864532
-3635827,110135640,-811420951
-26662,114367366,-813214797
386375,116432371,-813188748
2047717,118394813,-813443877
5569542,121439695,-814884141
6893561,123103489,-815356279
7117740,124373327,-815708319
8100251,125540313,-815626677
9999092,128322457,-816001766
12115980,131994642,-816941099
13032912,134798657,-817382880
13719262,137444611,-817905044
14016791,139957984,-817959256
13547066,141369166,-817591578
13369260,141926509,-817266132
14082654,142160104,-817357300
15651337,141705508,-818254097
16437997,141348333,-818581898
#!,zero-counter: 49
17172255,144199409,-816414040
17600521,144012605,-814460622
18149207,143624246,-812588835
18851200,143379926,-810680148
19398477,143357521,-808815090
19881060,143474946,-807513508
20075260,143518658,-807019422
19232054,143457299,-807961764
17977104,143110743,-809140654
15630783,142117176,-811001749
12640463,140753842,-813165863
12709801,138618905,-814533738
13713018,136825844,-815321027
15204560,136110359,-815246615
15765306,135613714,-814438652
15495858,135799559,-813456304
14354565,136704639,-811670941
12587425,136855062,-810505510
9762809,135757884,-808802974
7557258,133942190,-807814263
7280398,133045958,-807822569
6288243,131989092,-807758239
5574984,130686579,-807417706
6000887,130308458,-808403525
6635716,130901705,-809256477
7520014,131503764,-809849638
8629817,132338199,-810822702
10148287,133789070,-812290762
11371323,135605437,-813299098
12145501,137395057,-813743415
12876587,139101891,-813806710
13406536,140977108,-813858140
13670620,142781706,-813602013
13772515,144228863,-813228167
14649273,145545628,-812899578
14428807,146211681,-811226288
13414674,145687901,-809423497
13326273,144920450,-809050288
13736783,144251232,-809091797
12559159,143552128,-808152302
11865876,142449953,-807689153
10380271,141179203,-807293539
7199451,139480027,-806144930
5943707,137606624,-805459818
5254144,136363451,-805335556
4927863,135531827,-804986717
5589317,134082561,-805122398
2516726,131691387,-804376591
362249,129012197,-803871577
-212561,127626538,-803715735
-693442,126562838,-803478497
-1739032,125612261,-803305467
-1201712,127669508,-804369128
-296490,130408924,-804905987
253350,132290114,-804513846
3532209,136561765,-805883176
5755344,140160677,-807018961
6009220,141814944,-806612857
7540429,144225425,-806840173
9107774,147351590,-807099327
8919428,148549756,-806977351
8926091,150092449,-806932085
8634072,150809850,-806653551
#!,zero-counter: 52
12072241,151294873,-808822275
12170282,152160669,-808359841
12640131,152785653,-807623851
13239814,152993425,-805530626
14118220,152859161,-803135783
15766546,152955477,-801249054
17314516,153272335,-799283200
18370436,153478750,-797237230
18957412,153756463,-795378048
19173772,153840587,-794002053
18662991,153686334,-792992532
17806111,153509259,-792414540
16838557,153348420,-792613600
15891896,153192026,-793510368
14501314,152855921,-794840078
12509231,152340691,-796447625
10300294,151675613,-798290754
7831261,150889649,-800431909
5938500,149964827,-802202117
6279809,150147356,-801576633
4692737,151750096,-799344059
2054604,150629139,-797773705
272642,149930247,-797265022
-832789,149045406,-797025805
-3243619,147653461,-796328113
-4513073,146198380,-795892228
-5254533,145450471,-795761594
-5340429,144656819,-795588056
-4548047,144959099,-795838163
-2747049,145701848,-797268216
-627489,146454994,-798857975
1039368,147728533,-799969125
2095228,148909624,-800609083
3185614,150385370,-801145584
4195560,152315173,-801348103
4840479,154184225,-801183557
5538574,156363055,-801205220
6330007,158786774,-801014996
6602875,161115361,-800640953
6170268,162219813,-800356149
7257083,162937398,-800397402
6949742,162358338,-800038084
6078768,161494892,-799391947
4775054,160420925,-798446570
2993419,158982897,-797500000
1614714,157823916,-796912334
79205,156436016,-796219493
-1856526,154255693,-795427887
-4534442,151875806,-794389789
-7519730,148884525,-793184708
-9695511,146361812,-792257501
-11780478,144255468,-791418548
-13323501,142344544,-790502852
-13864569,140639513,-790189256
-13499038,139977531,-790302689
-14936642,138854106,-790020690
-16538912,138161847,-789799057
-16644081,138714447,-789461198
-13499095,140424084,-790279768
-10697773,142954262,-791250880
-8322844,145489348,-792581936
-5916344,147987281,-793812420
-4698785,149675859,-794521547
-4033469,150665293,-794506409
-2953357,151999314,-794598756
-1080708,153577769,-795165901
-221484,155597925,-795555877
405447,157903730,-796021884
731219,159765845,-795977851
151046,161261032,-795915279
-384258,161899258,-795686281
#!,zero-counter: 58
2681421,165286751,-795288758
3143028,165475633,-794440177
3335298,165207091,-793130531
3242510,164530450,-791593714
2911630,163665450,-790033168
2327027,162907027,-788512852
1504367,162406259,-787242047
971853,162175974,-786582669
715685,162113857,-787148408
207336,162013537,-787876123
-664699,161713282,-789098361
-2201535,161217051,-790696351
-3886200,160643126,-792088693
-3968317,159594854,-792851173
-3680476,158776390,-793344827
-3406753,158983408,-792620905
-4868586,159716790,-791106734
-6752212,160192411,-789419545
-8129688,160594002,-788486548
-9122875,161130169,-787894046
-10540568,161473110,-786850666
-13459689,162001741,-785314611
-15586085,161842759,-784392814
-18066909,161453110,-783491938
-19197855,161053971,-783214791
-16721868,159549422,-784857569
-14872297,159610777,-786133147
-13577110,159919659,-786922182
-12637568,160415934,-787449884
-11923498,161178438,-788134903
-10528765,162201591,-788932387
-9111165,163671366,-789780335
-8260922,165014871,-790230854
-8042390,166286440,-790121784
-7272881,167688422,-790123430
-7264149,168541330,-789941556
-6172702,168913763,-789935341
-4689073,170342119,-788936525
-6385043,170433622,-787813459
-9972537,169126211,-786391640
-13189918,167969796,-785283437
-16780088,166772250,-784211924
-20147806,165424113,-783260731
-23432324,163155544,-782160199
-25867848,160903746,-781115774
-28674752,158904088,-780153098
-29932872,157735360,-779644035
-30844217,157063171,-779694158
-32972728,156325129,-779158851
-35028455,156105685,-778495701
-33653150,154745274,-778825304
-31717140,155572529,-779409441
-29782914,156897793,-780207771
-27205266,158647432,-781304100
-25826575,160318738,-781730808
-23129959,162402735,-783134144
-20238443,164898876,-784185397
-18031518,167039684,-784832299
-17879693,168366583,-784873487
-15546637,170286691,-785051391
#!,zero-counter: 41
-10402713,170930569,-787097339
-10440538,169719883,-786815972
-9966239,168239781,-786978258
-8961030,166584555,-787706823
-7563598,164948012,-788723184
-5555971,164053233,-789628841
-3015974,163589190,-790773209
-820157,164519771,-791812490
1244591,165814438,-793274453
3063962,166692197,-795978926
3956944,167619732,-800044358
3853331,168312422,-804785344
2927351,168413066,-809979054
1617751,168116578,-815560413
907526,168030715,-821348266
1616054,167618904,-826916798
2254048,167283343,-831307720
2618617,167022066,-834565833
2481311,166816261,-836954977
2112666,166728394,-839199593
1106410,166903933,-841459311
-294737,167306198,-843679479
-1884136,168092116,-845513599
-3483868,169191975,-846750105
-4550211,170229749,-847455449
-4980799,171239014,-848049109
-4783114,172136898,-848750630
-4029598,173254571,-849349962
-3104392,174590797,-849725887
-2302744,175812068,-850049531
-1691672,176855958,-850394231
-1305785,177733324,-850635549
-2141639,177111385,-849965568
-2733186,176309887,-849457305
-3217548,175543855,-849196949
-3406714,174827754,-850364424
-3910602,174659249,-851644612
-4765364,174530223,-852859239
-5702935,174441084,-853845978
-6740427,174281559,-854606364
-7666047,174094428,-855124467
-7734948,172096130,-855301733
-4665855,172476821,-853225203
-4467539,172419843,-851830853
-6283526,171814729,-849497877
-7343336,170890911,-848463011
-8896841,169673658,-847307541
-10641063,168146226,-845981941
-11867376,166875055,-845130613
-12002809,166030078,-844898127
-13455970,164913032,-844309283
-14338764,163766730,-843703237
-14645017,164627213,-843989149
-13379651,166047143,-845572991
-11233806,167697073,-847294007
-10378704,169064033,-847729445
-9832171,170207058,-847792832
-8434645,171446775,-848208477
-6879249,172585279,-848468883
-6083635,174004086,-848324818
-4831385,175317644,-847941317
-2987796,177289198,-847594780
-1813170,179349654,-847101656
-1524669,180590442,-846775448
-963670,181277779,-846360984
31020,182191222,-845909935
1037533,182836886,-845659695
1782806,183067883,-845483550
1070589,182341156,-843440041
501455,181367390,-843001435
-300039,180344638,-842444270
-1334217,178797674,-841008009
-3019012,177362275,-839851439
-4158263,174389361,-838509339
-7793093,171625843,-836488974
-10935180,166727357,-834155529
-13097290,163315182,-832726299
-14484043,160386072,-831963170
-15204100,158375227,-831470346
-15881479,157122760,-831313059
#!,zero-counter: 11
-15981458,158826288,-830365830
-12000369,161517198,-831980351
-8956317,164311170,-833368248
-6458572,166487073,-834693201
-5327848,168590761,-835264817
-3003184,170866013,-835657649
154319,174275914,-836716253
1029682,176370940,-836897404
586643,177187945,-836866085
906864,177920795,-836612415
2078598,179320460,-836095770
3519328,181580177,-835786934
3970795,183225727,-835672530
3503012,183575911,-835567611
#!,zero-counter: 41
4644805,187212774,-832855849
4475758,187472614,-831677556
4875748,187650979,-829887762
5984744,187919133,-828095311
7399173,188243808,-826262729
8336723,188167018,-824089813
8685769,187556540,-821509986
8486744,186345295,-818851042
7662464,184967943,-816258887
6786531,183578300,-814333844
6027813,182775234,-813716387
5325461,182484090,-814411036
4359942,182357878,-815862853
3039483,182090277,-817867099
1356272,181739121,-820236284
-725708,181109316,-822700572
-909981,179403117,-824421735
-585537,178324793,-825209606
407679,177652913,-825632136
1101075,177181986,-825816709
2733516,177362273,-825076292
2691649,177642525,-824039293
1965811,177712301,-822760820
1319025,177042696,-821494725
455577,176830939,-820765991
-1243604,176584492,-819128609
-3238484,175719412,-817806364
-4759918,174416972,-817229904
-6648955,172632910,-816654473
-8802760,170678398,-815523680
-10620093,168770895,-814878824
-11747785,167362637,-814916803
-12329416,166639190,-814952421
-13707577,165526399,-815103184
-14722413,164287148,-815062563
-14885872,163313238,-815230565
-12418753,163212085,-815897823
-8783001,165371674,-817504050
-6164874,168191303,-819357750
-5025550,170343196,-820297549
-3446073,172783549,-820585367
-1182201,175445996,-821136569
126529,177815309,-821400697
1224024,180131286,-821281724
2175789,182732129,-821484767
2573157,184303606,-821174841
3310060,185457917,-820957673
3743881,185101832,-821097296
3033743,184452944,-820469555
1840969,183188754,-819711507
-1508993,181040243,-818139174
-3269170,177681985,-816775840
-4111838,175704873,-816388062
-6658400,172312211,-814886463
-10430772,168659008,-813173291
-12072955,164696635,-811747664
-14118316,162063487,-810658340
-15322295,159368660,-809884557
-15531409,158323024,-809722817
-18875098,157310797,-808525058
-16984300,159747736,-809311480
-14445572,162512517,-810446237
-11536389,165926880,-811758570
-9090743,169538217,-813183162
-7171152,171489370,-813942457
-4306591,174159467,-814681119
-1767065,177369831,-816002001
-775890,179389181,-816475927
-85411,181275922,-816243644
1445481,183510738,-816321113
2740759,185662578,-816598033
2294731,186644580,-816551289
2739334,187591566,-816219904
3415558,187816424,-816177447
5345069,187110409,-817154914
#!,zero-counter: 40
3255206,189851614,-815791274
3039107,190269507,-814932878
2844448,190241571,-813355892
3092050,190132687,-811637553
4231551,190333081,-810027174
5366385,190531559,-808355516
6026603,190448293,-806600937
6338016,190210244,-804925625
6418000,189857348,-803379118
6289361,189409180,-802261659
5718146,188895888,-801902643
4754798,188388943,-802309535
3701427,187905634,-803170028
2365737,187282871,-804292138
565801,186432823,-805807218
-1447203,185410088,-807663959
-3037886,184336913,-809292305
-3029777,183305160,-810019155
-2330601,182339881,-810368584
-1720713,183033076,-809437088
-2530426,183840394,-807617469
-3477469,184122553,-806702269
-4526729,183889788,-805823923
-6173878,182763623,-804663511
-8217606,181062981,-804074329
-10044559,178696320,-803754510
-10983466,176724950,-803527242
-11425475,175839331,-803793060
-12097069,175042463,-803872176
-12619516,174567356,-803970841
-11015481,175292893,-805374335
-8239472,176760309,-807263286
-4978279,179100310,-809307021
-2792860,181321425,-810472468
-1731756,182669100,-810839762
-450691,184022419,-811414435
1103588,185799825,-811814302
1484588,186976594,-811757631
3104843,188366681,-811042277
4266956,189739006,-810238349
4906903,190795005,-809391401
5305917,191551101,-809154360
5841383,192015718,-808666786
6100555,192586256,-807964439
5261242,192466166,-806195614
3473236,191439753,-805093021
699263,189308255,-803781583
-414679,187050570,-802999310
-2425661,184313509,-802454033
-5968924,180962316,-801024945
-8911929,177552852,-799379582
-11574627,174034831,-798576090
-13028068,171184370,-797836006
-14670820,169059704,-797245136
-16621352,167309175,-797057877
-17480952,166262289,-796825457
-19002477,165514081,-796522752
-17418746,166587282,-797072272
-15489371,168359807,-798425807
-13161133,170790846,-799932807
-9594163,174294120,-801446877
-7153705,177008764,-802369396
-4829435,180218887,-803345337
-2914003,182931980,-803914612
-1879256,185021373,-804609964
-929955,186805675,-805342686
-729880,187827415,-805301015
-869305,188426553,-805028793
-1056002,189195365,-804638658
-1349856,190135951,-804365028
-619178,191788629,-804538506
-68356,193145505,-804745916
-580298,193399713,-804736345
#!,zero-counter: 62
-100904,196506938,-803419507
462418,196655843,-801363307
1368837,196638879,-799009274
2331924,196363540,-796800147
2950869,196003756,-794667806
3063083,195588330,-792912486
2970235,195305229,-791863199
1541342,194871105,-792511544
43380,194638408,-793583505
-1791416,194270391,-794819978
-3771655,193661790,-796350787
-5601438,192919656,-797808519
-5856668,191675467,-798861283
-5963427,191574871,-798109664
-6299069,192047825,-797164558
-6919236,192299142,-796159382
-8556131,192382655,-794753412
-9851964,191955908,-794150012
-11255364,191043269,-793276785
-13302620,190080388,-792376394
-14099398,188737520,-791865735
-15553152,188153804,-791353938
-17084312,186813928,-790431759
-15732093,186157180,-790973224
-14315026,186820930,-792218146
-12607909,188103257,-793346222
-11336494,189472106,-794338366
-9763807,190850885,-795210352
-8491682,192249454,-795856413
-7323827,193318896,-796683221
-6690641,194426286,-797027528
-6178640,195432342,-796811155
-5565735,196235719,-796803285
-4734056,197066140,-796700291
-3770635,198095883,-796338538
-3503893,198836893,-796119999
-3169140,199596770,-795716739
-2937631,200431148,-795216108
-3525162,201323351,-793807017
-5404068,200291532,-792804551
-7046387,199085464,-792361372
-8431997,197811030,-791877350
-10078474,196261031,-791086813
-10980897,194483863,-790773678
-12685047,192908269,-789784915
-15504543,190741344,-788006134
-18306371,188682612,-786535155
-21160516,186434033,-785035106
-23807084,183695209,-783444857
-25717136,181483244,-781926166
-28880911,179016020,-780814985
-31243880,176526376,-780006497
-32417699,175270597,-779905030
-33784865,174849709,-779746452
-34263265,175083231,-779406385
-33418587,176277919,-779616801
-31953023,177206002,-780417803
-28950505,179015852,-782670124
-26222138,181619401,-784392030
-23766169,184877063,-785761077
-21196934,188601254,-787112204
-18621572,191893074,-788487595
-15736622,195056265,-790079737
-13109655,197807627,-791227528
-12134606,199692592,-791370111
-11722235,200891203,-791225124
-10939209,201602560,-791062919
-10122162,202146043,-791231016
#!,zero-counter: 56
-8181034,203850540,-790452584
-7294972,204059594,-787963690
-5905158,203905479,-785235182
-4791764,203722295,-782808066
-4132671,203665064,-780584564
-4073685,203442072,-778647187
-4394552,203027866,-777463755
-5037392,202641267,-777192657
-6152419,202306540,-777731091
-7538041,202053034,-778826940
-9005900,201689542,-780056825
-10590428,201213595,-781478898
-12238635,200846503,-783109985
-13758744,200689341,-784938378
-15134484,200594485,-786766976
-15520377,200822166,-787571823
-15353647,202281569,-786999963
-15711616,202833277,-786650018
-15640979,203820800,-785596270
-17017158,203685952,-784340183
-19558395,203291750,-782900816
-22419262,202480766,-781748519
-24263475,201811753,-781320884
-25234762,201208685,-781279840
-26955962,200018149,-780797881
-28820674,198990917,-779734522
-29966363,198313683,-779132718
-28235689,197461291,-780296100
-25931546,198557363,-781648438
-22858468,199855407,-782800278
-20634751,201350665,-783702785
-18561969,202471762,-784743874
-17029059,203582242,-785590925
-16369818,204425038,-785773572
-15900898,205124553,-785862759
-15272514,206074633,-785921012
-14395370,207157238,-786107663
-14232343,207897002,-786069521
-13471836,208516669,-786053999
-12783573,208786522,-786161341
-12972178,209616225,-784641494
-14697879,209356182,-783196392
-16747876,208496813,-781960076
-19477119,207241360,-780594010
-22383503,205662684,-779245300
-24964964,203585482,-777979702
-28193002,201509524,-776445269
-32417955,198751609,-774978287
-36595099,196635449,-773607234
-38921149,194661239,-772552342
-41289357,192833501,-771853168
-42938093,190822996,-771288169
-44403821,189054443,-770988352
-44705480,188147066,-771102799
-42661011,187585013,-771563409
-38989100,188466179,-772702104
-34422661,190727590,-774826732
-30735377,193451036,-776773021
-28439065,195720005,-778245147
-26958422,197666192,-779097773
-25292172,199686803,-779698864
-23390988,201573011,-780618273
-21875009,203666107,-781333213
-21471755,205175384,-781770954
-20417261,207138021,-781855720
-19425699,209087706,-782020383
-18724413,210792302,-782310328
-17774710,211449851,-782299478
#!,zero-counter: 56
-12291404,209108765,-785909571
-11431704,209178919,-786283073
-9649107,208881572,-786786635
-7097922,208483616,-786495701
-4423313,207810875,-785057635
-1245493,206758355,-783356505
2880692,206196833,-781907593
6922995,205305092,-781709146
9950580,204209611,-782667241
11798584,202968961,-784397307
12952250,202226441,-786586840
14180866,202602885,-788320120
15242721,202907010,-790720938
15636631,203295331,-794501833
16473439,204308155,-799337484
17078731,205034445,-803985297
17175482,205709877,-807738342
17412422,206558636,-810546254
17675254,207466697,-812991145
17508661,208392777,-815533336
16730804,209206698,-818352758
15339285,209888848,-821218669
13738649,210456678,-824188755
11780187,211036811,-827284642
9493424,211497570,-830518674
6742234,211741020,-833770361
3952728,211913891,-836874146
1457016,212159931,-839581685
-630102,212311067,-841979506
-2073949,212375466,-844062471
-3015530,212431102,-845616962
-3927527,212647421,-846264102
-4561818,213001564,-846149118
-4603133,213746541,-845641122
-4236369,214620682,-844966012
-3794101,215522330,-844529709
-3902791,216302307,-844369107
-4540662,216942216,-844153876
-5212783,217423007,-843809566
-6623754,217347144,-843218067
-7273419,216910204,-843134130
-7937316,216606932,-843498984
-8993216,216083354,-844319496
-10599546,215197349,-845490348
-12370045,214254982,-846800733
-12678604,212745062,-848035624
-12556153,212013652,-848496183
-11904990,211170039,-848728644
-11357579,210383130,-848662486
-10617230,209826240,-848155189
-9775637,209780446,-846774450
-9386762,210013723,-844528952
-9276239,209678626,-842094540
-9666094,209741664,-840208210
-11330422,208659613,-837427665
-11924887,207459372,-835897138
-12754456,205679144,-835577578
-14184248,203482220,-835112759
-15474633,202094594,-834843525
-16144597,201398714,-835149694
-16690939,201471471,-835351308
-16631589,201770749,-836449367
-15736597,203117791,-838842297
-14067095,204998635,-840383415
-11839633,206928796,-841287010
-9896435,208612210,-842108077
-8319567,209975481,-842569141
-7942614,211084612,-842483722
-6946168,211917705,-842067843
-6017298,212598218,-841674439
-5392894,213304852,-841228933
-4402000,214351403,-840656875
-3779552,215011191,-839796667
-3507336,215537060,-838686381
-3419380,215639574,-837839059
-3439700,215366125,-836952591
-4003571,214543691,-834774680
-5262292,213685274,-832343792
-6498966,212161225,-830525119
-7421790,210109028,-829266737
-9512198,206828292,-827780593
-11687929,204047974,-826275152
-13586393,201663795,-824852509
-14909207,199710807,-824263869
-17345689,197872989,-823571153
-20205575,196254800,-822372510
-22614954,194424220,-821736891
-24598588,192890903,-821205661
-25050767,192023654,-820977389
-23533175,192963927,-821261193
-20731060,194893014,-822546114
-17912620,197076191,-823744476
-16182135,199589111,-824343871
-14289806,201990251,-824775519
-13018193,203835434,-825096447
-11838797,205508033,-825595694
-10001852,207662996,-825947840
-9001587,210104858,-826055924
-7871219,212294396,-825723669
-7076909,214931414,-825544443
-6159792,217187906,-824973348
-5170936,219604752,-824767186
-4402578,221475138,-824368065
-4758801,222318997,-823950711
#!,zero-counter: 49
-5061085,223687981,-822296864
-4505013,225288116,-820976175
-4772243,225213570,-819401559
-4852493,224546536,-817634122
-4708688,224003724,-816176451
-4622447,223304769,-814907460
-4854748,222614795,-813640537
-5092132,222041293,-812632074
-5160620,221784146,-812068086
-6275075,221430534,-811642719
-7340059,220992066,-811366723
-8288929,220434174,-811124115
-9310454,219725196,-811069499
-10610879,218643508,-811294705
-12131256,217489110,-811838275
-12953023,216558808,-812647358
-12478550,214935290,-813403304
-11822740,214853936,-812905358
-12306052,215798343,-811124624
-13348776,216137839,-809403543
-14258188,216008162,-808145367
-15633624,215641905,-806743548
-16010182,214477618,-806774924
-17265950,213202364,-806331671
-18487745,211668447,-806105707
-19969944,210201036,-806162873
-20599229,210944347,-806917759
-18406473,212455533,-808923872
-15468715,215374049,-811020431
-13630314,217683404,-811977943
-12478505,219494021,-812326330
-11364830,221063905,-812971007
-10805223,222575217,-813367766
-10489908,223591321,-813203364
-9270274,224364243,-813141101
-8497516,224570473,-811955492
-8946241,224402991,-810294491
-9239499,224236261,-809410051
-10671756,223400512,-807769214
-12242319,221855815,-806332850
-13765014,220069270,-805167895
-15808193,217881746,-804343700
-17814816,215108221,-803195214
-19392696,212325707,-801794925
-21700054,209885802,-800873915
-24166254,206876152,-800035967
-25945520,205074877,-799765567
-29167087,202872576,-799423065
-31256724,200538383,-798942923
-31798736,199149156,-798929051
-30488663,199649963,-798983747
-26575637,202653244,-800438856
-22544667,206837607,-802531567
-20261043,210274880,-803306284
-17001537,213702874,-804955071
-14581447,216590955,-805829039
-13046393,219020124,-806295097
-11495361,221261316,-806776980
-9787049,223123356,-807535794
-8763981,224821834,-807265357
-8540141,225809058,-807009255
-7633547,226764705,-806920207
#!,zero-counter: 69
-8253722,229060879,-805473618
-8391776,229100635,-804333893
-8109095,229176698,-803225839
-7121908,229287979,-802301135
-5977491,229331534,-801152324
-5066983,229298862,-799896804
-4387254,229054471,-798839480
-4189358,228578645,-797828189
-4632391,227895835,-796484986
-5477397,226984522,-795100858
-6199405,226250140,-794238573
-6843561,225810090,-794258998
-7729085,225480375,-794781834
-8942201,225058462,-795535104
-10707811,224520121,-796810474
-12882322,223873125,-798487744
-13496058,223223700,-799655819
-12244453,223657788,-798784894
-12714540,224453712,-797518262
-13288056,224807477,-796213971
-13762111,224860039,-795094368
-15113667,225259355,-793855423
-16431807,224587653,-792456290
-18267013,224598292,-791193785
-20209440,224174849,-790032360
-20635918,223231465,-789751698
-22087305,222605654,-789466247
-22914075,221247230,-789382582
-24153764,220348832,-790238587
-22987637,220387216,-791949786
-20468304,221590650,-793587156
-17736883,223167851,-795398491
-14877794,224717513,-797298427
-13124399,225942290,-798076605
-11779471,226778152,-798620809
-10581380,227941246,-799143883
-10199916,228836849,-799328942
-9277171,230305659,-799238046
-8749548,231360170,-798489004
-8965906,231585179,-797590729
-9113610,231702234,-796841520
-9854167,231625828,-795851978
-10920079,231297972,-794443654
-11471483,230829890,-793710767
-12681781,229847315,-793033569
-14990920,228765991,-791670184
-16903053,227547832,-790298429
-19654994,225789923,-789183813
-21953557,224245898,-788085339
-24760358,222195126,-786695689
-28286849,219996166,-785175436
-30700765,218249757,-784195074
-32005223,216832584,-783783619
-33018790,215735679,-783479950
-34383533,214704707,-783265959
-35787684,213193757,-782949183
-37039801,211270687,-782999013
-36415896,210343616,-783111406
-34881980,210185740,-783602756
-31305324,211545136,-785176509
-27085541,214187562,-787662290
-26385443,216174335,-788288143
-26464804,216777946,-787952349
-23962873,218559888,-788557914
-21511739,221181173,-789780558
-21002984,223144617,-790331696
-20002479,224273535,-790633824
-18589892,226605332,-791175115
-17447328,228516432,-791833929
-16654617,230277247,-792155811
-17091251,230958818,-792102162
-16278598,231809104,-791683220
