#!,zero-counter: 771
-93621074,110503671,-775915384
-94409843,111310424,-775575254
-94499726,112139660,-775330970
-93278742,112807074,-775445551
-91975453,113797696,-775514155
-91065438,114431517,-775338045
-90718232,114878934,-774565939
-90166719,115434115,-773530344
-88829607,116260455,-772170827
-86627546,117069911,-770484908
-84510402,117897196,-768055100
-82390795,119249182,-764658989
-79425835,120703839,-760535781
-75967171,122461659,-756171614
-72502515,124363878,-752018345
-69076181,125822210,-748021691
-67610185,128422067,-743860915
-66459738,130786911,-739504928
-65025888,133190544,-734859181
-62157051,135028727,-729942316
-59341481,137835691,-723863731
-56856306,141268739,-716423741
-55096321,145112145,-707791134
-54505373,149507791,-698134288
-55202780,153941338,-687709230
-57380263,158583313,-676698875
-61133733,163165558,-665225498
-67238478,167988132,-653013662
-71489026,171160558,-641321328
-75668437,174780971,-629680621
-78062468,177573436,-617712742
-77819092,178801625,-605500097
-73461125,178054858,-592048573
-67225575,176378857,-576138600
-61178073,174854608,-559526380
-55405064,173574286,-542637170
-49867983,172356111,-525493352
-45412717,170999127,-508511921
-41932391,168824352,-492717335
-38860718,165669238,-477903145
-35684605,161434892,-463729186
-33543470,156975638,-449769534
-31243862,152004793,-436390953
-30789543,147569996,-423222172
-31543955,143025308,-410644590
-33256021,138232839,-398965316
-36778508,133587304,-388254109
-42857461,129481789,-378459262
-49663075,125478881,-369769866
-56554517,122003314,-362129213
-62146763,119267000,-355514444
-65720899,117338227,-350061624
-66839126,115831945,-346192700
-66082224,114350675,-344287314
-64705427,112669096,-344447996
-63470113,110505363,-346469186
-63062652,107967213,-349586992
-62905398,105049432,-353096270
-60753108,100872551,-356815168
-55897356,95069861,-360222744
-55643194,91182915,-362917430
-55817248,87697944,-364398864
-57743615,85745857,-364721484
-60760765,85194607,-364569898
-62762559,84826621,-364124277
-62413362,83939199,-363880328
-60298414,82512133,-364158364
-57120537,80873897,-365354499
-52583108,79117127,-367638191
-47058878,77312097,-370602572
-41111567,75597221,-373808218
-36688321,74348659,-376549596
-33764804,73426029,-378596016
-31349936,72548745,-380190074
-31666977,72347798,-381371530
-34230101,72367749,-382267441
-37684473,72127689,-383164046
-40229238,71336858,-384394809
-42257627,70666005,-385937107
-42850811,70103120,-387873009
-42269953,69829181,-389953996
-40911845,69787205,-391935413
-38612355,69809379,-393791037
-35029396,69939704,-396617180
-31218794,70135583,-398235772
-28517938,70625310,-399570303
-22307035,68482671,-403882939
-16757717,64776740,-409405561
-11922536,61775123,-413594155
-286346,57608307,-418778196
9024729,54412372,-423746963
18222609,51128962,-428100945
30129350,46971724,-430561316
42228216,43995754,-431790867
51686619,43238807,-431875133
56884632,43929834,-432587114
55714891,45678955,-431892216
50553565,47714782,-430296677
46327355,49000147,-429496788
45861176,49702066,-428227366
46256459,51141833,-425182843
49145157,51993977,-421807112
53834141,52232135,-418860669
58296030,52357811,-416971957
60775134,52564844,-415790318
61050521,52763690,-414545323
61140865,52817056,-414292656
61200749,53300823,-413568415
62375210,53414011,-414494661
66327835,52794576,-415383146
67253597,54000490,-415347228
72364701,53335511,-414319995
82172040,50175405,-412675911
95060394,45296583,-410140900
107426104,40089007,-407931580
119171262,35189197,-406376651
121877532,34127058,-404743884
122814713,32983438,-403179211
121758874,31320382,-401299568
118431954,30169938,-398075228
109548107,31525066,-392974106
96890862,34810774,-386652621
84358702,38020351,-379888729
77007649,39066317,-374235168
70821543,39611469,-367079552
64566903,40163659,-359921642
61030730,39949535,-352643119
59366445,39769923,-344913382
61571029,39376118,-337010040
65958385,39323127,-329226524
70916654,40322690,-321932541
75132299,42728490,-315238995
74656368,48428887,-308670847
74045346,56294259,-301904806
73360071,66271452,-294358644
72493271,77985455,-285535632
71463671,90724558,-275079829
70665074,103863323,-262881398
69810440,100071191,-269194409
63731419,101438939,-270476853
56910919,105755928,-269387921
48336057,109238891,-271446642
41609357,112774452,-273575862
36809790,115950095,-276596717
32482272,119016585,-279400032
27905130,122825066,-282558944
23143572,126368457,-285827223
18681782,128746685,-290004926
14516865,132648733,-292649280
10576238,135723600,-294410124
7738070,138620950,-296608480
5138534,140659246,-300095826
1437901,142635635,-303890806
-1557888,144130797,-307217970
-5975775,145022739,-312558120
-9165166,146153629,-318799859
-12450988,148219019,-324483265
-14867338,150171650,-328421550
-18569734,150968002,-333756360
-22975192,153030606,-338078998
-28521338,156518082,-341323101
-32982885,159364383,-344269549
-37413324,162417094,-347751248
-40964740,165609305,-351538776
-43997947,168217467,-355419498
-47571771,171091250,-358908257
-51810156,172754437,-361628711
-55047010,174737748,-364443296
-59157962,177299336,-366494533
-63189968,179863713,-368342841
-66574356,182460827,-369990898
-69949033,185080869,-371710664
-65026666,184295332,-374745291
-62133499,183569713,-376699046
-60000295,183443631,-378257647
-56987558,183292300,-380003228
-57623868,185574739,-381088525
-63641641,191995596,-380238252
-74408281,202043980,-377233808
-83438730,212403055,-374595349
-86579848,220884345,-373345401
-83250118,226664093,-374404531
-77401164,230558872,-376817854
-76584350,229518875,-377774141
-78409119,230420995,-377436849
-80186953,231799283,-377128933
-80854578,232904182,-377248742
-79037970,232782178,-377818757
-80400206,233317422,-377645501
#!,zero-counter: 2151
-77565360,235484273,-398184296
-76745865,235045094,-398581451
-75861660,234552234,-398985040
-75077470,234114816,-399378451
-74446544,233770982,-399618957
-73802106,233413042,-399935947
-74098304,233550929,-399687381
-75144452,234131951,-399222712
-76040767,234642944,-398905382
#!,zero-counter: 6440
-71411353,234361805,-401414141
-83377989,241292440,-398023807
-82248532,244158655,-397595864
-90960768,240076250,-395315998
-102081290,237472941,-392955573
-104684745,234935681,-394442867
-112790521,233168644,-394519819
-120568981,231222079,-395896737
-129910934,231161075,-398096409
-131867405,230346634,-403166896
-128575123,229054809,-410895713
-123476130,227509047,-421083156
-119324805,225462381,-433776469
-117402259,222331931,-448667612
-116571369,217377936,-464495938
-118845641,211616974,-478829046
-122184822,205015261,-490337845
-127750156,199279952,-498251757
-134651105,195071305,-502920888
-142211929,192302981,-505390508
-150281743,190192851,-507498685
-159176316,187946604,-509894572
-166751841,183997589,-514004178
-171872839,177930663,-520261392
-175390941,170339456,-527953908
-179464498,162760745,-536049967
-185179291,156789113,-543215198
-188435663,150296092,-548697246
-190512345,144689961,-551452701
-190998976,139867477,-551391860
-189590755,135205081,-548354812
-194011836,132598529,-549378887
-201480287,136764113,-551714184
-213963409,148859954,-554552752
-214582420,162826336,-560205595
-188777961,166032704,-574107395
-163166577,168785688,-590384486
-142810572,163973182,-609785244
-136740414,156910315,-627786430
-137384906,152002900,-642904808
-139271705,149935083,-656341205
-142211585,147109212,-668174571
-150325069,144173660,-677023667
-162926985,142829570,-682558281
-173659774,141739019,-685462243
-180324664,141833169,-685758985
-182091337,144239261,-683435368
-179132002,149935292,-679000451
-171395819,159004422,-672660780
-157396224,168852641,-667944025
-142271742,179312807,-667790132
-126511641,187930058,-672504492
-115345357,195545710,-681253373
-94661154,189691310,-694781918
-78178064,178654511,-705750016
-79517164,176464549,-708591161
-81835953,178225620,-706527139
-81985903,181869780,-702704336
-84972581,188487865,-698846119
-89628850,196203369,-696574609
-93439472,203308742,-696008509
-97426028,210538018,-695984458
-100549088,216315431,-696505642
-103100772,220532700,-697731098
-104881404,223818977,-699002749
-105939920,226173560,-700343271
-107586129,227698129,-702042210
-109665125,227901385,-704152879
-112314364,227487828,-705714684
-116414913,228139998,-705725919
-121029389,227879904,-704413381
-126168773,226674809,-702254264
-128568497,223765877,-700514775
-127076048,220734515,-699383196
-121850228,219279812,-699505446
-112102812,218857834,-702212495
-99544944,219045614,-707454889
-87808889,220163747,-712907358
-79173275,220932551,-717436927
-74045662,221085011,-720921016
-70160118,221123821,-724510984
-65018058,220441741,-728930331
-59398772,220041239,-733851895
-53434505,220480425,-738624167
-46843023,221932323,-743323830
-40287650,223830622,-747653079
-35343185,226650683,-751395754
-30839726,228419051,-754889198
-26206483,228883162,-758409099
-22094575,228993128,-761692683
-18222882,228349506,-765224453
-12925410,226144285,-769616369
-6411211,223535044,-774640690
-300971,221916972,-780237717
3555425,222863895,-785355781
-3721356,236309227,-787030605
-14245191,254807229,-785368969
-21785135,269581470,-781558187
-28814499,283697366,-775063158
-35702955,297111805,-766103469
-42314259,309827909,-755216928
-48857519,321744706,-743310667
-50177613,326806131,-734062641
-51292800,329878210,-726620690
-57049127,334071598,-719178014
-60467111,334416384,-714472176
-63283309,332923106,-711600809
-66802832,330210383,-710530696
-72412918,326397073,-711696613
-80061729,321355134,-714850296
-87436933,313509065,-719622465
-96286655,305865986,-723744135
-103126260,296550677,-726978594
-107412869,286822381,-728326722
-109982743,278070588,-727630101
-112409242,272270220,-724331430
-114055109,268727535,-719111033
-114202532,266018262,-713237676
-109781597,261716784,-710179103
-100754281,255561847,-710501290
-88164254,249424641,-713044726
-73143528,244139339,-716441573
-57463883,239018552,-720470121
-44849097,234956876,-724485698
-37296140,232464240,-727619314
-32736884,229769809,-730148242
-29111229,226440581,-732571839
-25995432,223401798,-735104511
-22389205,220724992,-737909847
-17688232,217945871,-740891029
-12667743,214734003,-744001894
-8157760,211169790,-747008930
-5413948,208202414,-749828953
-3071272,204977579,-752939566
-446747,201464166,-756113149
2599100,197835028,-758810886
5743338,194658279,-760491541
8892081,191944239,-761201351
11925746,189485104,-761163089
15246167,187584219,-760688379
19476892,185883806,-759879262
23881675,184275615,-758866869
27446342,182864942,-757557449
29706611,181524388,-756239023
31160079,180024682,-755132852
32140816,178812250,-754436920
32505885,178265009,-753993081
31621106,178736226,-753151394
30692967,179446975,-752744553
28764682,179990076,-752350032
26129564,180001565,-751830690
23695781,179391299,-751125836
21825028,178348219,-750221319
20646809,176923682,-749107524
20445986,175615599,-748213618
21179310,175136842,-747295002
22362771,175647408,-746166840
23374769,176788666,-744681124
23426963,178348307,-742914971
22197834,179750296,-741350806
19465792,180806512,-740312803
15882840,181403240,-739786244
12323250,181465388,-739309019
9627824,181065068,-738707003
7457556,180928551,-737693683
4958511,181213513,-736557816
1797052,181682450,-736027449
-2556028,182765362,-736393854
-8209675,184363081,-737402039
-14655459,185751472,-738442790
-21022575,186604280,-739002964
-27598381,187809662,-738822805
-33671893,188736118,-738112088
-39516677,189487566,-736951929
-44751988,190183292,-735658132
-49226644,190888672,-734321287
-52947725,191425226,-732917939
-56111633,192087469,-731164607
-58317387,192763223,-728954037
-58767982,193149375,-726468045
-57449868,193396538,-723971070
-54928531,193818589,-721784638
-51899723,194046871,-720323790
-49152509,193540561,-719810365
-47572143,192623166,-719961882
-47161481,192009588,-720193185
-47321850,193149220,-720079933
-47112707,194650661,-720159913
1240193,93313356,-842569893
-170293881,94989744,-841957049
-169673573,95236392,-841896393
-170769212,92703329,-842772055
-171240193,93313356,-842569893
-170293881,94989744,-841957049
-169673573,95236392,-841896393
#!,zero-counter: 226
-162882149,97974002,-833892902
-163267486,97836870,-834450321
-164082509,97770379,-835226660
-164458848,97953349,-837298061
-163744503,97897828,-838896390
-162451147,98229051,-839854204
-160034251,98258790,-841987003
-158194682,98755837,-843204204
-157661035,98483668,-842621283
-156317311,98633258,-842732801
-154033019,99373236,-843070966
-151630668,100588224,-843095467
-149960497,101882130,-843169691
-149235017,103214635,-843130132
-149178615,104761712,-842932267
-149256566,106809265,-842339241
-149525623,108840341,-841432390
-149902434,110519928,-840840631
-150312339,111892174,-840195750
-150655334,112519213,-839744153
-151423404,112925037,-838855624
-154973298,113005276,-835554535
-160828060,112646448,-831420380
-167876186,111973209,-827382724
-172418722,110497168,-824396657
-176950288,108712013,-821296572
-178802909,107358745,-819169643
-180497482,106354849,-817501403
-181545391,104289852,-815826616
-181056943,103670103,-815097869
-179982694,103711641,-815032715
-176670128,103338218,-815698928
-171087081,106743743,-818493605
-164179836,110087590,-822555298
-159465416,112282740,-825349814
-156868902,114988994,-827342218
-153676637,117411818,-829317732
-153486275,118546676,-829719450
-149014130,120851713,-831170848
-146965568,123279879,-832049860
-146734882,123734036,-832110424
-145826266,124587782,-832087439
-145143729,125367088,-831924338
#!,zero-counter: 54
-145020279,124135556,-832076932
-145225262,125181743,-831690107
-145397133,126637475,-831209819
-145319210,128258988,-830707562
-144997757,129762021,-830065580
-144920307,131324568,-828488057
-145587188,132506646,-825792456
-146274839,133430957,-823605832
-146426290,134570058,-821824209
-146112127,136076736,-819965923
-145552549,137873155,-818060113
-144706751,139807717,-816401936
-143654936,141747721,-814777392
-142817578,143598463,-812933724
-142236323,145215009,-810856389
-142127093,146291014,-808717152
-142686957,147165203,-806755613
-143899628,147800243,-804869319
-145671849,148206334,-803416728
-147964364,148455260,-802643334
-151029971,148490388,-802615452
-154397607,147733048,-803631418
-157433064,146045187,-805519442
-159552823,143861685,-807398624
-159257098,141834929,-808332530
-158036173,139713265,-808903410
-156832577,138207536,-809106811
-157019493,136737642,-808898426
-157474051,134544768,-808765505
-157270146,133232147,-808919329
-157478579,132073561,-809036091
-158237703,130525090,-809388565
-158628711,129893735,-809555263
-158903200,129440784,-810633177
-157324918,129661265,-812791414
-154881744,131241365,-815267760
-151360879,133007661,-817345573
-148537784,135359243,-818813235
-147014595,136639330,-819685162
-145523962,138170637,-820465325
-145223246,139670756,-820682654
-144370403,140773712,-820818182
-143764102,141595630,-821196376
-142678055,142550599,-821454081
-141722708,143917753,-821480126
-142329625,145682096,-819994754
-144021395,146211163,-817515217
-146560044,146202846,-815172150
-149206878,144344688,-812875842
-152396709,142191803,-810222212
-154079765,140498641,-809375643
-154267041,139201600,-809646432
-154473575,138429119,-809659265
-155043514,137680549,-809129537
-155777739,137145875,-808430724
-152004440,139467341,-810428471
-149575024,140557672,-811589803
-147402168,141903795,-812578662
-146033511,143539910,-813464086
-146035768,144290307,-813607975
-145532686,145199989,-813497629
-144297276,146530480,-813506338
-142603533,147690545,-813685099
-141031012,148627982,-814096352
-139743888,149149555,-814540695
-138651052,149052423,-814987044
-137973571,148651420,-815414156
-138306122,146601406,-815871126
-138671581,145984995,-815963943
#!,zero-counter: 65
-140847393,149048098,-815335026
-140790546,150167635,-814932698
-140323362,151560571,-813758102
-140200511,153291667,-811063944
-140241949,154301977,-807469806
-139944859,154890653,-803996273
-139622271,155822684,-800382021
-139400188,157005725,-796862335
-139438933,158127002,-793777534
-139852979,158918938,-791387057
-140729384,159455153,-789656029
-142163486,159666381,-788387032
-144430175,159303572,-787513370
-147553832,158296932,-787018811
-151728010,156475730,-786759463
-156478752,153852959,-786768279
-161176598,150704938,-787401216
-165019653,147742535,-788624224
-167903450,145476716,-790052481
-169374774,143523319,-790755888
-170193714,141634131,-791394771
-170564837,140222422,-791520614
-170926675,139352862,-791201921
-170822014,139041018,-790770588
-169102005,139853850,-791127773
-165920519,141769247,-792628130
-162505056,143932361,-795395290
-157081436,146813930,-799799953
-153767987,149849769,-802363089
-152383213,151790255,-804552279
-150518956,154190125,-806172199
-148442036,156460001,-807768376
-146927019,158745124,-808592720
-147113903,159827528,-808318318
-145599624,161898145,-808493245
-145248597,163968407,-807152562
-146936852,165726595,-804334215
-150351383,166950701,-801674963
-153085871,166177570,-799759237
-153505093,165677828,-799104775
-153905425,164372408,-798833069
-153370995,163012324,-799269489
-154187445,160596183,-800080738
-155551521,156920654,-801407776
-156818428,153196619,-803012698
-157234604,149526134,-804620453
-156790252,147590862,-805608063
-155395785,145550360,-806981683
-153811146,144204918,-808542947
-152953461,144055381,-809113817
-153039328,144166977,-808608957
-152756590,145459893,-809392018
-152867402,146513483,-809644844
-152670108,147787140,-809600366
-152322259,149277691,-809395042
-151547914,150746142,-809306553
-150273597,153052487,-808834347
-149458287,155755950,-807557652
-150445763,158287559,-805259834
-153448044,159820220,-802356738
-156320265,160976320,-800246642
-158090797,161712336,-799384120
-160321041,162552594,-797981598
-162354699,163934976,-795690599
-163540909,163920731,-795225773
-163143009,164343517,-795015715
-162477550,164817475,-794846249
#!,zero-counter: 71
-158165524,166528984,-794642828
-158912028,167136656,-793956101
-160531358,167685315,-792089911
-162257404,168697451,-789010791
-162835845,169927216,-785964488
-162209319,171481461,-783622769
-160553178,172970057,-781980605
-158498381,174433971,-780738934
-156671742,175943505,-780080779
-155384261,177437498,-779882334
-154628578,179029948,-780341821
-154437210,180310602,-781303704
-154771885,181014496,-782631024
-155150443,181303656,-784230273
-155561665,181306460,-786047534
-156248745,180856486,-788121162
-157438850,180019552,-790325004
-159271269,179021175,-791799050
-159685114,178375434,-792236775
-159475734,177345220,-793057148
-159964660,176613507,-792983421
-161241443,176764280,-791784690
-165770487,177705961,-789330481
-171048076,177915035,-785033189
-175632972,177618791,-781917324
-176051686,177031610,-781590547
-176530613,177717192,-781408737
-178679857,177908443,-779856008
-181688520,177088978,-777822546
-182021436,176477684,-777236064
-181057060,174916084,-777079963
-179827711,172629718,-778072785
-176905838,170416260,-779673542
-173705977,168827356,-781556418
-170747886,168954780,-783328841
-168015994,170403150,-785174232
-165321972,173709746,-787149116
-164576603,177325235,-788067157
-165094529,180029875,-788265141
-165704847,182081665,-788278888
-165544024,184545689,-787869022
-165532286,186204855,-787329499
-164669103,187448443,-787424227
-163030106,188521643,-787883373
-161605498,189243946,-788410950
-162409880,188974405,-787247601
-164312311,188462739,-785639930
-164341789,187354122,-785524052
-166369493,186179682,-784258579
-167041827,184981853,-783665061
-167788892,184665817,-783530163
-168971107,184142135,-782546884
#!,zero-counter: 59
-164343958,183432438,-783079720
-163876674,184103403,-782829022
-163325249,185000183,-782494267
-162482094,185899175,-782293350
-161466816,186733788,-782238419
-160549996,187508401,-781796368
-160013572,187978356,-780436495
-159505707,188002340,-778427654
-158534206,187875922,-776096310
-156919805,187875224,-773445804
-154980504,188248809,-770497327
-153463445,189376251,-767300589
-152334471,191948918,-763753243
-151766312,194283120,-760863952
-152258941,196103245,-758914140
-152675476,197934549,-757181135
-153083765,199148574,-755694961
-154489677,198693973,-755322731
-155718776,197507616,-755913789
-155786989,196719615,-757037276
-154690100,196665377,-758555701
-152704814,197479048,-760378139
-150200056,198860219,-762780027
-147745910,200329542,-765764743
-145842229,201396013,-769296966
-145224206,201876542,-773068358
-146023589,201368653,-776666617
-147729638,199877428,-780244272
-149651129,197706198,-783931280
-151272197,195229951,-787617959
-152383142,192867173,-790759236
-152616181,190622007,-793322265
-152089346,188419222,-795455073
-151075144,186724602,-797185349
-150086796,185444469,-798141538
-149500109,184317851,-798290199
-148887996,183176918,-798283141
-148231649,182238149,-798527063
-147918799,181355333,-798931915
-148324440,180572121,-799437990
-149005141,179919783,-800258676
-149857692,179419476,-801427258
-151046182,178864969,-802689139
-152823447,178150799,-803857009
-155286263,176932875,-804713599
-158171916,175162026,-805433968
-161038599,172994205,-806214567
-163554193,170735558,-807310128
-165857536,168524523,-808726607
-167863851,166402753,-810705938
-169615622,164378128,-812271521
-170522561,162349287,-812848362
-170757339,160924241,-813511144
-170752233,160383957,-814168351
-170676425,160313638,-814599232
-169611878,160564259,-815822175
-168604133,161164926,-817308233
-167348089,162374806,-818227440
-165317326,164040192,-819349332
-163034910,166111531,-820610684
-161112482,168344578,-821060508
-160556645,169985557,-820681221
-159997738,171771655,-820263894
-159589243,173333992,-819904591
-158944452,174194419,-819847584
-157993488,175004262,-819694830
-158453478,175795776,-817636583
-160564294,176678568,-813960909
-161982998,176126723,-811472106
-163416279,176107126,-809650756
-163417880,175470245,-808857776
-162810806,174152214,-809289527
-163115049,172414657,-809275298
-163657797,170238204,-809526845
-165540959,168071823,-809987878
-166405777,165498062,-810962052
-166739907,164440666,-811470335
-166786609,163737192,-812216980
-166090275,163008652,-812931412
-165991332,162759156,-813334954
-165021820,163178230,-812369134
-165505125,164403114,-810707510
-165303908,165391672,-809325698
-165161560,166458036,-808520534
-164714004,167146973,-808302159
-163963925,167693750,-808200410
-163492829,168543052,-807304919
-163539004,169728713,-805774200
-163784432,170322548,-804940209
-164230091,170603633,-804096506
-164354364,170491543,-803552311
#!,zero-counter: 24
-163121740,169919738,-802405069
-165088570,169958996,-800235657
#!,zero-counter: 162
-164908470,173332051,-798109036
-164773792,173980449,-797551453
-164642478,174669519,-797078412
-164146244,176271120,-796278416
-164154562,176996410,-795510531
-164383126,177263769,-794419603
-164861463,177214734,-793140985
-165582155,176980247,-791987510
-166530678,176779762,-791105885
-167544533,176445743,-790578548
-168634444,175909912,-790741642
-169879007,175161844,-791622343
-171494171,174271469,-792595674
-172179308,173051032,-793174310
-171329613,171847506,-793574303
-169321526,172803620,-794558621
-167041093,174248991,-795921104
-164907488,175866323,-797379034
-164280783,176607183,-798246229
-164419436,176774315,-798751573
-162646483,177623167,-799251577
-162165591,178597572,-799530325
-161664202,179698823,-799373804
-161215970,180673285,-799308408
-160980854,181850564,-798884552
-161059371,183635652,-797802452
-161915953,185544553,-796055748
-162567070,186057610,-795453962
-162847803,186529541,-795307993
-163049274,186873391,-794494229
-165112120,187365414,-793081985
-167935469,186785094,-791083861
-169762987,186208826,-789873255
-172578522,184695131,-788553390
-173514760,183226303,-787698066
-174204786,182586776,-787349183
-174477286,181857234,-786947167
-175317491,181054766,-786554505
-175713366,179848159,-786409321
-176083914,179313215,-786228766
-174836620,179042301,-786307757
-173099049,180139511,-786966848
-170804572,181363545,-787823863
-170296930,181873434,-787877606
-169313948,182500201,-788045420
-168389479,183178479,-788094557
-164057279,186049222,-789884253
-163274037,188380337,-791289209
-164508088,187768834,-790937940
-164783888,188264064,-791039908
#!,zero-counter: 74
-162128229,190317650,-790788798
-161324382,191109530,-790826106
-161290593,191782516,-790219523
-161884448,191138900,-789005914
-162518983,190187183,-787066525
-162439639,189538133,-784920196
-161588417,189454471,-782849227
-160380058,189705131,-780881303
-159090839,190082464,-778849396
-158033725,190709743,-776740295
-157574269,191129883,-774943312
-158226628,191195414,-773513372
-160111813,190890636,-772260014
-162887494,190209519,-771188607
-165916195,188898969,-770112715
-169158865,187161726,-769267099
-172214737,184836043,-768988212
-174832139,182237603,-769444236
-177193950,179822086,-770563661
-179417903,177689061,-771889877
-180926054,176230591,-773327789
-181432433,175172685,-774174322
-181440310,174163707,-774736862
-183155674,173990306,-774006048
-184121842,173984969,-773513908
-184406235,174662997,-773616515
-182199760,177078080,-775239953
-179134314,180982871,-778010189
-177464108,185130654,-779855977
-175612034,188471576,-781057025
-173363081,191320176,-782591664
-171443395,194454545,-783864057
-170620214,196699368,-784403214
-170603929,198347360,-784369827
-170024790,198951311,-784407262
-168509694,200126200,-784785918
-167849264,201131444,-784819874
-169479170,201459150,-783058033
-173328862,201095798,-779972263
-176330220,199977361,-778195533
-178015700,197613856,-777559282
-179136667,195128751,-777649933
-180254281,192220723,-778451004
-179408079,189367224,-779621146
-178482026,186552444,-781047065
-177043448,182940379,-783780672
-174802592,181493508,-785601355
-172975721,181154970,-786997930
-170902025,180706463,-789118174
-168292633,181373659,-791318643
-167076325,182422809,-792257852
-167409803,183103870,-791740879
-167249880,184340803,-791709028
-166769506,185705733,-791128871
-167608728,187033342,-789712945
-169317587,187717695,-788078281
-171461650,188186155,-786806650
-174177217,189610992,-784704032
-178335322,191758019,-780239203
-181981938,193454706,-777444045
-184355468,194363911,-775736800
-185057324,194821740,-775671666
-186402764,195606105,-773766257
-187192991,195419518,-772567068
#!,zero-counter: 58
-183434642,195952725,-773237199
-182539011,197005631,-773235674
-181651041,197828493,-772869236
-181036006,198240618,-771781597
-180771310,198801997,-769978488
-180881888,198989711,-767907275
-181678405,199595536,-765731485
-182895158,200551982,-763731558
-184440488,201521193,-762077389
-186051794,202025692,-761186605
-187461098,202145241,-761068758
-188830511,202081758,-761545205
-190730883,201583161,-762347581
-192977088,200690922,-763478946
-194971032,199798654,-764584166
-195547658,198465550,-765163117
-196209581,197460615,-765545479
-195867924,199462634,-765954223
-194066898,202299615,-767752697
-192301138,205678440,-769258084
-189683523,207727967,-770783330
-186260924,209783322,-772832424
-182559508,212412722,-775329780
-181433281,214006243,-776243750
-179799171,215197165,-776960772
-177727373,216035929,-777835087
-175947116,217033330,-778412375
-174670225,217267583,-778653432
-173841732,216874581,-779336457
-174550703,215856180,-779556252
-177639044,212855849,-777645980
-181799172,208674439,-774716263
-185726128,205346331,-771534468
-188926832,201478969,-768974011
-190298234,198226554,-767397303
-192237990,197522742,-765857059
-194065083,197639049,-764744606
-197382465,198752462,-763722776
-200642482,199443745,-762655778
-202736968,200945558,-761335639
-203861788,202473738,-760292207
-202828195,204520446,-759913692
-201209509,206083718,-760793890
-198632342,207384613,-761736122
-194762097,209048056,-763192018
-190864109,210640486,-765081941
-187365683,210341196,-767272190
-184779767,210083414,-769034646
-181957746,208785407,-771298124
-180546286,208147887,-772355893
-179731283,207086566,-772849997
-179057971,206265679,-773343007
-179110506,205108723,-773639207
-180500264,204250414,-773830428
#!,zero-counter: 57
-180912137,207223667,-771937883
-181502688,208199041,-770711123
-182674865,209128530,-768938580
-184131537,209973229,-766802278
-185698346,210861484,-764316147
-187551287,211643257,-761555149
-189571507,212240030,-758767302
-191487600,213078679,-756064438
-192681951,213922070,-753796087
-193658894,214980418,-752057854
-194406335,215896783,-750852037
-195607824,216897535,-749789426
-197462905,217619081,-748696063
-199878828,217994741,-747369089
-202507206,218202701,-746170216
-204924659,218124996,-745370258
-207004895,217460709,-745085156
-208505319,216492580,-745343756
-209602914,215564535,-746056479
-211051208,214567643,-746964901
-212855358,213654862,-747976775
-215159116,212851833,-749063600
-216435668,212072355,-749292438
-217504345,211685067,-749257207
-217869568,210821245,-749342807
-216436504,210433519,-749597407
-213715025,210420066,-750455929
-208102151,211188905,-752999897
-204419827,212912690,-755157652
-202887530,214413161,-755991970
-203293080,215444748,-755664207
-202834330,216603901,-755569017
-202068130,217815472,-755625583
-201226296,218413180,-755844031
-200244682,218821183,-756727585
-199740504,218969005,-757436550
-200948405,218707861,-757156140
-203712895,218174584,-755209016
-206978994,218747541,-752762388
-210903687,218908044,-750298035
-214501804,218663127,-747541981
-216254574,217154980,-745611735
-217746331,216548356,-744550245
-217361167,215047015,-744058143
-216379361,214217884,-744297446
-216326259,212420250,-744771380
-215366891,212529262,-745560580
-214225285,214001345,-746742087
-212742919,217386104,-747983437
-211983304,221339861,-748213816
-212184120,224942858,-747764835
-211698981,227475000,-747580570
-211006082,229670788,-747477437
-208925342,231660287,-747853499
-208154717,231997681,-747949866
-206792360,231937697,-748382256
-205717539,231860408,-749052470
-204657185,231372717,-749728627
-203578934,230684977,-750326204
-202554282,229922083,-750837194
-202156134,229269121,-751133337
#!,zero-counter: 53
-199147965,225090556,-752158578
-198037913,224983010,-752416788
-196945984,225038482,-752515654
-195881978,225237152,-752496682
-194045818,225563912,-752182968
-190869989,226942398,-750670689
-186478837,228660160,-747365371
-181270217,229498447,-743364678
-175657753,229508067,-739509322
-169855780,228099633,-736006658
-164577998,225918529,-732908817
-159972929,223106990,-730457091
-156101261,221326550,-728569182
-152814251,220579800,-728013217
-150381699,220535121,-728538142
-148630749,220978069,-729573275
-147272012,221288312,-730978455
-146336485,221126390,-732902591
-146457817,220572140,-735030790
-147205999,219684229,-737165698
-148590100,218772155,-739429512
-150564835,217899848,-742138673
-152767280,216863093,-745257718
-154825684,215445892,-748655026
-157037956,213461540,-752247313
-159770727,210989473,-755494377
-162357278,208427061,-757793307
-164135892,206159065,-759024939
-165179314,204532014,-759478477
-165676742,203066284,-759656014
-165816044,201808241,-759990831
-165993136,200688740,-760625464
-166667046,199731985,-761400290
-167874844,198838198,-762142593
-169763876,198274845,-762538119
-172025887,197835145,-762802923
-174646483,197253194,-763211801
-177744816,196146186,-763761825
-181133014,194380376,-764740853
-184931839,192250150,-766117030
-188829186,190119049,-767954672
-192396347,188284722,-770317294
-194290732,185425826,-771692754
-194346949,183424395,-772570389
-191385503,183234239,-774623041
-188108862,184653854,-777182136
-185839668,186882441,-779118088
-184313238,188058567,-780317078
-181922943,189946829,-781702103
-178411235,193548269,-783988099
-176597113,196823051,-785431181
-175634024,199639408,-786214961
-175265683,202674811,-786583143
-174860622,205966462,-786610990
-174933471,208883898,-786215373
-175829071,210718224,-785563066
-174619395,211549975,-785025582
-176359777,211852130,-782234190
-182012929,210454392,-776957323
-188243044,207779744,-772512505
-190426886,203768011,-771090075
-189102679,201656315,-772207582
-189184640,199761957,-772915717
-191114135,197588324,-773128917
-193281749,194616324,-774170534
-194666753,191422488,-776494778
-193433282,189193320,-779755220
-191228151,188350809,-782539781
-189828005,188172042,-784393810
-187715925,188561054,-786110081
-186135146,189517811,-787177907
-184929063,190496790,-787818971
-184310709,191523521,-788269317
-184469991,191984441,-788613844
-183004356,192695761,-788937326
-182431490,193227573,-788402880
-182910861,194028494,-786844149
-184739987,194790519,-782698119
-188587122,195962338,-778972428
-190195220,196532379,-777426725
-191931609,197200173,-775551398
-192559571,197456751,-773860306
-194718623,199813410,-771713156
-195612715,200589129,-770278307
#!,zero-counter: 85
-188976240,201454175,-769391149
-187429863,202364729,-769476548
-185472106,202708085,-769665817
-183605396,202630819,-768767763
-181041543,202564722,-766917853
-177807196,202736176,-765046064
-174693750,202733944,-763871073
-172138046,202630548,-762954641
-169987429,202802093,-761720911
-168046401,203382440,-760006919
-166419724,203552739,-757869096
-165131469,202982079,-755394124
-163892727,201839997,-753036747
-162895130,200681083,-750702447
-161122431,199565828,-748743664
-158997953,198652700,-747860021
-156889450,198062597,-747688951
-154987889,197753376,-747458768
-153534282,197757725,-747373658
-152626115,197209788,-749067850
-153202324,196462073,-750744364
-154049286,195641665,-752705471
-155199302,194669400,-754868304
-156288699,193596798,-757245198
-157190650,192487003,-759710956
-157681264,191497930,-762054064
-157595688,190723520,-764188243
-156937839,189800612,-766110515
-156330239,188966872,-767788810
-155674126,188065120,-769324636
-155370987,187304571,-770514836
-155510096,186637942,-771382796
-156123294,186015608,-771989736
-157073963,185375817,-772395022
-158274357,184549350,-772642035
-159585895,183571481,-773003762
-161014461,182378389,-773645150
-162674372,180939979,-774639463
-164672438,179422364,-776083925
-167172661,177872681,-777661074
-170091202,176315875,-779157422
-172961153,174873726,-780384819
-175796123,173568565,-781675058
-178419680,172334247,-782712504
-180428181,171099339,-783522335
-181207923,170160883,-783729420
-180733842,170065634,-783888530
-179415092,171216063,-785199386
-177527298,172461165,-787069213
-176518126,174469302,-788304809
-175481255,176744334,-789089097
-174296089,179044667,-789949194
-171441610,181207737,-791517806
-169283730,183557904,-792624411
-167564620,185859741,-793664824
-165693646,188395830,-794691445
-164052528,191620568,-796034995
-163037934,194769993,-797221876
-164420174,196652726,-796834584
-164789589,197214123,-795903845
-164093426,197901806,-795744697
-163484079,196885332,-796660966
-161063125,197004812,-796609857
-161251702,197740333,-795327335
-162862829,198304215,-792906627
-164390777,197780130,-790618268
-166228825,198158711,-789020929
-167521308,197679506,-788168675
-169465233,197049772,-787157681
-171185930,196174596,-785618282
-175157090,196026655,-782915682
-177564684,194952847,-780371755
-178884378,194886204,-779275857
#!,zero-counter: 147
-180909179,196207061,-777938133
-180628069,196981972,-777518926
-180625075,197919115,-776896025
-180574123,198272770,-775794673
-179558683,198830737,-774034082
-177217434,199926496,-772180040
-174851545,200853268,-770748172
-173006072,201744579,-769436262
-171712379,202662077,-768177551
-171011759,203525165,-767056825
-171108834,204411672,-766051656
-172009215,205237774,-764959682
-173610261,205978466,-763645450
-175443458,206644918,-762236331
-177219503,207131712,-761102344
-178555355,206866505,-760803066
-179740082,206391502,-761134629
-180774010,205892438,-761598274
-181799360,205413910,-762300380
-182789925,204955507,-763057339
-183887680,204564336,-763971073
-185316792,204195647,-764947412
-187151387,203813139,-765912394
-189430356,203251162,-766856529
-191640019,202473089,-767745230
-192592437,201254448,-768267351
-192869268,200344220,-768651985
-190857123,200785896,-769470438
-188580943,201731750,-770844488
-186212702,203875623,-772775679
-184717469,205594327,-774252999
-183993918,207078005,-774988644
-183668523,208445876,-775580468
-183057010,209140772,-776153452
-182838265,209950830,-776404866
#!,zero-counter: 70
-179306950,209904383,-776551862
-180253186,210034391,-775724527
#!,zero-counter: 49
-181024433,208484002,-774306082
-183576473,207639646,-772215162
-185818764,207450816,-770021539
-186568039,206844682,-768619148
-188056113,206827001,-767459551
-188391614,206380703,-766813253
-188172956,205557545,-766503508
-189062003,203956632,-766000465
-190034392,202028369,-766027267
-189120702,201023315,-766468758
-188871900,199361932,-767033422
-188449586,198169782,-767350734
-188012482,197414167,-767681725
-189007274,195655629,-767479138
-192096091,193759243,-766489291
-194350533,190599656,-765900679
-194170734,188210850,-765999689
-193501579,187562046,-766322838
-193457499,186885664,-767634323
-191219457,187939003,-769221294
-190584150,189315295,-770066187
-190000599,190368309,-770087556
-187635983,192280753,-771977049
-186212376,194446608,-773480757
#!,zero-counter: 128
-182889525,193832965,-775860867
-182132487,194267737,-775810424
-181174756,194613863,-775712584
-180707827,194560777,-775032119
-180507232,193827753,-774017015
-180302228,193170356,-773155708
-179307155,193028767,-772196224
-177512239,193538432,-770858790
-175553498,194410756,-769227916
-173666198,195521513,-767333243
-171600457,196648123,-765486270
-169549002,197837307,-763785390
-167305652,199169632,-761877116
-165722931,199749799,-760500532
-164799075,200536688,-759188483
-163578036,200966341,-758415949
-161938278,201449199,-758352047
-159586558,202254058,-758451512
-156778079,203508467,-758360273
-153790835,205228237,-758275706
-151192006,207138311,-758553779
-149510156,208764023,-759645086
-149125294,209845778,-761325583
-149934845,210301272,-763246963
-151269578,210352713,-765090109
-152576710,210270139,-767190025
-153632230,210188869,-769576509
-154368402,209825591,-772540048
-155001650,209045064,-776174743
-156028771,207775194,-780271155
-157380274,206263437,-783956968
-158247067,205184026,-786528778
-158303076,204568529,-788108516
-157895578,204242244,-789003297
-157206572,204018931,-789920377
-156467084,204101893,-791235823
-156126919,204345538,-792884904
-156425125,204520797,-794693007
-157311313,204532587,-796484888
-158649403,204319794,-798145746
-160332248,203855153,-799469387
-162176275,203016686,-800603935
-164527828,201967656,-801378106
-167284672,200594580,-802060530
-170503546,199026869,-803092460
-174306102,197321813,-804448465
-178124547,195309049,-805743455
-178886895,193975370,-806376535
-179002752,192455995,-806848643
-180075760,191688641,-806348176
-177410876,193589908,-807606834
-173317719,195725719,-810179318
-170223130,198278086,-812389688
-169576720,200105390,-812813267
-169574293,201546545,-812737359
-169967772,202513990,-812396520
-169664849,202932642,-811840498
-168561091,203552344,-811826404
-167390202,203820207,-811953575
-169283358,201797872,-809956763
-172412811,199219359,-807241298
-174858400,197070462,-804864412
-178597411,193220912,-801406028
-182193252,190929971,-797371160
-185795310,189493506,-794301315
-187598338,189139723,-793787054
-189922611,188697662,-793707981
-191664192,188720381,-792689198
-190867741,190114969,-792050575
-188540959,193011369,-792213143
-184538404,196143048,-794394056
-182283516,199914109,-796055466
-181633155,203181963,-796729855
-182195252,204365202,-796276954
-181185166,204736464,-795942928
-179294345,205088728,-796308622
-177478579,204504659,-797074508
-176059093,203355650,-798149070
-175245070,201767868,-798952983
-176609477,199798192,-798486003
-176995932,198092256,-797403362
-179035134,197186939,-794852081
-180889144,196354720,-792468023
-183647619,197060641,-789590835
-184153294,197346515,-787610507
-184540395,198190021,-786711586
-184440484,199288524,-786127232
-181598185,201222947,-786803143
-179014994,202927015,-788451363
-176470633,203674412,-790792354
-174479922,203841721,-792507630
-173517943,204665631,-793271620
-171079696,205074352,-794647980
-170273548,205221211,-795102898
-169604474,204858742,-795227383
-168928883,204558422,-795813333
-168605785,204062800,-796436188
-168549063,203655800,-797009627
#!,zero-counter: 24
-170792854,206687286,-793503538
-171409114,206889235,-793107818
#!,zero-counter: 28
-171807970,208090449,-791709728
-172372380,209193898,-791005086
-172642481,210323687,-790421717
-172412017,211566806,-789895934
-171226807,212555909,-788398227
-169123069,213246572,-785815383
-166781185,213898788,-783291094
-164675254,214527381,-781666538
-163118233,215058657,-780648896
-162122892,215513028,-780039309
-162746021,216777359,-780011461
-163578588,216822606,-779642184
-164133609,216543714,-778873902
-164645452,216051729,-778115542
-165280992,215618397,-777390284
-165969670,215360017,-776675786
-166898173,215128595,-776217289
-168278917,214666003,-776192862
-170112858,214031668,-776787341
-172353284,213200847,-777791190
-174736586,212262839,-779051131
-177068021,211233605,-780517091
-179518493,210010302,-782022643
-179875365,208122932,-783020075
-179195218,207463431,-783108400
-178173807,208104322,-782259154
-178225563,208953302,-781319657
-178575515,209455249,-779495683
-180888301,210602808,-776314911
-185120998,211102609,-772549336
-187244777,210396504,-769920803
-188745671,210579218,-768593007
-190162566,209984549,-767568252
-191172490,209417937,-766953929
-193035413,208644079,-766213155
-195070486,206750007,-765402819
-196062218,205904665,-765355273
-196651218,204609200,-766095441
-195188238,202608823,-768983509
-190465519,202406231,-773430763
-184447705,203439988,-778900770
-179960974,204566606,-782752342
-176629628,206483543,-785115218
-174652310,208444293,-786501856
-173900549,210178598,-786947322
-174155944,212018509,-787203669
-173666202,214006670,-786795095
-173455688,215785151,-786380780
-173605157,216827051,-785713868
-174233352,218285511,-783985150
-176227458,219514834,-781421378
-178229029,220354483,-779159129
-180591684,220933364,-777171761
-182496748,220478845,-774833559
-185383494,219196334,-771889925
-187030853,217834194,-769446821
-185894576,216378738,-769683372
-186954603,214754040,-769197280
-188675198,213850928,-768000175
#!,zero-counter: 54
-184796268,211778277,-770240170
-183400610,210806308,-769309788
-182380113,210415418,-767109999
-180817977,209838726,-764738195
-179321257,209547730,-762593229
-178267430,209348434,-760932286
-178117370,209236062,-759724623
-179760360,210273937,-758582257
-180957240,211052644,-758054413
-182556655,211208927,-757827447
-184386544,211238065,-757523449
-185682924,211016604,-757215806
-184139494,210897913,-757246125
-181638530,211533382,-757383587
-178944637,212533044,-757444912
-176385593,213577571,-757652502
-174097784,214523239,-758398838
-172571896,215178211,-759737358
-172510551,215428905,-761286773
-173395196,215138831,-762718602
-174324471,214734533,-763763961
-174952199,214678218,-764368884
-175302662,216519363,-765346856
-175965173,217242906,-766044512
-176992461,217674644,-766891944
-178203978,217830408,-767954613
-179390048,217908605,-768895096
-180417913,217936376,-769467011
-181434877,217811016,-769649379
-182542666,217394759,-769765607
-183989254,216744192,-769977816
-185900031,216011492,-770419153
-188455238,215200026,-771131548
-191678968,214051713,-772081392
-195414748,212653099,-773220775
-199097931,210995271,-774376639
-202207054,209237225,-775354549
-203138095,207717988,-775751186
-203511144,206546205,-776326479
-204535351,205838950,-776074671
-205868371,205513763,-775597606
-204686319,206057372,-776344678
-199897531,208082073,-779611385
-195907316,210673308,-783026639
-193845020,211573361,-786042052
-191065779,213777986,-787931901
-188199400,216293006,-789310652
-185663005,218479971,-790659579
-183799189,220404763,-791924299
-183297489,222137245,-792084016
-182475708,223315301,-792221262
-181100519,224708006,-792390076
-179808657,226435462,-792473318
-180238651,227056441,-792232551
-179907915,228572276,-790484065
-182235590,228826811,-787621809
-187264656,228077840,-783620485
-193132195,227217444,-779667985
-196288764,225467291,-778184651
-197998399,225022014,-778046554
-198697624,224234787,-778348067
-199882169,223314595,-778690916
-200772511,221580884,-779789619
-201763459,218806776,-781838294
-202171929,215426534,-785150803
-200787253,213023534,-787778612
-199325807,211285494,-789702866
-198207147,210062394,-791145961
-197452410,209643616,-791724591
-198416854,210216215,-789679612
-198438395,211083053,-788889909
-198520046,212047920,-787614182
-199176338,213235580,-785485320
-200416518,214208472,-782569016
-201454830,215751578,-780491328
-202942006,217164325,-778967250
-205303396,218607947,-775718497
-208418498,220277136,-771944800
-209915787,220911638,-769937622
-210804096,221698415,-769470950
-211272068,221991877,-768627716
-209916849,222288481,-767906299
#!,zero-counter: 79
-205592644,221628440,-766770987
-206134170,221878155,-766083209
-205879450,222356735,-765623812
-205109088,223151042,-765076673
-204374374,223850511,-764250010
-203688550,224487670,-763276764
-203311839,224951964,-761999718
-203252181,225320831,-760485726
-203283673,225618321,-759167572
-203366485,225821453,-758441124
-204121064,225784090,-759428707
-204834018,225691554,-760794706
-205941863,225512610,-762627116
-207435379,225268091,-764813100
-208086550,224875438,-765044057
-207251628,224792139,-765569385
-204955949,225553050,-766874825
-203506406,226909243,-767576906
-201973243,227770963,-768389364
-199340071,229125655,-770148879
-197182783,230542836,-771509857
-196435384,231672003,-771983709
-195757460,232865054,-772527701
-194865358,234032366,-773024951
-194251099,234530048,-772914295
-194974959,234595761,-771624927
-196868289,233715233,-769162285
-197912826,233324181,-765988350
-198526274,232955019,-763038713
-199839403,232073186,-760661413
-201822442,230248481,-759384516
-204405413,227657003,-759454242
-208520819,223946684,-760692212
-210405637,220119888,-761397821
-211209568,217443595,-761638489
-211246870,214160167,-762448716
-210034740,212113502,-763916574
-209190575,210883359,-764866427
-209476169,210946624,-763890265
-209864194,211855495,-763108371
-210122673,212735764,-762412998
-210265194,213537991,-761969088
-210347965,214232002,-761746662
#!,zero-counter: 88
-208482393,217275362,-762828426
-206993147,218551857,-762480705
-205464112,219996263,-761310411
-203716673,221541461,-759128013
-201157236,223190462,-757059093
-198399477,224662048,-755597007
-196299170,225973225,-754404094
-195543862,226999262,-753593160
-195798689,227479757,-753373521
-197202818,227575600,-753433463
-199267822,227212602,-753602105
-201938717,226776302,-753556685
-204711363,225828260,-753992749
-207307756,224906647,-755140852
-209730336,224343744,-756751707
-212182026,224031342,-758458363
-213222669,223825106,-758889911
-213009102,224335907,-759329510
-212312282,225380450,-760166984
-211266188,226450477,-761137895
-209837893,227822292,-762169063
-207771537,229386628,-763159893
-205834054,229895998,-764372943
-202758946,231400628,-766172072
-200684092,232708625,-767532998
-199586561,233532003,-768261923
-199061393,234427759,-768338806
-198188168,234836145,-768343273
-197318781,235020616,-768723604
-196627106,234389164,-769249180
-197888412,233567972,-768598485
-201176477,232010388,-766282726
-202980785,230351878,-764561058
-204374326,228518990,-762796076
-206885150,227534936,-760078084
-209048147,226344483,-757651339
-209700247,225412723,-757197369
-210722979,225424449,-757553001
-212155732,225223188,-757144550
-213187551,225658015,-756659417
-213304248,226622228,-756630790
-211750008,227580198,-757738090
-210159402,229687814,-759017066
-209529696,230842365,-759648430
-208685795,231888766,-759918521
-207716884,232724160,-760048644
-206441313,233297617,-760340778
-204800123,233516471,-761045728
-202685174,233461390,-761956745
-201331154,233410644,-762419671
-201717923,232916600,-760928020
-203982134,232739711,-758512092
-205859016,232406460,-756456892
-208571982,231912737,-754493945
-211511807,231478309,-752653351
-212169552,231053316,-752527427
-213185335,230941201,-752637711
-214052256,230746163,-752059012
-212832200,231963969,-752460689
-209840996,233420678,-754376662
-208444352,234479474,-755805744
-208020129,235270450,-755836619
-205707268,236076089,-756560090
-201735384,237229058,-758839081
-200616068,238237698,-759536578
-199131103,238036839,-760070128
-198088347,237557998,-760547592
#!,zero-counter: 56
-197291001,238523159,-760894189
-194380511,240418462,-761637700
-191366373,241482244,-760227805
-187798688,242790305,-756472724
-183572288,243428952,-752911744
-180450809,243723223,-750548199
-178498314,244533362,-748702700
-177422460,245350242,-747245713
-177771678,246073781,-746107768
-179284799,246883798,-745264679
-181409945,247212130,-744943391
-184084738,246775539,-745270320
-187062066,246171092,-745918607
-190023531,245032567,-746945753
-193318063,243855920,-748337506
-197142509,242865821,-749983281
-202350574,242619944,-751393418
-208952387,243221359,-752444770
-215051624,244631834,-752046870
-217364237,244656328,-750752847
-219779659,246610225,-749152918
-223710151,249085699,-746848448
-226159731,249833331,-745312019
-229876452,251481829,-743383001
-233549503,252229726,-741097000
-239317994,253096795,-737860492
-244312133,252912392,-734908934
-247608417,251802216,-733370020
-247901919,250416632,-733315188
-247415133,249524847,-733315258
-244239029,246567982,-735022409
-240269205,243918998,-737420185
-235871254,241541737,-740069302
-231712243,240243802,-742460719
-228566838,241338719,-744508415
-227164714,244045253,-745337228
-226930642,246722276,-745090189
-226853792,250473847,-744800586
-228291659,253553721,-743923458
-229329177,255608122,-742806165
-229827559,256295257,-741719092
-233019590,257823599,-739524417
-237488259,257990011,-736837097
-241960836,257201722,-734209036
-245228341,256939081,-732462278
-248349629,256206866,-730922031
-250716829,255037068,-729885910
-252883221,254093970,-729007954
-254571354,252875710,-727739346
-255598900,252197352,-726651478
-255455933,251436000,-726372973
-254547424,251114259,-726593839
#!,zero-counter: 100
-247495932,241416812,-730793583
