#!,zero-counter: 1163
-97821602,36099513,-555210164
-103512120,41478583,-554588476
-86578541,31364956,-555240014
-74075584,17563317,-555636687
-74925940,12638969,-554950484
-78965627,8554859,-552579048
-72891009,-528794,-550267753
-66313911,-8528731,-549439309
-62681257,-13315675,-551182269
-57938249,-16851523,-555907166
-50377485,-20016238,-564066334
-40504215,-23045094,-575799903
-29341490,-26483898,-590993383
-17747249,-31084987,-607704642
-7444849,-36734119,-624141034
1465137,-43553601,-640208100
7511831,-50203210,-656101201
11554707,-56700778,-671741080
11549932,-61053506,-687229715
7066972,-62614497,-702643786
-1663319,-61484261,-716317333
-15925655,-56885390,-727686192
-33048629,-51158684,-736463172
-48784267,-45090586,-742514834
-59463503,-42669637,-745433942
-65513010,-44179123,-745437399
-68338885,-49048416,-742574346
-68880375,-56427064,-737247785
-69563812,-63880284,-730685826
-70499596,-70689832,-724053563
-72695947,-76264988,-718303876
-75615060,-80458925,-713685700
-73896153,-87257646,-714095811
-71903626,-92110997,-723777336
-75148046,-90437897,-735582944
-74977902,-90423124,-745163663
-72016747,-92838728,-751628686
-72422963,-93032076,-756347971
-73078048,-94237449,-760800232
-66588968,-104880160,-766429478
-72257395,-102595532,-774434282
-64236455,-106264264,-780795205
-50604437,-104199487,-785817701
-26286180,-101836345,-788064434
3063129,-103129292,-787280783
30855265,-105688587,-786593625
52177199,-114229123,-785988417
59174848,-121949401,-787647905
57368747,-132653534,-787182536
43753252,-138982584,-785789106
31334948,-148645729,-783888095
17423967,-149483609,-785691635
11300518,-146647882,-790634181
12930311,-138563751,-798661914
24485382,-129384987,-807930994
46804529,-121460484,-815855921
70262505,-115075636,-822242483
89709264,-104100828,-827853683
105077555,-88209625,-832153017
114784865,-75163041,-836687842
117940664,-66579056,-843002592
115788397,-59598242,-849884468
111009016,-52825823,-857885033
104164542,-44191180,-866642537
96855625,-35262927,-876299467
89490274,-26181102,-884130982
78230462,-8321279,-889575347
69918029,10947454,-889525951
70276209,20372932,-884121163
74447007,28397805,-874239633
77474989,38843606,-863108632
83302085,42715873,-855876062
86548053,46592865,-855747336
86798156,53113043,-860830139
87000433,56580811,-866636178
83205043,61923708,-871243228
77369113,69370114,-874916503
71622296,74644432,-876486033
64768920,78980682,-876474486
56718814,82738693,-875297063
48361797,84212561,-874832149
39467671,83055039,-874231872
30626934,78717358,-874266220
20405328,74492618,-875758973
10967139,67370947,-878466938
3426786,59121690,-882109426
-597581,51345205,-884270618
909076,44700431,-886070987
6250506,39616958,-887197875
12575665,36202638,-888009368
18289277,34001639,-890037793
22599891,32121949,-890986015
26020868,29267013,-891198762
30139884,24537199,-890872336
36421915,18341827,-890806833
44994547,11866291,-892156087
53806466,5509275,-893411804
60055228,-681804,-895177835
63060975,-6334770,-896669036
62986017,-10874611,-898658701
61941282,-14226128,-899412010
60912351,-17462614,-899846062
59008119,-19652052,-900617083
56886359,-21030153,-901786702
54750478,-21807398,-903263089
52666743,-22186353,-904755232
51028453,-22209019,-905912991
49833939,-22003062,-906626138
47942980,-21391194,-907098595
46138950,-21242844,-908362692
44398038,-21234472,-909065777
42483967,-21388449,-910093930
40765894,-21343813,-911383628
38726024,-21090081,-912921121
36054544,-21003124,-914462554
33271281,-21522111,-916624280
30493196,-22293841,-918521310
27649991,-23098915,-919979416
25256064,-23855257,-920244647
23580967,-24482365,-920214255
22384997,-24928200,-920789394
21713306,-25190673,-920544943
21227192,-24938242,-920243820
20418418,-24069142,-920097563
19675410,-23046944,-920043174
18893631,-21653636,-920060694
17856902,-20265170,-920954101
17006219,-19170984,-921063227
16265854,-18283284,-921125871
15523611,-17751234,-921191124
14274950,-17590448,-921195877
12338514,-17648666,-922090532
10223095,-17816100,-923278085
7608994,-18302405,-924469165
3916716,-18829868,-926228153
925112,-21304175,-927022018
-1382117,-24091528,-927635554
-2918920,-25963171,-927952841
-3778395,-27294568,-927777805
-2904283,-27820412,-927998077
-1636919,-27313952,-927909279
-250071,-26379444,-927318925
935559,-25522228,-927487708
1345640,-24647335,-927846229
691989,-23667286,-928345578
-465578,-22660507,-928247704
-1547002,-21810906,-928932174
-2048931,-21229449,-928746684
-386600,-20905339,-927722388
944877,-20873304,-927802552
1962671,-20940392,-927254529
64162,-20149676,-923237592
-206322,-19545458,-922236337
803914,-19859106,-915539572
#!,zero-counter: 216
5034129,-3661496,-853203767
6013003,-1953764,-853129467
7112718,-632131,-852188714
8457708,847654,-851687916
10463762,2863249,-850969264
13763101,4972541,-850942218
16338942,7944635,-850532679
19220849,10908319,-850240440
19503639,13177204,-850386903
18695892,13798658,-850126352
18552341,14629503,-849677935
19670145,15218823,-849578562
21055896,15694194,-849574332
19026839,13922974,-849136346
18366104,12178523,-848955790
18644901,11836299,-849568210
17749993,10902260,-849178253
15681079,9862584,-848097424
10731740,7600435,-846705850
8542706,5810331,-845275149
9325933,4822951,-844639044
9795088,4784654,-844206234
10572231,4973045,-844184952
#!,zero-counter: 16
14239763,5301127,-843645111
13697930,6494897,-843075001
13157876,8412912,-842258329
14283004,11163131,-841241716
17109277,15614453,-839601788
19960993,18993283,-836942417
22774492,21097970,-833057062
26473706,23172745,-828507860
30237384,25361488,-823783221
32670474,27186998,-819170206
33267127,28574607,-815035811
32601595,29671025,-811730943
31453732,30553022,-809637029
29957839,31365633,-809039271
27910921,32039235,-809826262
25404630,32671368,-811505749
22622723,33120100,-813652538
19813479,33142360,-816124407
17119703,32837002,-818664202
14382207,32365459,-821181481
11587156,31690585,-823467345
8804279,30854067,-825427910
5871511,29977727,-827133930
3065308,29258073,-828886237
468414,28847411,-830742936
-693841,28404792,-831178063
-1059181,27708573,-831380674
400817,27284636,-831091330
2974575,28253367,-831210797
4900364,29527430,-831665011
7409784,30088983,-831976535
10313939,31692519,-832341636
12972490,33357172,-833010885
13871932,34240025,-833006571
11649957,33995616,-832899189
7491644,32688873,-832006572
2756167,30436591,-831166267
606556,28462676,-830193879
357996,27282202,-829813771
-1810065,27466336,-828385727
-4283629,26951011,-826745521
-4783045,27934700,-826954117
-6365686,28866149,-826861820
-8314729,29621692,-826126922
-9474193,30388303,-825328414
-9556811,31380734,-824663485
-8202602,33119062,-824116008
-5268665,35882961,-824557761
-5801625,36582421,-824724019
-5404974,36370275,-824291655
-4225083,36777211,-824238712
-3028698,36529863,-824155609
-1980292,36147529,-824423812
-796034,35474866,-824711629
192863,34759188,-825004640
626495,33991434,-825294310
#!,zero-counter: 31
-390609,35001418,-825150154
-263366,36398232,-824475643
382273,37842074,-823935079
1422685,39163335,-823057087
2445056,40149910,-820334648
3604977,41021904,-816358993
4713168,42690392,-812205375
5691483,44630927,-808859222
5602115,46950884,-805988899
4746765,49244879,-803131161
3026742,51332707,-800534894
1144387,52605432,-798631323
420443,53023427,-797786025
393861,53206275,-798552343
-220797,53358763,-800797889
-1860010,53538909,-803722799
-4169000,53330967,-806998943
-6930624,52605960,-810500182
-10375327,51653557,-813834250
-14640425,50724255,-816644338
-14723286,48055482,-817389010
-17083909,48253088,-816286934
-18365599,48617722,-815111982
-20047082,49123774,-814426068
-23706643,51105403,-813727901
-26463387,51711074,-812705459
-29173607,53830787,-812048118
-31497093,55688799,-811106848
-33433365,57500111,-810015892
-34801026,59262016,-809065355
-35817500,60809022,-808240781
-36775514,62162364,-807521016
-37437977,62800038,-806984279
-37631131,61643862,-806283928
-35561684,60057593,-806329991
-29533332,58779209,-807758885
-22005861,58277054,-811135207
-15566641,56524450,-813994827
-11202576,54271856,-815763480
-7031182,52373873,-817217455
-3749167,51570863,-818744718
-3939074,51911135,-819645799
-3318675,53023139,-819876206
-3584185,55242847,-819396322
-3726780,56599792,-819185426
-4400267,58519360,-818950996
-6057455,60633873,-817422226
-7779108,61171733,-815977817
-9328754,62258693,-816279835
-10291849,62317956,-816083989
-13082350,63330901,-814389286
-14099402,63508596,-814111360
-13820776,65134534,-813036574
-12967150,65339930,-813058656
-12079535,65341438,-813178786
-10916983,64578676,-813549066
-10574150,63768272,-813838220
-10431711,62776562,-814112082
-10394194,61801287,-814295605
-10298282,60923619,-814393848
-12763505,60050430,-814768201
-13793423,60084972,-814685241
-14544817,59964097,-814571154
-12405235,61009550,-814589906
-12585144,62145164,-814112197
-12758063,63490592,-813608357
-12590592,64831450,-813058070
-12386188,66142059,-812482709
-13129927,67381818,-810447983
-12505772,68171918,-806656485
-10088909,69300670,-801664025
-6884003,70519170,-796139140
-4487164,71943078,-790667904
-3042220,73322547,-785843873
-2558264,74386597,-782518373
-2956654,75349771,-780779288
-4366434,76348339,-780150973
-6649917,77208611,-780334819
-9577882,77677067,-781121561
-12879647,77866891,-782323710
-16191876,77802321,-784117845
-19556612,77568383,-786296130
-22876691,76877380,-788625037
-26147581,75992583,-791090168
-29105266,75061357,-793674806
-31858099,74004277,-796476221
-34508548,72765734,-799538561
-37698460,72251558,-802690694
-38157683,69874133,-804262353
-37197673,66794491,-804879994
-35615463,65565356,-805160454
-33209307,64523974,-805640052
-31648793,64288734,-806180815
-29748455,64247995,-806678345
-27552343,64679428,-807161189
-27516640,65930043,-807163968
-27232608,67647863,-806981243
-26771181,70450371,-807193855
-27429603,71649257,-806949622
-27657335,72957059,-806764438
-28741352,74751236,-806780309
-31554363,76139900,-806065123
-37905551,76991937,-803994038
-44075650,77668788,-802074713
-48612522,78232263,-801018700
-54160385,78918122,-799530031
-57359942,78387063,-797838645
-58571715,77713425,-797234798
-56613388,76653512,-797484025
-55475189,75450477,-797698634
-54021437,73941739,-797651527
-50917865,73515808,-797866488
-45361118,75698913,-798859978
-41473860,77220653,-799331452
-35673501,78426460,-800114101
-28677189,80895138,-800864198
-24449193,82654279,-801904861
-19690738,84273958,-802643166
-16015774,85117588,-803535860
-13311850,86200812,-804039958
-10602494,86931976,-804303915
-8852781,87421392,-804719433
-7400659,87531408,-805647066
-6214012,86840122,-806888833
-5013552,84734223,-807845096
-4293064,82535664,-808693104
-3776418,80816320,-809202014
-3748114,79679527,-809394730
-3755882,78811900,-809648349
-4868202,77995770,-809486859
-5777157,78359121,-809369188
-6627823,78654013,-809342809
-7654505,79043423,-809381297
-8570878,79290402,-809363547
#!,zero-counter: 16
-8013945,78960847,-809461755
-8794894,79461938,-809255917
-9466481,79954370,-808931579
-11137876,82620845,-807803114
-11412784,83297995,-806304897
-10836334,84426956,-803790800
-9080031,85347036,-800782945
-7880575,86497078,-797472128
-8205371,87591130,-793943095
-10900391,89038497,-789913122
-16077205,91475662,-785185399
-23696194,94663507,-780029731
-32169898,97604074,-775515800
-39385571,99800881,-772276274
-44956683,101758989,-770494984
-49464976,103574319,-770212669
-54223624,105095867,-771254180
-60514140,106521670,-772535557
-68079227,107361396,-773671944
-76675718,107868130,-774582885
-85735726,107873060,-775201920
-94345965,106983122,-775805313
-102059679,104682566,-776637332
-107681927,103290475,-777450452
-109011630,101940834,-777675773
-109639598,100225310,-778290751
-109908131,98866275,-778449091
-110637431,98267401,-777884902
-111539360,98109139,-776903654
-112205112,98113930,-775986320
-111916786,97700900,-775507103
-108362820,96306926,-775988287
-103329523,96251858,-777350089
-96237993,96221577,-779045547
-88003693,94646683,-780678935
-78832493,93817481,-782672845
-73927218,94677971,-783694789
-71337108,96897555,-784208115
-72080480,98330063,-784087730
-72105240,100175555,-783729223
-72253793,101847526,-783558148
-75229606,104221473,-782319993
-80764067,106835412,-780797174
-85173305,108188355,-779554353
-90587832,110671280,-778401108
-93429030,109925591,-777509849
-94062759,109161509,-777390763
-94184719,106267199,-777287960
-94636547,103385109,-777357236
-93140612,99885498,-777900744
-89885584,95592152,-779037903
-83477865,91016052,-781077642
-76425957,87945114,-783295320
-71948270,87421035,-784539628
-69324088,86876662,-784573878
-68146247,86921736,-784592965
-67062442,87004923,-784916742
-67703013,86045552,-785742821
-69789961,86585832,-785905260
-72401463,87646712,-785946080
-75264282,89166994,-785644086
-79336507,92259805,-784384632
-84635565,96231697,-782459510
-89078992,99870232,-781155962
-93390655,103857326,-779748622
-98512001,108075961,-778096829
-104985480,112427916,-776062139
-109180197,113902328,-774012593
-112795410,114816910,-772693098
-113354030,113646316,-773027804
-114579118,113645953,-773587374
-115718430,114041826,-773473825
-116758677,114690898,-772919584
-116762454,115981712,-771979374
-116103728,116011073,-771559684
-115115418,115489265,-771281598
-113834947,114349959,-771249672
-112342653,112894507,-771321124
-110987530,111509113,-771518753
-109939859,110389051,-771697587
-109106591,109610219,-771846313
-108565940,109146107,-771913103
#!,zero-counter: 11
-107582018,106889410,-772327177
-106308076,108788439,-771559226
-107140107,109779867,-770393745
-108022380,109799326,-769159012
-109432396,110164911,-767544326
-111581017,110823096,-765410590
-113643035,112374588,-762582523
-115417962,114632572,-759309670
-116330726,116582816,-756248905
-116908158,118484466,-753377638
-117417120,119957012,-750831888
-118497677,121203691,-748712134
-120266792,121969827,-747059190
-122807935,122288744,-746050369
-126476311,122388613,-745646892
-130967642,122425661,-745531978
-135887200,122336173,-745954145
-140396476,121823801,-747006176
-143996265,121464344,-748724710
-147478126,121917189,-750627101
-150861121,122053323,-752809921
-154367491,122167743,-754823439
-155851017,120416871,-755658899
-156493134,118831180,-755719553
-156327496,117666822,-755759749
-156038804,116446761,-755314511
-154606732,115051146,-754578120
-149809532,113287966,-754801255
-142508672,113494121,-756212338
-132681123,112457514,-758659372
-125397208,113120438,-760481130
-120128936,114251491,-761810621
-115797896,115556082,-763313401
-113981429,115850649,-763816794
-114424960,116706950,-763102719
-114230661,117455151,-763240140
-114106176,117785232,-763835325
-115449269,118143506,-764010752
-119761408,118732517,-763100769
-124356739,119758791,-761197427
-130266757,122266336,-758664595
-140384529,125690126,-755631790
-145719822,127175696,-753409504
-146537863,128194121,-752833225
-146474372,129010390,-753379362
-148067756,129052240,-753120539
-147561317,128593701,-752905669
-143634407,127490955,-753433473
-138434618,126276389,-754607928
-134494997,125930610,-755525374
-132842652,125873435,-755346542
-131496862,127440691,-755386485
-131032362,128247364,-755223851
-129787217,128925247,-755498554
-129034471,128745289,-756436370
#!,zero-counter: 70
-127304846,127445796,-756372482
-125401099,128104317,-754722616
-123552273,128544091,-752544366
-121766272,129159623,-749784657
-120611831,129492672,-746899389
-120717242,130252344,-744093624
-122080029,131506651,-741432227
-124756201,133706119,-738699454
-126979463,135727984,-736067981
-128557850,137599755,-733631966
-129565367,139050864,-731632258
-130957742,140316386,-730073035
-132769085,141114825,-728883741
-135073147,141627564,-728107772
-137876535,142769312,-727196897
-141465800,144280667,-726754102
-145197602,145312755,-727348171
-149185590,146946858,-728476102
-152679878,148237719,-730101132
-156204016,149109591,-732356636
-160235137,149825995,-735053672
-164805860,150109012,-738066962
-170304700,150334565,-740675007
-174435425,149096507,-742356681
-175765643,146538467,-743452157
-174171215,143375719,-744186037
-173592545,141206219,-744633840
-172686431,138550777,-744944842
-170098652,136045896,-745557149
-167116294,132716435,-746337710
-163188172,128235346,-747411115
-156551178,122697314,-749627809
-149316345,119051823,-752410625
-144130426,117622231,-754567573
-141990479,117771085,-754714221
-140751441,117981762,-754378070
-140887117,120744188,-754198543
-141346013,123946462,-753804145
-141794171,126993772,-753062428
-143317704,130615896,-752229420
-145193366,132790564,-751612264
-145716640,134379045,-751312736
-146485885,136366495,-750928826
-148736751,137633333,-750061291
-156650242,139644430,-747182649
-166200296,140883762,-743793526
-169984702,139951383,-742565796
-169974451,139034969,-742913466
-169427708,138503812,-743690723
-167989833,137115061,-743863527
-163089535,136562018,-744310626
-159905182,136561442,-744730574
-155545325,137658993,-745189356
-148926430,139434462,-745802825
-144218250,140172892,-746021761
-141012879,139780798,-746552435
-135614315,140019973,-747781909
-130120627,139680607,-748918673
-126360327,138764390,-749467025
-121736873,136551526,-750731270
-116612429,133707482,-753138394
-111357817,130150752,-755510243
-107970414,127221705,-757382815
-104971652,125360846,-758599892
-102867789,124164990,-759313600
-101748147,123523849,-759702800
-101326156,122899049,-760048170
-102102730,122332079,-760206894
-103769387,122934476,-760192067
-105519172,123310376,-760321164
-107278293,123660990,-760231136
-108815974,124099905,-759969671
-110004085,124522399,-759576978
-110768604,124857528,-759276127
#!,zero-counter: 13
-109014703,124785054,-759683214
-108235224,124497616,-759898378
-107380918,124170338,-760092386
-106611604,123989198,-760194855
-103035187,125393559,-759044773
-97929442,125095580,-756646143
-91536345,123451973,-751956768
-85005933,120438177,-745643197
-79331144,116396437,-739087335
-75356473,112076894,-732784539
-72638852,107075772,-727593161
-73339170,102947317,-723099116
-76553495,99868040,-719498638
-83215781,99606583,-716023855
-92723079,102137006,-712745167
-99933453,103543741,-711116483
-100558730,100750723,-711410220
-103039074,101287731,-712318268
-103420079,98482064,-715430471
-102842042,93127737,-718719829
-101421746,87820651,-719965618
-98344681,84214196,-719415998
-92225819,81904550,-719131045
-84573777,82404282,-720687274
-73137659,83299168,-724540111
-58970864,83794804,-730256167
-45303289,83463683,-737422853
-34000336,81251554,-745280439
-26412287,77833760,-753173159
-21970432,73440998,-761010190
-19212992,68248156,-768932679
-16878971,63853733,-775826519
-12873659,60350605,-781074272
-6489369,57777414,-784923669
791489,55897729,-788784090
6933939,53975212,-793617876
10526542,51803339,-799239759
11710459,49301925,-804879987
11126416,46799679,-810286819
9394366,44708905,-815416510
6701173,43370586,-820436317
4113419,42082523,-825476782
2149563,40536563,-830774813
1632608,39445931,-836331701
778280,38589226,-840913533
-138522,38570897,-844365688
-456182,37934053,-847530376
-2081228,37451139,-849625161
-4472588,36973667,-850830940
-6604549,36505680,-851797988
-8074912,36679311,-853156153
-8914912,37274435,-854497273
-9510660,37705312,-855524938
-9885899,38087545,-856316420
-10089717,38290684,-856927009
-10736809,37831132,-857200790
-12011975,36583415,-857161376
-13811564,34870715,-857103848
-16018333,32966701,-857369525
-18432857,31081640,-858162295
-20779247,29525856,-859681808
-23330424,28441905,-861973780
-26470219,27535970,-864649218
-30274418,26431751,-867420734
-32777287,24969727,-868602815
-34251136,23227822,-869116567
-33711191,22547367,-869159195
-32666971,22756821,-868644883
-31559708,23242565,-867923671
-29948420,24253825,-867032243
-29209750,25541615,-866344414
-28096779,27220444,-865871592
-26751449,29013693,-865622716
-23616727,31338491,-865663302
-19459630,35556689,-865619637
-20305931,38414387,-865063076
-20562939,38526429,-864156470
-19681128,38798477,-863932710
-17593402,39104140,-863444352
-15388167,39546777,-862526260
-13529958,39969808,-861731580
-12573578,40064012,-860603064
-12360894,39736138,-859279329
-14149131,39585124,-857974964
-18650988,37578529,-854560325
-21798358,35432984,-852196383
-24111840,34594212,-851172107
-26303824,32353679,-850269495
-27974476,31470442,-849599991
-28994207,29943643,-849343746
-29994514,29168782,-849628254
-28071484,28860469,-851584930
-25279795,30714268,-854550850
-25196686,32164739,-855950843
-24777489,33444330,-857489875
-23635632,35632814,-859641633
-23081040,36878426,-860348953
-23572594,37536806,-860231746
-22545470,38671903,-860996464
-22473427,40895865,-860716815
-21788112,42882855,-859957746
#!,zero-counter: 38
-23956259,46728640,-857305534
-23483193,47971375,-856828935
-22744873,49237910,-856275493
-21967064,50151074,-855224311
-21550019,49880211,-852725684
-20904062,49736041,-849223586
-19566273,50522803,-845850545
-17911414,51879943,-842837140
-16357773,53504321,-839902560
-15151491,55349103,-837021377
-14698677,57172169,-834273345
-15220914,58742568,-831613682
-16880599,59871587,-828915086
-19390202,60480893,-825881517
-22496788,60205642,-823020739
-25357168,59300100,-820881480
-27401173,58666991,-819769157
-28715179,58191294,-819572363
-29598505,57483504,-820051052
-30801333,56817420,-821104108
-32526634,56107259,-822488883
-34704909,55011250,-823762919
-37152415,53570534,-824676649
-39664412,51838512,-825447077
-42137704,49908642,-826092175
-44498005,47854085,-826683466
-45561070,46114019,-827314190
-45615645,44995301,-827830420
-45840102,43656017,-827892745
-45156802,43067777,-827967398
-43478085,44124584,-828744459
-40212762,46816839,-830980582
-38436277,48783704,-832871349
-37774833,50109416,-833482696
-35761350,52142432,-834062397
-32784726,53971575,-835724415
-29223473,56285463,-838235819
-25254448,59140386,-841042154
-21943110,61918573,-843110415
-20584637,64823808,-844257991
-19232667,66000355,-843887324
-17890592,66465053,-843919894
-19535323,64166585,-843064835
-22371337,61599840,-840960949
-26247435,59259941,-838031858
-28474753,58712031,-835733380
-30418674,58972907,-834474044
-31994877,59027634,-833566477
-34012018,60154038,-832237987
-34868961,60614078,-831533811
-35282297,61262592,-831267099
-35183066,61776091,-830566855
-34903865,62363269,-830069095
-34454213,62911864,-829499296
-31948230,64134823,-829241985
-28327608,66979480,-829956447
-25575904,68685893,-831361717
-25266526,69658650,-831490136
-23555373,70706104,-831577116
-22310242,70935701,-832339656
-21419568,70765820,-833453184
-20929366,70560608,-834332595
#!,zero-counter: 488
-48018524,95189403,-830415864
-48199531,96718612,-829914068
-47413472,98794717,-829532581
-45365998,101219034,-828359306
-41440208,103060553,-825358250
-37089373,104799944,-821008017
-33254923,106321806,-816697773
-30863037,107251186,-812961728
-30049160,107581092,-809635317
-30840163,107672745,-806439171
-33203028,108591757,-803265847
-36162219,109902696,-800532508
-39434848,111088054,-798269382
-42754478,112303463,-796657567
-45268893,113246397,-796015972
-47721356,114180332,-796189246
-50478383,114801196,-796845938
-53470533,115087482,-797692085
-56544303,115150276,-798514004
-60165063,115041320,-799116418
-64670727,114721268,-799208489
-69870373,114164294,-798849077
-76511167,114079569,-798152579
-82086491,112259018,-798499655
-87524347,110206021,-800327064
-88573501,107331991,-802140616
-89371074,106013245,-802425843
-89019958,104202243,-802956891
-88314216,103014929,-803178765
-88678005,101560867,-802806054
-89495332,99426642,-802257387
-90200872,95855981,-802806665
-89881164,92593615,-804076620
-88662644,90443590,-805381934
-87777174,89729948,-806325052
-85659017,88926178,-807896317
-83766118,89316115,-808969081
-81589175,89484996,-809690053
-80046181,89938678,-810219151
-79353753,90397624,-810304702
-77665140,91569177,-810561241
-77101938,94012201,-810770990
-76522430,96560407,-810875595
-75631821,99730347,-811280159
-75407364,102864742,-811071254
-74790221,106078641,-810881021
-73871223,109233118,-811172972
-73220169,111407755,-811409018
-72071499,113724033,-811312914
-69423464,114574354,-812174557
-66843402,113731565,-813835059
-65706678,110083139,-816042988
-65596083,106325765,-817211508
-65165143,103324338,-817788165
-64457580,100478638,-818222141
-64170863,98478019,-818298501
-64080081,97549528,-818065704
-64559101,97731149,-818394877
-65793289,98389453,-818898910
-67921229,99889831,-817118298
-70557860,102210447,-814490325
-72378605,104222573,-813191130
-73388478,105910446,-813054379
-73462492,107050481,-813085939
-73395037,108426263,-812928216
-73440940,109547325,-812757894
-73815958,110511983,-812342038
-76116813,113386431,-809742424
-77536097,113976591,-807592459
-78967928,114526813,-807088055
-79762781,115588435,-806121805
#!,zero-counter: 78
-79495869,117019054,-807306837
-79729338,118047647,-806914100
-78949867,119427192,-805912766
-76718349,121426155,-803156372
-73836189,123556396,-798969536
-70989412,125861881,-794346681
-68762672,128344283,-790056566
-67788070,130867510,-786269389
-68773935,133401436,-783051424
-71237767,135683160,-780527069
-74614520,137799456,-779137827
-78272167,139304218,-779124198
-81599588,140449060,-780020936
-84794278,141040220,-781823298
-88279923,140721387,-784118283
-92179039,139598114,-786706734
-96519425,137796052,-789467607
-101165326,135335680,-792214370
-101435175,131390527,-793801034
-101377716,129884875,-793839628
-100552042,127779096,-794164225
-99650778,126834325,-794506507
-99851114,126065959,-794406081
-99991523,124904611,-794347962
-98259371,123299243,-795371867
-94603107,122856725,-798036077
-90172168,123789578,-800718314
-86230284,124961935,-803020144
-83945087,125972692,-804281799
-83045709,127022504,-805014123
-83159722,128734118,-805297948
-83921000,130278028,-805192845
-84598525,131968793,-804804766
-85219884,134285063,-803903846
-86432031,135769544,-802991385
-88260325,137005750,-801105627
-89971080,137492019,-799755194
-93743594,138474751,-797969906
-96213713,138135486,-796028909
-98944576,137730205,-794705024
-100362352,137442786,-793588351
-102233678,136811031,-792689647
-103235500,136439983,-792439137
-104000717,135629238,-791957631
-101960162,136596885,-793139325
-99569772,138237470,-794185543
-96716458,141087842,-794846485
-95333787,144006945,-795042999
-94427303,146402185,-795331977
-93569455,148916351,-795594971
-92441919,150185211,-796201179
-90630639,151890915,-796947657
-88845035,153271728,-797562209
-86613786,154403226,-798303555
-84118445,155680110,-799240041
-82951397,156174612,-799548753
-82429976,157245863,-799179563
-84379516,157560710,-797107364
-90197060,155800873,-794102067
-94289042,152969173,-792285928
-96303626,151024254,-792132961
-97179521,149342596,-792366382
-98845361,147048219,-792567122
-99853237,145206275,-792867154
-99517715,143482635,-793438348
-98915527,141943520,-794346913
-97833287,140869030,-794992710
-96124261,140016208,-795934536
-94009304,139443271,-797653508
-91973879,139009239,-798705800
-91082576,139033163,-799011915
-90497411,139244811,-799276983
#!,zero-counter: 108
-96163285,142195994,-799397934
-96436970,143307946,-798795628
-95499016,145072976,-798141050
-93200813,147650738,-797348176
-90642189,149817766,-795182111
-87760053,151615949,-791227822
-84888854,153417216,-786496113
-83049632,155035026,-782250310
-83331321,156218134,-778930654
-84974089,156594925,-776608783
-87069711,156510389,-775706150
-89255733,156284716,-776328664
-91697737,156166505,-778036287
-94200333,155627162,-780237149
-97004082,154680527,-782754984
-100107798,153391977,-785462721
-103908539,152049748,-788158167
-108887817,150754360,-790472402
-109999612,148534795,-790989636
-112536423,149123199,-789081028
-116489593,149749867,-786813721
-118906746,149953681,-785659526
-120475559,149823262,-785006005
-120979861,150507273,-784632329
-123560997,151453932,-782917276
-128164891,151810822,-780421781
-131840659,151882528,-778568004
-134577276,151006054,-777592747
-136492427,148953230,-776545570
-136928497,145789742,-776535554
-134954147,143079233,-777209833
-130690830,140011573,-779555529
-124161732,138429694,-783210429
-117585599,139308247,-786795300
-113753777,141509972,-788943649
-112552827,144028987,-789421496
-112529571,147234157,-789651127
-112339899,151073420,-789921155
-114492771,154743687,-788821438
-115663619,156728527,-788140822
-116190241,159113224,-787426370
-117673178,160501323,-786110157
-120740271,161646635,-784113555
-123951267,162795166,-782294411
-127493081,162985117,-780551430
-128565618,162285171,-779737127
-129028409,161300691,-779307342
-130345361,160143072,-778676756
-131179325,159077148,-778413267
-132554374,158564395,-777915971
-134006223,158589226,-777152400
-132928010,157640235,-777156711
-132387909,157165702,-777268428
#!,zero-counter: 60
-127264636,153740506,-779849687
-125870361,154174732,-779986372
-124245207,154175810,-780413552
-122647007,153854269,-780968718
-121124219,153146970,-781202469
-119432777,152075524,-780630236
-117791833,151627937,-779217971
-113680577,150377311,-777690797
-108128747,149286798,-775990777
-102235757,147866345,-774292244
-96558179,145543130,-772972941
-90937891,142036109,-772227302
-85518851,137680364,-772133415
-79874824,132502258,-772715121
-74207334,128296786,-773045573
-67768261,124337180,-772987725
-61945352,121414452,-772838698
-57028867,120190592,-772494097
-53003451,119801444,-773171651
-49642095,119659463,-775043897
-48234148,120117249,-777896083
-48945657,120713651,-780945837
-50531102,120875853,-784097553
-52073006,120608555,-787947951
-53175790,120485392,-792725523
-53044301,120112565,-798679734
-52714498,119836022,-805127366
-53524139,119489699,-811403482
-56250049,117643583,-817436932
-61828870,113746281,-823286997
-69099842,108763872,-828627472
-75088413,104245179,-832983689
-78347362,100847107,-836589879
-79308733,98360649,-839947979
-79856151,96438672,-842788373
-80743127,94990621,-844714256
-81742257,93831748,-845793807
-82448531,93201408,-846254167
-84043558,91485214,-846585266
-85046556,90186111,-847180832
-86114009,88747117,-848136075
-87121966,86951317,-849271781
-88154537,84638623,-850556814
-89331865,81856077,-851828814
-90801695,78962188,-852767416
-92309743,76345024,-853353042
-93927188,74310926,-853760410
-95556538,73017052,-854500089
-97059706,72313598,-855854258
-98560840,72040525,-857781523
-100582012,71868136,-859927939
-103207588,71440461,-861731442
-105899824,70493898,-863146682
-106386445,68920883,-864117550
-107145419,68114481,-864251460
-108536206,66806081,-863581056
-109516011,66781845,-862748690
-109507697,67255462,-863094572
-108527605,68173269,-863865019
-107057775,69364168,-864347160
-105088729,70625852,-864588814
-101799593,72495003,-864345539
-98277448,75218240,-864432634
-95230429,78131916,-864179960
-91655581,81297855,-864056492
-90547896,83817197,-863866794
-89549525,84313379,-863276406
-88299043,84956089,-863138052
-87399444,84849359,-863037762
-87505814,83909224,-862543464
-90408379,83140090,-860467836
-94242030,81832847,-856999118
-95404653,81230734,-855958190
-96591249,81142197,-854784847
-96791724,82033584,-854596700
-96896951,82834835,-854274805
-97033820,83704396,-853672371
-96742660,84770666,-853042893
-95680400,86348099,-851960519
-94862894,88055348,-850834250
-93888431,89528661,-850613680
-93255627,90665118,-850182501
-92896745,91314100,-850001643
-92298292,92104058,-849764531
-91669020,93132870,-849414339
-90705413,93905941,-849151603
-89488153,94363133,-848912634
-88132959,94368289,-848649049
-88217262,93609804,-846744008
-88938488,90562903,-844399845
-89988232,87578512,-843581636
-90136538,84732766,-843333583
-90497295,83387064,-843104660
-91298368,82459937,-843261729
-92141781,81965449,-843339611
#!,zero-counter: 23
-95916985,84967686,-842965325
-97625487,85791874,-842054944
-98232736,86194238,-841862647
-98903833,86551726,-841683016
#!,zero-counter: 47
-99853370,90870075,-840500388
-100134380,91707582,-840079157
-100312389,92793679,-839668585
-100559761,93845364,-839288575
-100813099,94654468,-838981879
-101334327,94977556,-838477111
-101771933,94571651,-836870632
-102024526,94090154,-834704740
-101991380,94277868,-832743767
-100744145,95535325,-831000204
-98860423,97423427,-829028135
-96619861,99567485,-826989488
-94299975,102020262,-825106233
-92041607,104497114,-823584366
-90242495,106459493,-822505636
-89238664,107558001,-821784244
-91638307,106879956,-821839358
-94227552,105893305,-822677712
-97943910,104449743,-824085936
-102671455,102578741,-826015132
-107320155,100814099,-828453724
-107445955,96983392,-830551379
-108009090,95259963,-831235195
-107447183,94469812,-831447033
-106223404,95355560,-830719996
-104298049,96476743,-831077009
-100660530,98661849,-832542443
-97533073,100641033,-833964832
-95584567,101887241,-835337682
-92204260,103597069,-837038914
-90152246,105969626,-838183936
-89338300,107546826,-838219496
-88265644,108154108,-838154889
-87355700,109240647,-837557752
-86544140,109936217,-836850563
-86867902,110112453,-835445668
-88492845,109765534,-832773220
-91053246,108966975,-829710139
-93207802,108585293,-827775135
-95864757,107603106,-825911333
-97704863,107000767,-824478580
-99224768,106178043,-823613936
-98542144,106352984,-823091330
-96091463,107078240,-823715740
-93048766,108622513,-825548892
-92214048,109735887,-826061363
-90600796,110511416,-826059325
-88482166,112755528,-826780828
-86942502,114387322,-828060401
-87852828,115186073,-828292790
-87083964,116491118,-828109537
-86276658,117169491,-828127282
-85482136,117680100,-828306438
-84561957,117911078,-828457959
-83596590,117823717,-828634220
-81709857,118104867,-828611271
-79860297,119204881,-828257611
-79143952,119794735,-828183990
#!,zero-counter: 244
-94818949,129466795,-828245670
-95392505,130928516,-827825922
-96314972,132741525,-827348770
-97359310,133758734,-827076779
-97033218,134839163,-825696814
-94973035,136160578,-822979426
-92373447,137539216,-820252676
-90070579,138830239,-818014003
-88242899,140113673,-816233796
-87018922,141461392,-814696771
-86653081,142686874,-813416765
-86867064,143855323,-812573244
-87130336,144998606,-812057564
-87542336,146100125,-811929996
-88056839,146934115,-812159953
-88422301,147506616,-812721804
-88574184,147914644,-813683307
-88963772,148128728,-814898865
-90082379,147855239,-816300445
-92148218,146940376,-817945355
-95246565,145636977,-819518020
-98960321,144021901,-820799312
-100657842,141973164,-821502495
-101077631,141323476,-820895642
-102907930,140088250,-818947818
-104967428,139085041,-816118808
-106867262,138871038,-813815031
-110092990,138186746,-810849263
-113454822,138687932,-808120754
-118508023,138579716,-804165660
-123538477,138429269,-799708105
-127498963,138199398,-797019337
-130262612,138348721,-795266909
-132906681,137061554,-793570902
-133486418,136276410,-793026872
-134581158,135572002,-792529703
-135660049,135164049,-792032092
-136144189,134797924,-791702579
-135870097,133846829,-792028386
-133690914,133128542,-793992208
-129664313,134237099,-797301770
-124289476,136624698,-801983524
-118993538,140270393,-806594555
-114156822,142822867,-810403858
-112886735,144192425,-813144216
-111270785,145725511,-814105552
-110541745,147260132,-814385517
-109648361,149181053,-814627769
-109285877,149758360,-814804978
-108189800,150323003,-815220946
-106953123,150952484,-815359383
-105968779,151596453,-815461256
-105375501,152374532,-815560870
-105173981,153115249,-815573241
#!,zero-counter: 77
-112108636,155565917,-813698557
-112662702,156330745,-813458627
-113168647,157262485,-813031698
-113976687,158086729,-812085348
-114844265,158915798,-809990374
-115755974,159963215,-807230328
-116855121,161174901,-804346279
-118308081,162428487,-801655249
-120378622,163785735,-799013833
-122251293,164816552,-796753455
-123583148,165605159,-795090650
-123868162,166334954,-794140472
-123797244,167075667,-793481261
-124020203,167608977,-792873967
-125694333,167424661,-792507643
-126998269,167115479,-792925175
-128819773,166604763,-793396459
-131112700,165761173,-794035617
-133579177,164755234,-794945816
-135618474,164045156,-796018196
-135317632,162746176,-796763852
-135113952,161962003,-797018173
-132571165,161407805,-797869434
-129838677,162141388,-799642312
-127008559,163199602,-801670505
-126008507,163897656,-802386479
-126472772,164528114,-802029449
-126493379,165572636,-801764160
-126213714,167008850,-801526597
-126299884,168393126,-800946138
-127329333,169570297,-799159741
-129340098,170785085,-797419522
-131441579,171349907,-796441905
-133492930,171124482,-795284273
-135021850,170986213,-794589679
-137684034,170936403,-793410419
-140298233,169528905,-792034625
-140522047,167416710,-792123642
-139763531,165453530,-793041464
-139352898,162880974,-793916333
-138642783,161188516,-794619020
-137989550,160064027,-795395674
-136496192,159216513,-796433302
-134735236,158900540,-797785459
-133636908,159199004,-798569971
-132301361,159653154,-799034144
-131001583,160490164,-800323022
-130427134,161001227,-800892378
#!,zero-counter: 85
-137094321,167184551,-800524941
-137368037,168360758,-800205565
-138921251,168946284,-798863361
-141147702,169581649,-796044080
-141916915,170712525,-792531901
-142011516,173103707,-789092109
-142100408,175676771,-785789891
-142391311,178329634,-782515419
-143232675,181044079,-779177639
-144366305,183444587,-776462018
-146349209,185126267,-774096317
-149684825,186391314,-771903489
-153990047,187499355,-769933691
-158985198,188663537,-768200715
-164181515,189438131,-767067594
-169217157,189257303,-767123888
-173989757,188147543,-768490780
-178567656,186184262,-770989892
-182834857,183943324,-773775931
-184033617,183051395,-773824112
-184736690,181397069,-773439350
-183641782,179484743,-773493632
-183008838,177628608,-773643505
-182722765,175993564,-773700739
-182515081,174064210,-774179372
-181433784,172638853,-774751256
-178711830,171240445,-776545875
-174906687,170945424,-778921410
-171823146,172178496,-780419972
-170815368,173671540,-780455256
-171258831,174993369,-779595098
-172408919,176516889,-779162442
-174399173,179158331,-777678079
-176974216,182867170,-774932456
-179820922,186540710,-772888223
-181676557,189301784,-771771766
-182635975,191400163,-771123569
-182430334,191960005,-771438990
-181278626,192454638,-771736929
-180144885,192714754,-771818940
-178851575,192685806,-771995480
-177500313,192470983,-772703260
-176386981,191844998,-773597545
-175072479,190357399,-774887199
-174079503,188959801,-776427275
-173468960,188169228,-777095537
-173008712,187386267,-777612061
-172319054,187063913,-778326420
-170798959,186637104,-779548869
-169733935,186731304,-780263817
#!,zero-counter: 63
-170900325,185506594,-783436680
-170713923,186668642,-782982055
-170501047,187728413,-782648742
-169670088,188495994,-781549153
-168169387,188655499,-779835232
-166675626,189088225,-777551573
-165294779,189028279,-775135034
-163961055,188797426,-772548474
-162506007,188646427,-769542371
-160803355,188240326,-766343411
-158726752,186961439,-763410767
-156581140,184709355,-761092516
-155227358,182623117,-759055528
-153441650,180978298,-757261047
-151334855,179097094,-756933255
-149308622,177443982,-758156888
-147790732,176375905,-760230033
-147911022,176028620,-762111302
-149266951,175394084,-763797350
-151081406,174079735,-765847050
-152533729,172110670,-768439412
-152935363,169948165,-771558297
-152078150,168140325,-775072217
-150040129,166613377,-779058369
-147575017,165379530,-783369792
-145534563,164555823,-787933230
-143898226,163690980,-792550818
-142454117,162660566,-797166585
-140880507,162181202,-801368018
-139249103,162106374,-804709031
-138079926,162061199,-807124533
-137093184,161114466,-809145383
-136996283,158965299,-811014201
-138236627,155964656,-812854734
-139504916,152712225,-815092891
-140744309,150157018,-817943768
-141623075,148617114,-821125632
-142246252,148000341,-824013897
-143397919,147795963,-826254604
-145410205,147402275,-828143380
-148027103,146796771,-829846798
-151135671,146202396,-831134195
-154216285,145448893,-832131681
-157028350,144644185,-833429353
-159464996,143993256,-835057575
-161654187,143373689,-836795484
-163327396,142927606,-838699276
-164843495,142724738,-840527409
-166859566,142152897,-841990770
-169315969,141087118,-842848496
-171777621,140126489,-842921632
-173379941,139379183,-842412846
-174354026,138911707,-841793696
-175037690,138606928,-841566695
-175591599,138497560,-841776807
-176267585,138357138,-842065971
-177008713,138003781,-842428382
-177974866,137496552,-842983288
-179342812,136928443,-843493289
-181185236,135946289,-843774110
-183518716,134451138,-844043690
-184709686,132460374,-844740878
-185128888,131234805,-845206042
-185173736,130094331,-845306530
-180972170,131987374,-845422583
-176207911,134577567,-847007725
-174876457,136756948,-847511295
-175222413,137951803,-847135203
-174342148,139952737,-847497214
-173355049,141991110,-847987592
-173525445,142993882,-848008966
-174086559,143967216,-847652106
-174658523,144716663,-847167969
-173374380,145312825,-846956883
-174721631,143598277,-844957413
-178805021,141491459,-841840547
-182204728,139057237,-837982579
-185942178,138654799,-834796974
-186610419,137951815,-833082237
-185796895,137917856,-832577708
-182977343,138855463,-833217066
-176108117,141390122,-835133405
-169870011,144179880,-838155286
-169137419,145008058,-838833166
-168480017,145245237,-838756232
-166554515,146386204,-839479208
-165982504,147187003,-839641926
#!,zero-counter: 58
-169273186,153971804,-833830707
-168859675,154799325,-833620823
-168896324,155864771,-833216469
-169646085,156880935,-832302676
-171159168,157624144,-830197627
-172095296,158643841,-827067514
-171190378,159688881,-824046109
-170116194,160975520,-821075525
-169007019,162264947,-818126441
-167935518,163601966,-815261474
-166922537,164829723,-812981966
-166242277,165659939,-811586905
-165935532,166212744,-811054306
-167470145,166413630,-811857874
-169556011,165689444,-812592132
-172179835,164540343,-813355864
-175088284,162838612,-814174229
-178586645,161012187,-815098136
-182014955,159267943,-816211958
-182945381,157485485,-817044644
-183848130,156137154,-817161984
-180937843,157491718,-817517131
-177415514,159578312,-818656612
-174419532,161200493,-820094487
-170902670,162885766,-821333811
-168133246,164679450,-822874304
-165951221,166164626,-823869401
-163313409,167447426,-824781322
-160276033,169608785,-825907043
-158463598,171117459,-826636480
-158176537,171974945,-826948169
-160000952,172640581,-826991006
-164879191,170651284,-825282167
-172498707,167263915,-821971270
-178375812,163744634,-817869824
-183073733,160458551,-814484734
-184989257,158934147,-811843341
-186765976,159552446,-808764214
-188831577,161069068,-805916882
-190077226,162200454,-804287776
-190485719,163067721,-803884223
-189089611,165082682,-803338840
-186417613,167012855,-804450181
-184207916,168314493,-806268044
-181598988,169570843,-808283961
-179855515,170773141,-809830914
-178054821,171095264,-811698997
-176093762,171683406,-813937456
-175533578,171851972,-814592364
-175406496,170909300,-815043628
-175181699,170086718,-816630469
-174944646,169024704,-818199609
#!,zero-counter: 36
-178173826,173505249,-816979963
-178029298,174865763,-816583368
-177652761,176232665,-815894635
-176566741,177910613,-814683314
-175348417,179402120,-813058151
-174402654,180584376,-810968488
-173948376,181456007,-808477279
-174342544,182037023,-805523708
-175347863,182319313,-802334296
-176880862,182625234,-799122906
-178937976,182959820,-795817181
-181011917,182780597,-792778207
-183020609,182332897,-790431154
-184788884,181497642,-788829980
-186818541,180409797,-787481763
-189296161,178982029,-786018350
-191947256,177192668,-784359842
-194958415,174975355,-782711892
-197837163,172558877,-781490675
-200316646,170161960,-781223719
-202787816,168567966,-781779183
-205389346,167430092,-783003834
-208272084,166351412,-784598051
-210112631,164961873,-785539765
-210236232,163862737,-785557993
-209695122,164382474,-785738682
-207510505,165713996,-786231547
-205652380,167505767,-786735316
-202435368,169568971,-788438597
-197515574,172510082,-791806152
-193017745,174645029,-795305133
-189231464,176971137,-798460138
-185956653,179163375,-801304331
-184754020,180303919,-802916779
-184027692,180579947,-803400111
-183026085,180692363,-803630953
-181753952,180736016,-804215362
-181253754,180283822,-804696456
-181637334,179538181,-804608296
-182330494,178735815,-804019283
-183680145,178021826,-802226443
-185644765,178897516,-799206986
-187204362,178918856,-796743457
-191008280,179774785,-793228401
-193789144,179347637,-789848323
-195887584,178147849,-787188168
-196240970,177947056,-786587644
-194572653,177843145,-789226864
-191443063,179613057,-792583451
-190474126,181446045,-794231897
-190475740,182103792,-794812367
-189466205,182775328,-796473551
-187943785,183106098,-798061972
-186796704,182243720,-799026943
-186350378,182032044,-799983946
-185768940,181702802,-800341276
-186706915,181677218,-800901608
-187494167,182138361,-800798964
-187972537,182820382,-800566368
-188208303,183664598,-800383881
-187864224,185132977,-800260002
-187358191,185846224,-800228465
-187087593,187403640,-799119357
-186236268,187604265,-798970939
-185424367,187659270,-799390815
-183885775,188767784,-798732964
-182809544,190338219,-797978670
-182435387,191086529,-798047767
-182067738,191881143,-798072944
-181497129,192457631,-798059439
-180729826,193099615,-797974274
#!,zero-counter: 71
-183821052,195360017,-798517706
-184321326,196624465,-798100414
-184087330,198309292,-797649337
-182242405,200350322,-796813353
-179050360,202639219,-794261012
-175315960,205283345,-790079832
-172152124,208096710,-785234888
-170112019,210737492,-780751547
-169559739,213272841,-776762752
-170037024,215807309,-773120498
-170763250,218120666,-769942997
-171551597,219966467,-767786339
-173438141,221049979,-766568955
-176653592,221006547,-766097475
-180118532,220262824,-766099683
-183841492,218851639,-766699243
-188364429,216786338,-767949166
-193073605,214129324,-769856875
-198065979,210921430,-772515454
-203480731,207255044,-775462363
-204060845,204035543,-776851207
-204376399,201211583,-777908182
-204167057,200096505,-777975548
-201462123,199622650,-779819998
-198809972,200185787,-782233820
-195887192,201044361,-784852416
-194116942,202684388,-786883941
-192797120,204038411,-788230802
-192693745,205226965,-788554750
-192568984,206318526,-788733604
-192522254,207163788,-788687718
-193010057,208017667,-788083346
-195738540,209405743,-785412565
-199700431,210237516,-781073623
-205081978,210709431,-777034497
-209668802,210941262,-773695352
-214907396,210361460,-770087918
-218407116,209162888,-766766075
-222579063,207838498,-763440282
-227709573,206170291,-759976749
-230425317,204610931,-757599217
-230898165,203677216,-756634904
-230527083,202853894,-756841953
-229929187,201933866,-757257298
-227489169,200023275,-758889984
-222772676,199076704,-762737999
-218103850,199600786,-766919642
-213314230,200587779,-771036951
-209749511,201996279,-773829893
-206632094,203521202,-775854793
-204022869,205356841,-777609615
-202278359,207218554,-778352359
-201422339,209535754,-778684790
-201148142,210372240,-778857457
-200044166,211528308,-779102153
-199405052,212577852,-779277087
#!,zero-counter: 42
-205119532,218316002,-778465462
-204842859,219704766,-777679611
-203317682,221586993,-775964696
-201200708,223607883,-773064203
-199052681,225298769,-769406714
-198015065,226943915,-765362372
-198593820,228752596,-761258448
-201161970,231052925,-757285485
-205087801,233448662,-753881197
-209800843,235770312,-751030171
-214947637,237470325,-749137351
-220772383,238309006,-748308728
-226626244,237618620,-748573867
-231949158,235588251,-749724552
-236834153,232730001,-751725639
-240327135,229754866,-753467421
-239899495,227778060,-754724353
-238346095,225942965,-756177973
-236862385,224830987,-756587842
-236505358,224202083,-756521988
-235684211,222328711,-756877058
-233948378,220795255,-757926041
-231703847,219721238,-759526437
-228602412,219775520,-762448366
-225978255,220958015,-765089303
-224558201,222327675,-766233610
-224397552,223808808,-766568069
-224848127,226323111,-766200187
-225184825,228958624,-765682920
-226539905,231205949,-764498042
-227695867,232988018,-763359320
-229284794,234356278,-761889558
-232622419,235831418,-758608932
-237439374,236660857,-755115987
-240570832,236621236,-752718208
-242985548,236731628,-751165619
-243896672,235846924,-750413820
-243976720,234025961,-750643991
-243078150,233216964,-750926787
-240278659,232947859,-752484335
-237550688,233416215,-754162348
-235210588,233873588,-755486617
-233577655,235598527,-756254630
-233089288,237286300,-756208050
-232719967,238883216,-756078219
-232632166,239920886,-756011800
-232097064,240679912,-756038178
-231586126,241311851,-756091989
#!,zero-counter: 46
-231939343,242637463,-755487450
-230908061,244052165,-753211370
-228343485,245888269,-750258332
-225116557,248018096,-747455917
-221940494,250061503,-744778471
-219556559,251344056,-742326169
-218756731,251872048,-740488392
-220011114,251582939,-739529011
-222805142,250688319,-739130477
-227651323,249298605,-738598748
-234118260,247756004,-737737140
-240250025,246413143,-736571611
-244617665,245768586,-735513985
-247278137,245450854,-734951506
-247245626,245066978,-735899059
-245612362,244639501,-737122416
-243629185,244258245,-738459269
-241429791,243815956,-739987594
-239765729,243462916,-741239267
-238986009,242834598,-742096608
-239529427,242096163,-742593636
-241004750,241158456,-743135245
-242991516,240294384,-743775215
-245051754,239614013,-744352303
-247039679,239339274,-744850488
-249531940,238961122,-745527104
-251059936,238171864,-745989518
-251531410,237521506,-745921812
-251165788,237480123,-746499389
-250138517,236807813,-747088629
-246763959,238134882,-748816193
-244924879,239372933,-750123322
-243884811,239665191,-750805734
-242576747,240512280,-751497636
-242272903,241604685,-751862083
-243848074,243231848,-752105623
-247174984,243000099,-749616366
-250920256,243065526,-746627918
-255216592,243957398,-743769326
-260622378,244206941,-740385263
-266095335,245376158,-736952839
-267518225,245627903,-736078509
-268722564,246109687,-735890380
-269452796,246058008,-735317213
-266053659,246255591,-736200338
-262095517,246240091,-737778235
-255911874,246611280,-741262540
-251207018,246588836,-744972951
-249960102,246865769,-745862376
-249481964,247050200,-745628621
-248235942,247891645,-746107541
-247250301,248085417,-746886066
-246869178,247539375,-747688097
-248745485,247248233,-747114258
-251085458,246637590,-745366643
-254616652,247309489,-742979855
-256632704,248191843,-741392072
-261557385,250533121,-738213424
-265321326,251589939,-735506519
-267402475,253170311,-734088089
-266795605,254230744,-733993851
-266126313,254035498,-734193334
-264184001,254438375,-734961390
-261109355,255610515,-736743947
-259033626,256762349,-738385488
-257663810,256842119,-738935967
#!,zero-counter: 33
-252689107,253393484,-743989879
-251599223,252408858,-743703812
-249959790,251879001,-743288032
-247387785,251913332,-742566913
-242658649,251005439,-741689592
-238186060,249663533,-740551281
-233536499,247217075,-739685300
-228337405,243681768,-739196211
-222796920,239240582,-739243079
-217942391,234156660,-739779395
-213014335,229187450,-740858138
-208889999,224641065,-743102096
-206353775,222060501,-745618408
-203672678,221084149,-748160255
-200567228,220683170,-750947008
-197185496,220395792,-753889577
-193713076,219817294,-756923744
-190791509,218898166,-760196497
-187916235,217622719,-764032239
-184287213,215772367,-769032145
-180520001,213433727,-775372707
-177620099,210691018,-782373866
-176772222,207952704,-788996663
-178281805,205006135,-794676974
-181618060,202167167,-799287439
-185736741,199329478,-803077785
-189861976,196333609,-806516502
-193325069,193304281,-810214625
-196455850,190413640,-814226408
-199584365,187219812,-818210985
-203259911,183997589,-821676622
-207523852,181364783,-824115151
-211680245,179869968,-825409306
-215216199,179367686,-825570321
-218443242,179566073,-824652344
-221143776,179924521,-823232088
-223299719,180047860,-822189859
-224491392,180074127,-821861257
-224348549,179169032,-822324132
-225517002,178146538,-823057778
-226987547,177150815,-824056233
-228499466,176356558,-825094655
-229629738,175719703,-826078608
-230574461,175245963,-826818168
-231286810,174850524,-827241050
-231994725,174397286,-827491205
-232834751,173714934,-827603651
-233901758,172636745,-827746042
-235203986,171328436,-827988899
-236711625,169898136,-828381872
-237960486,168327712,-829274931
-239430829,167076687,-830459239
-240223566,165343135,-831495166
-240945570,164379724,-831692903
-240327441,163935174,-832165745
-238424693,164709209,-832959306
-235896492,165768774,-834671008
-234137614,167356648,-835825027
-233709722,168741947,-835872835
-232513621,169665218,-836486267
-231883452,171560513,-836951112
-231871417,172602944,-836749528
-231062690,174157135,-836410875
-230508763,175016773,-836114218
-229743392,176222995,-835378585
-229137222,177397374,-834390458
-228036341,177931661,-834206255
-227164653,177523106,-833243381
-228612900,177515555,-831326481
-228755780,176800944,-830149731
-229746636,176089942,-828990720
-230803055,175320745,-828354215
-231776433,175228655,-827946110
-232989447,175097747,-827394377
-234735333,174918062,-826164457
-236249411,174243419,-824977365
#!,zero-counter: 29
-240742624,171540296,-823193393
-243385026,169812859,-821974837
-247422968,166807338,-819979024
-250771891,162910939,-818480930
-253708770,160767842,-817234796
-254013653,159871734,-817536464
-252972217,159061137,-818476072
-252242863,159623773,-818588741
-251729216,160141299,-818679491
-251256918,160457996,-818839307
#!,zero-counter: 105
-261472824,165340433,-814788786
-260942795,166388999,-814461268
-260672098,167584318,-814164145
-260473910,168720127,-814017394
-259897669,169839824,-813623875
-259666535,171253031,-812063193
-259201132,172925262,-809793607
-258534201,175404736,-807262882
-256851069,178632952,-804721318
-253875220,182761237,-802172421
-250054787,187944610,-799330074
-246310859,193215954,-796296501
-243185581,198038509,-793364095
-240446807,201961799,-791127919
-237572811,204837975,-790050101
-235293347,207168526,-789697985
-233580062,208599799,-789887414
-233235206,209307737,-790484996
-233572517,209030777,-791642337
-235545164,208744210,-792812497
-238235767,207790264,-793963303
-242129714,205909311,-795076908
-247000994,202989177,-796414309
-252278113,199128868,-798076197
-251189149,192595627,-800862203
-251218474,189932734,-802156008
-250568766,187805858,-802976762
-250663929,186530203,-803075472
-251242292,185523045,-802867794
-251851236,184475795,-803312153
-251726619,183068424,-805559917
-252070982,181793830,-809282864
-252234095,181291786,-811338978
-252231615,181886520,-812332343
-250223202,183024335,-813945669
-246296404,184724096,-816055071
-242816759,186624708,-817593997
-240453243,188326415,-817787784
-238853082,190119498,-817195128
-237642848,191035597,-817008111
-236320139,192060446,-816948837
-234877338,193480341,-816051886
-234073074,195818605,-814207566
-233137942,197374719,-812781678
-232065953,198643945,-811895976
-231290126,199635623,-811348885
-230727506,201111329,-810479277
-230692567,203118800,-807835553
-231055854,204786932,-805683214
#!,zero-counter: 67
-235775256,209215231,-803495640
-235533876,210861908,-803093482
-234897031,212657389,-802693634
-233314582,214445443,-801777202
-231061801,216320162,-799940793
-228554001,218146992,-797546770
-226430712,219885372,-795003436
-225011829,221401889,-792414555
-224246336,222515043,-789736455
-224253568,223292960,-787179511
-224796836,223604721,-785278458
-225968227,223543608,-784203116
-227494497,223217098,-783909631
-229365618,222585242,-784086437
-231706869,221700115,-784610029
-234463802,220244739,-785479998
-237674664,218616854,-786528918
-241327830,216770556,-787741762
-245013430,214744937,-788931559
-246265740,214076472,-788696140
-246254641,213159873,-788653829
-244080478,214391285,-788642558
-241785220,216741650,-788472642
-238199784,219397377,-789866693
-233027490,223159392,-792310055
-229582811,225480324,-794178008
-225653307,227637618,-796398644
-222560965,229865188,-797932316
-219851600,231921459,-800263295
-218511910,233510326,-802096430
-218556725,234408758,-803204302
-219479755,233792043,-803747726
-222046669,231994685,-803867177
-224963120,229506636,-803165950
-227775212,227809544,-801352950
-230397998,226034774,-799076416
-233341096,225226932,-796252052
-235869214,224555339,-792904238
-239907922,225393293,-788911006
-243265450,225796401,-785009058
-246504919,225627505,-781253432
-248904279,226440101,-778508787
-249913047,226124330,-777768866
-250636128,226520085,-777609349
-251488531,226978728,-776879630
-253084285,226660809,-775710210
-255011571,225878871,-774465792
-256031662,224039844,-773953296
-258370549,220555606,-773755357
-260543508,217358033,-773521603
-261396729,214985740,-774082012
-261414057,213262086,-774970401
-260901816,212253740,-776329592
-259911908,211834223,-777411731
-258752898,211799538,-778661108
-257494281,211953105,-779656206
-256125110,212300519,-780659324
-254904566,213077978,-781760569
-254333198,213547025,-782274379
-254892343,212957211,-782911934
-255592480,212467872,-782851484
