#!,zero-counter: 899
-48109133,12091931,-480740331
-47875135,13594574,-480800294
-48047265,16258221,-480567091
-40854860,14223959,-481148069
-31842006,6266081,-481893144
-33047754,1902922,-481734772
-37564674,-1238438,-481366838
-45129686,-2126674,-481070827
-53725464,-2289626,-479854402
-59629758,-3519670,-477746282
-56303530,-8414439,-475212400
-48093731,-14998288,-472382261
-41952993,-20881815,-471837883
-35887999,-26869716,-475237443
-28593613,-32878196,-483062991
-21854695,-37837086,-495047839
-16627941,-41464934,-509700135
-12548089,-44085124,-525142466
-8764133,-46521683,-540429111
-5861595,-49049842,-555050292
-4628204,-51549987,-568678276
-5185398,-53898369,-580800950
-7662360,-55601533,-590892958
-10859956,-56977947,-598718770
-13425605,-58804461,-604119421
-15980347,-60795383,-607785311
-15601496,-64604756,-610604310
-9720579,-71654228,-612957814
-6147442,-77596329,-616332029
-5959000,-81874480,-620837815
-6575826,-85607878,-625797340
-8236298,-88399255,-630988148
-10607397,-90348566,-635648250
-16230212,-89766958,-639919930
-23740801,-87360607,-643552711
-28911548,-86050651,-646455532
-34340009,-84888983,-649132264
-41414679,-83358569,-651503071
-44923896,-85115160,-653947810
-37066411,-94433591,-657911853
-37146248,-96683301,-666495609
-41082750,-93210713,-678437533
-33547323,-95368922,-688979797
-26932090,-99457113,-699238981
-26844741,-100378143,-708962881
-29573124,-98448312,-716612431
-28341296,-97271910,-722741723
-22112231,-97112001,-728919241
-10898063,-98306215,-735095232
5114593,-99916990,-740958025
23401684,-100353606,-745745755
43001123,-102868122,-749006886
59820487,-106793683,-751507235
71402858,-111149694,-753721696
76186445,-113387471,-756384941
77185753,-115326763,-759937521
74815327,-115139361,-764417150
74912086,-117449478,-768453410
79548818,-121215640,-770918034
92728384,-136899700,-766321627
108378074,-150194090,-762114869
121536368,-155640221,-757369623
131947627,-151241264,-755801352
143873133,-143654262,-757500568
151963747,-133084801,-762505827
158570641,-120067888,-768853901
162003242,-104989163,-774631495
163080061,-90030291,-779196927
160534462,-77228839,-783328160
154515871,-66667733,-787480562
146567140,-57639045,-790957905
139796212,-49370931,-793475176
136906769,-43373250,-795629857
138162846,-40066105,-798331812
140254979,-36890433,-802190661
140547317,-33172503,-806976101
139533792,-29142741,-812758189
136139182,-20317414,-818098560
127452031,263070,-824637674
119275279,21435131,-831299479
108973395,40479394,-835633817
101649229,53556241,-839210988
96160856,62757266,-842587027
90671271,66730348,-846407536
82837881,68141844,-851734161
73993104,65910894,-859110692
65387340,61836818,-868717379
58006891,58485882,-880211200
53353559,57815203,-891936513
54478906,57627189,-903219821
60841852,57922185,-914033939
71215746,58784163,-924307504
84558121,59166938,-934047298
99192586,58717720,-942762641
112371015,57911173,-950381380
122979328,55920119,-957407371
130220395,54171386,-963661398
134798807,54064498,-968935052
138265128,55367851,-972907832
141330309,57664776,-975486677
143962786,61748340,-976438019
146966081,66132392,-975728027
152217055,67662370,-973654413
159394675,67172602,-970643917
166845170,65463220,-967261976
174032844,61947258,-964061786
180771711,55431179,-961619035
186160364,48832353,-959101832
191054000,43632607,-956622121
195977345,39713892,-954736092
200396082,36844055,-952510084
203712407,34374041,-950308291
205500582,32315041,-947897910
207214507,29014272,-945117904
209069019,26733118,-941569332
212610568,24441245,-937247904
216241228,24532459,-932396542
219835760,27225754,-927161879
222944867,31107104,-922640375
224561712,36297248,-918703683
224026100,42793321,-916058795
219779006,52080521,-914547388
211798435,63856071,-913648897
199848441,78462466,-912318359
186351035,91899262,-909496502
171793333,103522849,-904766891
159039251,108166679,-898259225
149002761,102709779,-890314308
138677879,91441754,-880806469
126434547,78618822,-871054838
111245060,65242459,-861013631
95066498,52174598,-850377901
77536006,40750763,-839028067
60113867,29083669,-827054519
43292630,16610059,-814457064
23654961,7454012,-803719665
2756678,-192878,-796347538
-12829121,-7344842,-793315434
-23379656,-12036488,-794367205
-29021912,-13407895,-798288712
-29248228,-11881521,-803755303
-24050103,-7875697,-810332819
-14446333,-1799124,-816728564
-1627531,5605162,-823705452
14113188,13276332,-831341472
30920909,19068385,-839822121
44393293,23777529,-848896415
55188830,26115363,-857418287
62754071,29167347,-864251137
67666106,31930525,-868831364
69415121,31913670,-871132862
67500642,30291325,-871898011
65413584,28295269,-872328285
65224733,25933541,-873421668
64815459,25121535,-874718290
64604085,25577178,-875083950
64981400,28322095,-873949762
65596107,32365554,-871891883
65672039,36203597,-869676539
63914796,40398251,-867980908
61107458,45118258,-866744600
58239152,49953383,-865789713
55805069,54294265,-864977364
53357511,57810679,-864139935
51337416,60162349,-863562562
50136070,61872414,-863506256
49674000,63030349,-864254592
49665428,63536259,-865795505
49779283,63691316,-867785906
50204364,63245760,-869534334
50977567,62392771,-870874998
51589961,61567050,-871800445
51860345,60908302,-872451505
51935371,60306138,-873003700
52016834,59978214,-873565524
52257721,59802532,-874207743
52874861,59446466,-875096822
54396500,58976058,-876128592
56321044,58935553,-877174332
58115927,59503396,-877874186
59464351,60202651,-878207555
60493417,60807255,-878222724
61082329,61772779,-877925408
61544677,62611856,-877382918
62241197,63726310,-876701541
62886794,65099433,-875805953
63325400,66227606,-874885854
64190275,67151240,-874144182
65522203,67835331,-873419102
67049835,68258139,-872608308
68877261,68502278,-871845320
70311171,68677362,-871320915
69459753,68718388,-870036791
69275467,68902461,-870429271
69358679,69040337,-871314279
69159937,69126042,-872422823
68402567,68991471,-873651080
67326031,68779928,-874899850
66038897,68657354,-876086351
64264707,68181755,-877372603
61648093,67142754,-878943747
58178204,65775768,-881115501
53752073,64144653,-883885619
49342322,62462495,-887041110
47550270,59680007,-888634722
46866776,56539557,-889513742
46877622,54506130,-889911507
47071977,53110967,-889576380
47663952,52246295,-888958963
48622700,51466990,-888271218
49676673,50364168,-887884018
50330235,49346608,-887729720
50702356,48378906,-887791111
51019390,47450693,-887768691
#!,zero-counter: 277
58888096,49164418,-845559689
59027239,49611671,-844461484
59966070,50739308,-843236252
59886837,51655186,-841348976
59497551,53200035,-837940095
57299935,55479878,-834113618
55765183,58044581,-832052057
54369028,59908801,-830411846
53189269,61367703,-828177423
53031756,62143868,-826852421
53775959,63234232,-826641891
54567744,63795367,-826247713
53463951,62587272,-825693985
51824811,61141904,-825712720
50852468,59596450,-826162341
49999476,58596406,-826781067
49042394,57483026,-827296436
47981166,56652672,-827710353
47041714,56103238,-827864709
46346686,55944958,-827869957
46548088,57858787,-826817684
47107714,58497312,-826445815
47915346,59183433,-826127534
49856454,60290600,-825862240
53186803,62362058,-825685949
57048017,65980418,-826671580
57837539,67545112,-827578763
57072740,67727460,-827563893
57209519,70042556,-826707067
56738416,70911433,-825861705
53428232,71332176,-823490447
50634534,71923699,-821784388
49867145,72533776,-821295254
47908827,72507350,-819922364
45155405,72582328,-818060900
41870609,71245204,-816143632
41394984,70276273,-815112200
42147850,70598317,-815216048
42003086,69777942,-815131583
43285589,69863717,-815043430
46173106,71696460,-815077384
50290114,76082564,-815710612
53902114,79781943,-817064186
57589052,82368690,-817463300
60969640,84699138,-817550524
63951295,87091919,-817843253
66825230,88873898,-818247586
69403772,90043046,-818685151
72445449,91270055,-819113978
74088901,91529487,-819183900
76100185,91499238,-819201596
77393424,91728461,-819417091
78406863,91499540,-820158519
78841681,90924788,-821530014
78891330,90043377,-822554113
78334492,88954013,-823572432
78006476,88205788,-824217205
76556177,86285814,-825204286
76167590,86688458,-824948626
77391130,86356724,-824930679
77892668,85831193,-825250690
#!,zero-counter: 17
76598207,86103088,-825636370
76367648,87255040,-825313277
75076853,88606847,-824669822
71927763,89398859,-823154643
70290388,89791867,-820431502
71724054,91029883,-816315719
73920410,92235342,-811605345
75695974,92708934,-806582784
75648280,92372677,-801927974
73453613,91221560,-798102058
69265196,89692812,-794865309
63976738,88256885,-792229983
59152490,87032483,-790832773
55545599,86389989,-791070623
52888757,86078238,-792930310
50447223,85755018,-795724899
48059283,85258970,-798753349
45815580,84527022,-801858463
43317851,83603383,-804822971
40403230,82045871,-807695791
37898057,80179298,-810021236
37574314,78895810,-810290289
37556762,76747374,-810708351
38657181,75442451,-811020789
39046510,74643554,-811189546
38693354,74085584,-811119907
38953263,72632692,-812102396
41273818,71706248,-813631621
45476002,72219173,-815790062
49351252,72628369,-817688198
51735714,72599364,-818267376
52855829,72741193,-818319118
53499227,73104794,-818480632
53191617,74208102,-817384931
51787092,75105385,-816231227
50561812,75543230,-815951336
49344660,76028546,-814826218
48848670,76771975,-813917662
48624179,77261723,-813719109
49069316,78374115,-813181261
50659701,80330966,-813156335
53381696,82291960,-813960499
55307292,84288084,-815129946
56101205,84875525,-815843309
57408937,84930925,-816627797
58775322,84495019,-817367394
60462100,83565695,-818329452
62155762,82772966,-819048742
63371087,81869579,-819503853
64101176,81421798,-819857245
62927695,80912049,-820355652
61994130,80813080,-820408339
61101732,80837375,-820304864
60312027,80961231,-820270163
59650704,81169870,-820139506
#!,zero-counter: 39
60828255,82352916,-819625725
60673138,83436924,-819142923
60176166,84758150,-818354214
58489798,85703426,-816480833
58055400,86312268,-813156602
59393062,87435348,-808913009
60594681,88552452,-804362203
60445781,89679102,-799610432
58730025,90719218,-794926220
56028980,91879145,-790816022
53051029,93169476,-787462966
50763050,93975093,-785384204
48892794,94470072,-784964941
47112074,94419602,-785942882
44996179,93957556,-787634220
41994882,93074146,-790054920
37851335,91670378,-792977307
32667688,89445369,-796324360
26625775,86818070,-799882610
21267903,83917890,-803018124
19594647,82054148,-803423341
18424223,79574889,-804054307
19782224,77489453,-804547420
19245616,76032909,-804155411
23405807,76415870,-805570601
29837749,77349813,-807996908
34882665,79775021,-810278281
37686258,82570241,-811547257
38280184,84570896,-811729696
38862750,86524420,-811720343
40391104,89165219,-812189393
40339341,91178001,-812298679
40093380,91946250,-812198913
40903961,93034747,-812103544
40441378,93997746,-811391582
38081558,93849255,-809586649
32707675,93525607,-807632551
28920299,91157936,-805997365
27137798,88348351,-805413131
26984688,85616105,-805165815
28327638,84129000,-805516635
28656915,83121825,-805922353
28021563,82364356,-806199104
26991879,82057967,-806090722
27095926,83272565,-806045827
27459555,85405924,-806176496
27479433,87057678,-806066060
27526222,89068341,-805675974
27488508,90680197,-805454059
28250495,91741663,-805009425
29219584,92555008,-804428898
30580773,93465143,-803821769
31771574,94214860,-803534602
32870851,94487769,-803501658
33861856,94466542,-803733812
34802422,94210399,-804002627
35476681,93715691,-804237229
35895462,93126423,-804457041
36367523,92560306,-804707170
37012795,92024835,-804843199
37831340,91608529,-804938327
38695852,91209576,-805111270
#!,zero-counter: 40
39814496,91732344,-805710980
40935150,93073784,-805294871
42399883,94710334,-804461771
43765493,96239146,-802320806
46101578,97454710,-799126419
49058408,98366550,-795647692
51734808,98815836,-792093262
53375016,98551704,-788773057
53759264,97111092,-786083703
52864467,95149866,-784359995
51361027,93368279,-783502917
49697552,92150376,-783305985
47869730,91601628,-783751814
46171608,91286915,-784704901
44661813,90969709,-786143926
43090720,90674737,-787695392
41449685,90283143,-788992099
39749501,89859979,-789954182
38115552,89335637,-790726247
36369789,88880233,-791126130
34510439,88303867,-791387568
32338024,87594291,-791888172
30158604,86393204,-792906320
28032749,85519574,-794263444
25903450,85029166,-795984591
23357617,84489171,-797875632
20702300,83661810,-799596496
19655763,81951783,-800338193
19298379,80211206,-800792333
19420054,79043854,-801176808
19162307,78155264,-801276952
18587703,77656267,-801353639
17677960,77277586,-801419313
16459180,76906454,-801316022
15330503,76913873,-801012084
15857398,78180519,-800875408
18360348,79964638,-801571699
20963258,82243041,-802305473
23214507,84129369,-802878091
27099791,86321337,-803883201
30079918,88619025,-804833958
30390058,89843230,-804930051
31411492,91373959,-805069566
31877789,92554716,-805053915
32616825,92966426,-804770346
33608288,93341436,-805075054
33972654,92646658,-805483737
31629269,91990168,-804803854
28690274,91036657,-803622374
26387799,90508962,-802265404
22172769,90542895,-800419910
18725841,91094233,-798866687
16370991,92254018,-797554880
14630402,93451080,-796491744
13587278,94495389,-795295035
13653429,95663167,-794702440
15544063,97039153,-794736497
17193820,98184981,-794459253
19687569,99652500,-794682166
21085276,101250631,-794851196
22441664,102057624,-794838720
26371367,103123442,-796809158
28895444,103216733,-798061762
30035765,102326494,-798640479
31461103,101137899,-799789515
33036170,99617759,-800797950
34226480,98151287,-801685598
34592171,97192278,-802222066
#!,zero-counter: 64
34471184,95325057,-802651587
34991428,96452961,-802174656
36807264,97866887,-801107207
39617751,99352868,-797969078
42275312,101585017,-792338795
45498695,103585453,-785765305
46912151,105568426,-780030825
46156286,107606683,-774988882
43875715,109189792,-770606501
41047355,110465761,-767265421
38852924,111190827,-765374948
36539650,111715393,-765075842
33832697,112194502,-766146658
30896491,112468547,-768460117
27632012,112742608,-771627190
24258113,112769080,-775161592
20849692,112615124,-778715474
16845603,112624406,-782046804
12085780,112414912,-785186228
6116932,112289038,-788068969
-220390,112448444,-790526295
-3080835,111973522,-790463428
-5589069,112115729,-789270223
-7278279,112171973,-788213525
-7479481,111268355,-787987783
-9184309,111981779,-786385410
-11140511,112406752,-784916545
-11749762,112991407,-785056639
-12669130,113631670,-784627926
-16355815,113965089,-783493537
-19576122,113385525,-782789460
-20624479,112632057,-782846273
-20587132,110980758,-783419731
-18921366,108544083,-784343616
-14946055,105884143,-785946344
-9192204,103499606,-787893867
-4483529,103172136,-789655761
-2633020,104387149,-790477007
-2805334,106085908,-790386048
-1683350,108425341,-790199019
-360442,111709062,-789890823
-880553,115368637,-789028323
-1440757,119059211,-788102668
-1819223,120914595,-787739758
-1696155,122369415,-787499588
-3390347,124043475,-786258136
-5378279,124687804,-785443059
-7071905,124707586,-785272648
-7914408,124044341,-785187782
-8320884,123188340,-785317975
-8887251,122470889,-785415131
-10793650,121870800,-784755774
-11918654,121333272,-784493997
-12847570,121535351,-784429373
-13457184,121944656,-784177868
-12746695,121482612,-784111523
-12014481,120839182,-784215532
-11329123,120199247,-784278201
#!,zero-counter: 40
-9552201,120020619,-783279521
-9800439,120281344,-782435364
-9598658,121068176,-781174675
-8464631,121499678,-779755799
-7049648,122339201,-778237250
-5663888,122942618,-776441728
-4487372,123373265,-773985725
-3288724,123556350,-771203465
-2115825,123642846,-768297373
-1407135,124210505,-765695540
-544878,124832109,-764156696
191130,125513224,-764245483
645799,126074479,-765651952
985319,126280379,-767888792
696607,126240496,-770573693
-667811,126425144,-773326277
-2982915,126592401,-775839617
-6047419,126635584,-778174162
-9866059,126721458,-780312914
-14037420,126787057,-781959811
-17639492,126939722,-781666701
-20318778,126571382,-781065008
-21988839,126373796,-780629727
-24145161,126554285,-780320973
-27069355,127326464,-780044603
-31939171,129022744,-778635488
-36681464,129615151,-776938908
-41334636,129971026,-775961816
-46761184,129293353,-774941166
-49760848,127354050,-774323031
-50986434,125406811,-774289640
-50201990,122663411,-774568494
-49912186,120465486,-774829941
-49869034,118597488,-774871187
-49991064,116394188,-774992032
-49150700,114340491,-775220342
-48522742,113396160,-775090656
-50310078,114763203,-774659679
-51034249,115452951,-774439677
-47879627,117412067,-774431710
-43244445,121060732,-774704650
-39452403,124101675,-774541927
-35459551,127558740,-774005927
-30065260,129743671,-774583628
-27467593,131081433,-774582308
-25142504,132370610,-774202282
-22004601,133999776,-774509239
-20045987,132376728,-775024627
-18653761,131789568,-775217528
-16920531,131111228,-775447103
-15110146,130374697,-775817004
-13624552,129681078,-776230918
-12746264,129055230,-776647304
-14183666,128867242,-776886294
-14891408,129123301,-776815377
-15453924,129386262,-776736222
-15017041,129010507,-777195550
-14321682,128490361,-777559621
-13610731,128015169,-777810347
-12987594,127591690,-778024241
#!,zero-counter: 28
-15741562,125626903,-779047168
-16765227,125795163,-778955952
-17672620,125962136,-778776484
-18414828,126135750,-778628132
#!,zero-counter: 24
-13632549,122208147,-780797976
-12833525,121867142,-781016057
-11978261,121499733,-781238129
-11166615,121144702,-781465919
-10404263,120871369,-781661042
-9572859,120604288,-781857481
-9788604,120105698,-781921249
-10850001,120270402,-781722255
-11841631,120477385,-781452815
-12758845,120653801,-781272148
-13498064,120787657,-781160857
#!,zero-counter: 135
-9672405,118312022,-782604578
-10374796,118540128,-782431729
#!,zero-counter: 182
-1760999,114071006,-783624354
-1114776,114678256,-783195437
650982,114794525,-783218391
3424104,114578564,-783854994
6252132,113711151,-784629965
5858281,111361535,-782918294
6334692,109072580,-780688155
5762884,108488452,-776862364
7360778,106991338,-771101546
10210525,105731764,-763379695
13568131,104781831,-754238948
15749876,103007240,-745238365
18360079,99859652,-739005987
16939585,96299299,-736908769
12815825,93278358,-737635118
8653017,90281841,-739109623
5880634,87214103,-740695551
5357454,84452228,-742338017
6827543,82297501,-744106440
9959663,80880924,-745721611
13992256,80651673,-747272312
17930408,81275056,-749065965
20899385,82618002,-751502086
22863157,84303975,-754973105
24163929,85640183,-759511389
24391982,86169414,-765007169
24676497,84554048,-771392147
25710497,82306737,-777231509
28481925,79982872,-781573956
32248387,77316199,-785123611
35337147,75021488,-788530033
37915305,72690101,-791834291
39215501,70689909,-794864435
38680166,68996048,-797669887
36674767,67674784,-799947863
33930651,66712865,-801575503
30682901,65938461,-802776317
27201125,64973675,-803707111
23300739,63683224,-804463786
19221211,62232336,-805030626
15620118,60796146,-805854961
12679302,59571802,-807342328
10034303,58654554,-809501237
7226826,57928738,-812233030
5613044,57195916,-813914638
4689190,55741376,-814596363
3754991,54727933,-814903011
5063224,55745352,-815150211
9514604,57991097,-815678400
14267811,61085072,-816608797
18317795,64036444,-816865800
22217273,67301090,-817451982
25430087,70488008,-817911628
26936961,73620065,-817625500
28100918,76961826,-817279730
28317487,79733093,-816754401
27855156,80676035,-816250030
28236018,81618094,-815949301
27865708,82886040,-814812228
25254240,83388406,-813074001
22027470,83336299,-811520800
19317072,82323789,-810333676
17657752,81449635,-809658895
16869873,80921992,-809665437
14982543,81177296,-809059735
12348888,81288114,-807842219
9681682,80465335,-806755027
8048309,79899990,-806032259
7291316,79446150,-805579793
8124968,77671317,-804780313
9259377,77679802,-804761177
10556292,78201236,-804822505
11450460,78889824,-804816857
12867193,79329793,-805526532
14708238,79067867,-806833521
16003817,78438772,-807464026
16752082,77911938,-807693091
17334322,77395885,-807877341
17800413,76840864,-807873612
18421575,76011754,-808077186
19461316,75551272,-808360602
21631797,75898238,-808597547
21961761,76548414,-808449022
#!,zero-counter: 26
20354781,75553837,-808109343
18957813,76176062,-807935322
17326108,77033758,-807591800
15386088,78386884,-807021400
13394367,80177799,-806364035
10787395,82566760,-805061911
6136976,84821634,-802841844
2195388,87192550,-801000543
-3450681,90012084,-798900496
-7739389,91048167,-797217427
-9846326,91572054,-796359129
-12460692,92882980,-795101723
-14723024,94350842,-793785397
-15600413,95087197,-792704016
-14451506,95379542,-792670733
-12302125,94787517,-792448163
-11413461,93844877,-792763820
-10352831,92633272,-793157065
-9290466,91278667,-793459279
-8596463,89939649,-793688199
-8226708,88990353,-793861443
-7392282,88417436,-794066891
-5373274,88390827,-794548887
-3433267,88901515,-795042508
-2321459,89329857,-795156775
-1720023,89706236,-795277847
2117400,88839532,-795848620
3880886,89266704,-796315099
5068537,89383662,-796627572
7926969,89667623,-796500383
9787672,90718360,-796559331
11536655,92733868,-796600909
11281091,93901359,-796649339
10972979,94528077,-796561247
10692354,96554899,-796990550
9699268,96975844,-796609492
7827174,97611310,-795854305
1926076,99066943,-793627723
-3145809,100415663,-791828655
-6956721,101075153,-791094311
-11137357,101129114,-790138571
-15759600,100171861,-789072831
-16797764,99404634,-788809143
-16453848,99114044,-789284116
-16312198,98319965,-789052108
-16418059,100019076,-788757355
-15579632,101029271,-788552332
-15692073,101772296,-788473411
-14286620,102872462,-788247922
-11723061,104500479,-788251716
-10345597,105579398,-788466473
-9618564,106879635,-788446342
-8585588,108200226,-788481905
-7241996,109092898,-788449446
-7304659,109785664,-788218422
-7874258,110423311,-788067039
-9252283,110517310,-787974777
-9577577,109817633,-787798423
-9043555,109239386,-788006098
-8505454,106779514,-788157648
#!,zero-counter: 116
2744463,103276075,-789750504
4280717,104202817,-788811242
6952505,105096831,-786868338
8921624,105785690,-783921964
9987870,105732559,-780453941
10360085,105034929,-777740286
9271539,104806198,-775787695
7682621,104104816,-774656360
5456602,103699048,-773943234
3594908,103189105,-773728786
2238233,102784832,-773968763
1128533,102388715,-774541032
-83250,101967621,-775280610
-1836573,101542821,-776272714
-3944872,100932670,-777488000
-6290298,100112764,-778755351
-9386521,99274524,-780117407
-12712227,98260496,-781605316
-15631404,97485722,-783355803
-17411358,97023575,-784614706
-18051816,95946900,-785053276
-18062124,94796051,-785519894
-18087054,93853766,-785760757
-18752664,93327573,-785622954
-17523387,94762948,-785610001
-15721832,95711733,-786123329
-14707202,96213814,-786343037
-14314980,96896489,-786429211
-13175367,98369793,-786527361
-12947024,99598338,-786637804
-14043705,100019739,-786621363
-13970400,103964255,-787066632
-14712026,104393092,-786642770
-16854887,104820718,-786047738
-20795193,105038629,-785058582
-27086763,104547155,-783827912
-32741189,103656399,-782720028
-35068964,102591702,-782182147
-35355443,102448779,-782735074
-37167325,102605813,-783196206
-39696007,103091382,-783063636
-42549669,104498785,-782474421
-44893760,106378815,-781480149
-47255440,107810430,-780810064
-46496337,111197482,-779799094
-45135066,114674056,-779713570
-45974135,116893845,-779597075
-45673233,117942005,-779494711
-43151168,119112718,-779630128
-41362242,119313678,-779774318
-40445515,119139405,-779905876
-37626248,119386308,-780101700
-35980208,119347105,-780480145
-34935226,118510658,-780783876
-34195054,118041588,-781009627
#!,zero-counter: 27
-28211944,112974390,-782471835
-28901139,113362125,-782311793
-29384633,113713835,-782056448
#!,zero-counter: 26
-26226767,112554307,-782332485
-25340646,113279561,-781991680
-23977290,113640782,-781808173
-22497482,113274194,-781841843
-21614633,111748707,-781256207
-21874671,110601971,-779401418
-21451230,108888485,-776900177
-21125231,106696698,-773923066
-20903212,104494089,-770231825
-20035182,102397085,-765819165
-18477920,99894645,-761494453
-17378685,97340609,-757414781
-16693098,94699855,-753500552
-16545675,91348281,-750027236
-16602374,87084007,-747627414
-17141798,82426209,-746736750
-17042767,78061863,-746846126
-16266413,74987901,-747086857
-14226822,73496908,-747215722
-10506873,73490490,-747299474
-5420911,74595199,-747743879
397073,76371393,-748769806
5991394,78581205,-750422506
10713296,80324552,-753110494
13794415,81684585,-756990900
14479161,82246137,-761996025
13624085,81608005,-767672443
13103747,80634183,-772803684
14368579,79375457,-776833795
16964414,78582881,-780024530
19829036,78088759,-782897673
22058130,77890057,-785604568
23889030,77644446,-787964975
25531008,77821003,-789539078
27173922,78306896,-790360086
28188279,78863039,-790930683
28214343,79532311,-791602111
27860927,80486977,-792488789
27523050,81597547,-793974813
27043252,82569549,-796134991
26139897,83469866,-798709022
24802827,83971489,-801014421
23049829,84186970,-803028028
21215254,83948525,-804780811
18924289,83466945,-806431121
16138803,82670274,-808017917
12832746,81667116,-809844863
9657057,80673340,-811700359
8994494,78678823,-812423952
8452550,77018740,-812887273
8196811,76039266,-813210364
7265202,75493156,-812930811
6670613,75346408,-812444978
7869355,76017782,-812506827
10917846,77883392,-813382054
15194651,81066678,-814698743
18560421,84156834,-815952881
21484422,87278537,-817223717
22740283,90068667,-817561034
23843480,92766242,-817629278
25291084,94956424,-817684138
26617827,97209341,-818060518
26833059,98507521,-817918973
28762263,98245886,-817124207
29517592,98759123,-816353940
29300980,99925971,-815080931
29498272,100880613,-814162749
28897747,101339565,-813473542
25142695,100628130,-811488035
20265917,98536741,-809788298
15648378,95477675,-808589157
12561023,93188668,-807416248
10842225,91739784,-806633858
10698323,90977734,-806358625
11289522,90447818,-806443696
12299954,90584543,-806165973
13874335,91381662,-807121146
15593474,91854606,-808403656
17336618,92404749,-809766455
18632453,92791404,-810548770
19163939,93366301,-810403831
21878944,93296912,-810665197
22599277,93602872,-810562820
#!,zero-counter: 17
20545827,92485571,-808636439
19384956,92550767,-807943780
17867684,92991527,-807056077
16411719,93490765,-806160212
14276427,93779697,-804728063
12879380,94006919,-803748669
12613980,94738895,-802513947
12448835,94631513,-801876684
13349471,93072564,-801883532
14014705,92221247,-803106778
14817162,91644825,-804573324
15192545,91012147,-805534116
15913926,90553581,-806906207
16374140,89881527,-807688376
17466248,89855741,-808367140
18477352,90236596,-808786832
20066862,90805845,-809277145
20793156,91272333,-809551776
#!,zero-counter: 68
27001570,94013652,-808278873
27408387,94918207,-807949928
27717368,95825139,-807740832
27488301,96729899,-807650644
26533888,96815505,-807265394
24212747,96448600,-806291635
21731132,96232981,-805003776
20069802,96638390,-803492182
19297086,97527386,-801344674
18590305,99002526,-797999762
18054790,100437974,-793974940
17618296,101611133,-789768676
16184746,102748153,-785666647
13815222,103126409,-782102334
10680142,103259495,-779130696
7884232,103174435,-777066693
5282211,102982838,-776052419
2712220,102819886,-775818077
431337,102822751,-775743461
-1832903,103034674,-775408751
-4633986,103385342,-774939257
-7484493,103078193,-774795770
-10473655,101824509,-774895834
-13577569,99605844,-775387810
-16402885,96854333,-776018756
-18047395,94481617,-776484096
-18431746,92839048,-777141017
-18526494,91860517,-778070545
-17641046,91571890,-778521556
-16165755,91641498,-778964219
-14683351,91921447,-779788548
-12944259,92016486,-780870575
-10732519,91507252,-782307463
-8308460,90381638,-784225722
-5570212,88708949,-786433502
-2821020,86940964,-788641273
-68140,85287409,-790628279
2781593,84153803,-792107619
5369255,83670748,-792947459
7061109,83556298,-793365568
7366399,84049568,-794110652
6341002,84374870,-794900114
4756759,84504712,-796232611
2649246,84471412,-798077020
56945,84336619,-800249221
-3214143,84309358,-802435648
-5253352,83296858,-803239136
-6064738,82364469,-803332339
-5845114,81189200,-803042678
-7178252,79690443,-802550274
-8077400,79282448,-802620020
-4508644,81399546,-803606760
151393,84342814,-804497594
5679049,87644533,-806178379
9138548,90005851,-807083896
12679029,91740177,-807741256
17027512,94268586,-808986124
20482307,96776720,-809872672
21535176,99145304,-811229779
23516825,102666937,-812345102
24338400,105923186,-812963220
24990844,108114087,-813362426
25440490,109184286,-813452034
23023236,107140421,-812442684
17238299,105780583,-809530268
12783258,104602803,-807238214
10893827,103058216,-806188756
10027011,102356609,-805898237
9632540,101632292,-805585066
8240592,99903189,-806246848
5686283,96743171,-807480569
4139994,93323609,-808844819
3562575,90334714,-810259983
4500188,88572343,-811830923
5506611,87865605,-812983012
7502282,87625416,-814389207
9155093,88494240,-815841608
11251872,89550848,-817333160
12098416,91058865,-817854979
11351568,91395034,-817778628
12163784,91467727,-817987410
12631784,92004157,-816952088
10430319,93469143,-814146730
7178672,95381093,-810933585
3480481,97897679,-808280058
-434085,100476093,-805605944
-4083926,102327999,-802965202
-7440427,104074204,-801139956
-11437803,105580802,-798674684
-13542851,106494658,-797347809
-13505335,107390163,-796808773
-13694467,107796713,-796254142
-13827172,107985524,-795667358
-12827901,106283222,-795147716
-7615578,104521165,-795226308
-6470437,104135474,-795344970
#!,zero-counter: 35
-4102571,104290832,-794154114
-3174459,105070211,-793984682
-2267265,105758232,-793722822
-1894146,105703321,-793123829
-2456295,105650733,-791166763
-1563245,105867683,-787713449
-446242,107066419,-783915519
383975,108544618,-780558355
848277,110218579,-777719297
595745,111761816,-775563967
-680766,113151840,-774469475
-2573322,114091314,-774399624
-4987759,114709907,-775105235
-7960322,115148821,-776334965
-11502874,115290658,-778116893
-15197521,115118043,-780399359
-19309839,114852324,-782980197
-23419446,114304164,-785318482
-23907672,112223067,-785684096
-23960819,110622910,-786089725
-23076848,110138638,-786567277
-23737505,109035206,-786211064
-21061980,107777729,-787533745
-16741719,106583544,-789528966
-11783826,106696643,-790997225
-7040142,108407397,-792462987
-3467195,111202573,-793612688
-1440236,113468175,-794419223
-984040,115825449,-794572759
-985468,117820988,-794367936
-1301996,118727354,-794093341
-355277,119719482,-794186879
223409,120559934,-794430424
-1386143,121876698,-793684713
-5327064,122266216,-791941122
-9550159,123146330,-790146779
-13351620,123556925,-788583965
-18820373,123387680,-786871096
-23679331,122649151,-785295123
-27291843,121189673,-783998920
-28925691,119669181,-783483637
-28742856,118044831,-783638725
-28340728,117365764,-783878942
-28894782,116333305,-783847565
-27813593,115002482,-784037425
-23941584,114736759,-784806677
-18638236,116199734,-786320262
-16411541,118750083,-787014498
-16322936,121215515,-786989314
-15741433,123998383,-786968697
-14960844,126461133,-786978759
-15950771,127846781,-786754787
-15507889,128584024,-786574556
-14051024,129495248,-786438417
-12923019,130214719,-786430745
-12062180,130701236,-786589109
-10423253,130316236,-787176879
-9311685,129555906,-787627823
-8508853,128532256,-788155913
-8170688,127606136,-788558549
#!,zero-counter: 45
-5632913,126271043,-786869683
-4674149,127024641,-786619665
-3462440,127389691,-786379579
-3580078,127932575,-785373756
-3767263,127858284,-783162937
-3484069,127721769,-780364874
-3302996,127841517,-777872372
-3425913,127829805,-775559276
-3929207,127288149,-773508262
-5237491,126388891,-771654385
-7224373,125048605,-770207227
-9721743,122900448,-769637162
-12599141,120164005,-770184904
-15401473,117442391,-771800995
-18398803,115291725,-774389337
-21225408,114044110,-777526603
-24212901,114168885,-780312789
-26585292,114462858,-780546480
-27402641,114170907,-780845257
-28342748,113152815,-781402515
-27174789,113596442,-780982884
-24859098,114650906,-780995117
-20863087,116264672,-782336996
-16794293,118566006,-783415602
-12978059,121638253,-784617265
-11565014,124338994,-785507215
-11765967,126291908,-785813162
-12559507,127246812,-785077749
-12025699,128172403,-784783317
-11713242,128822314,-785128578
-12132285,128767463,-785560404
-13135401,128685682,-785728105
-15876373,128336122,-784994828
-19001938,127329512,-783834804
-22609932,125940605,-782877991
-25086798,125247639,-781622686
-29423772,123758107,-780180669
-34100004,121770434,-778759866
-36918374,119841843,-777567343
-37627886,117746169,-777177459
-36993843,116041513,-777973884
-38580803,115372857,-778916807
-40440254,114771599,-778884145
-40449120,115877038,-778073535
-38002976,117677516,-777919579
-34287379,120360321,-778823237
-32374362,123184937,-779355713
-31492467,126533479,-778905520
-29459540,128906928,-779056957
-27392142,130614956,-779045908
-26978637,132026475,-778948791
-25296926,132060595,-779081321
-23850168,131686316,-779590240
-22677436,131160796,-780125024
-21986397,130712624,-780492661
#!,zero-counter: 61
-16171782,125750819,-782826815
-12109688,125020842,-783106209
-11248063,125154965,-783142411
-10276911,125271454,-783190833
-9329885,125528853,-783245071
-8375685,125794821,-783277728
-7477653,126046747,-783322331
-6742656,126438890,-783347878
-6259043,127003949,-783309336
-5841635,127710003,-783196569
-5423435,128545255,-782907698
-5115693,129541908,-782624410
-4397950,130420326,-782427756
-3252758,130544558,-782495816
-2837644,130225733,-781924901
-1080450,128781797,-779916543
2337723,127967849,-775977788
8269064,127653058,-771014094
16256669,127412438,-766267645
24885487,127114422,-762400515
33164592,126130791,-759654731
39987336,124411141,-758237874
44548501,122596370,-758045554
47647375,120127314,-758841632
50455499,116478964,-760209072
52768446,111863395,-761691534
54590460,107236694,-762949562
56746524,102984361,-764033259
60284235,99456390,-764937783
65246044,97178581,-765894895
70810210,96317410,-767021425
76281473,96674053,-768326973
81048179,97505488,-769923220
84229844,98815072,-771850666
85679977,100403672,-774104916
86279488,101875270,-776563072
86928655,103380835,-779054079
88436583,105148011,-781282274
90706762,107200272,-783553203
93410580,108880742,-786245039
95731392,110162239,-789928702
97016537,110709542,-794378989
96303989,109730812,-799465706
93825672,107625979,-804926854
90633773,105135678,-810401421
87095926,102678891,-815716764
84013791,100264569,-820890027
81586996,98721725,-825709585
80983095,97701027,-829744834
82039035,97433531,-832625867
84229286,97391626,-834486509
86366112,97361817,-835612103
87692739,97635423,-836190430
88595811,97517171,-836525616
88525251,96551258,-837218862
86868602,95240349,-838335571
83956056,93829727,-839653708
80598538,92528392,-840728091
77872488,91539692,-841471558
76177724,90596435,-842235292
75614512,89673781,-843079651
75754084,89122604,-843910987
75779017,88725118,-844537994
75725164,87940990,-845028741
75312443,86890497,-845610883
74509043,85808730,-846352629
73518092,84918030,-846932827
72174637,84206004,-847299806
70691506,83703480,-847518940
69366102,83317074,-847839953
68012139,83043617,-848379281
66610417,82708794,-849206892
64661464,81931906,-850233040
61941327,80515742,-851316463
58976720,78851843,-852254324
56595411,77492424,-853079125
54781028,76580485,-853623940
53703671,76047513,-854047766
52915382,75863310,-854292546
52085916,75763647,-854358733
50996315,75516291,-854596686
49422944,75153892,-854988939
47444261,74371443,-855670514
45011521,73352077,-856913669
42195609,72396154,-858626725
39528563,71417700,-860537443
36346287,70464849,-862632114
26835204,66014893,-865073272
25505034,64670382,-865738330
25808179,64286594,-866022954
28563555,65100789,-866386999
32770112,66988225,-866539863
36463125,68709865,-867072074
40020618,70625745,-868080040
43626458,72574025,-868793096
45833138,75202835,-869472855
48005472,77872167,-870845021
48307822,79688604,-871628521
48809940,79140353,-871494242
49493895,78283181,-871620487
48848119,76742840,-871461518
46272935,74801421,-870452891
43847104,72430512,-868615117
39348945,70398961,-865699353
37140053,68254385,-862898509
33779409,66461948,-859765043
33720469,65102995,-857658015
34231555,65434596,-857160755
33458121,66129737,-856529651
34660682,67369204,-856669973
36531972,69445958,-856886233
41253145,72403867,-857737749
43096873,74259950,-858461315
44216548,75842126,-858266121
44923425,76843907,-858334685
45961900,76797827,-857963433
47307312,77007951,-857860273
48252992,76836044,-857620262
48336474,76568595,-857138252
46929006,75962969,-855888637
42057110,75429043,-852728688
38261867,75311699,-849984841
36326847,74118806,-847893764
34704765,73626997,-846128247
34340009,73648709,-845524675
36297034,74719881,-845081262
41673727,77027089,-846329147
46571315,79621152,-848109322
47847622,81085231,-849237317
49659199,82023186,-849995680
54280792,83989299,-851681582
55559004,85352844,-852633292
#!,zero-counter: 25
56621349,88687603,-849394304
55035454,88666198,-848069177
53257759,89124854,-846189704
53455263,90158701,-844077974
54810961,91332818,-841807348
56644357,92269446,-839194645
58313288,93121174,-836314978
59460526,93722056,-833742476
59625177,93884541,-831421694
58568935,93531819,-829191646
56367510,92885927,-827242045
53382805,92471608,-825545968
50707386,92386953,-824118284
48858301,92560312,-823206626
47906866,92800296,-823057711
45797252,92734881,-823474514
44591236,92161273,-823367924
42494112,91308744,-823131516
39313031,90309168,-822979885
35108711,89311925,-823165244
30863710,87902404,-823942164
29639154,85258944,-824982355
29621036,83436261,-825947886
30466812,81221911,-826155196
30797780,79370849,-826288101
29706061,76522109,-826268221
27707361,74327867,-826633845
26623124,73359039,-826882780
24824955,72751526,-827196570
23090966,72112561,-828183204
22747234,72513129,-830160355
24440014,74828247,-832686370
28354627,77285661,-834871438
34398958,81339932,-837586171
38110137,83839477,-838869615
42527713,86337635,-840039967
44466055,89143528,-840970182
44463563,90574609,-840786257
44913857,91859527,-840681017
46231782,92727073,-840716919
47755306,93625764,-840541909
49098660,94175301,-840241186
49225406,94201790,-839099779
46389654,91650358,-835667635
42364280,88681266,-832725768
36772516,84675403,-829673564
33145235,80374542,-826902715
32101871,77633725,-826065996
31250718,76703164,-826087045
30115338,76231414,-826148182
28843168,76019409,-825653287
30358144,76880759,-825601860
34565224,80829907,-826425107
38057641,83464258,-827315969
40152683,85353269,-827642045
42565478,86939012,-828247729
44807334,89130119,-828910506
46050497,89458372,-828871188
47506058,89757950,-828846478
49013992,90052927,-828958667
50307961,90295689,-829013968
51139626,90424275,-829086499
#!,zero-counter: 24
50808444,90429493,-829603322
50742851,91276125,-829174795
50867977,92201777,-828636332
50693264,93082071,-828141501
50322244,93740866,-827711029
49314065,93658329,-827108343
47794883,93045264,-825997663
46683369,92129397,-824406940
46152011,91799416,-822770069
45913880,91736832,-821208562
46022553,91804895,-819389459
46525398,91915172,-817449563
47252071,92210006,-815641874
47998199,92521388,-814075552
48382973,92718931,-812949898
47949814,92553191,-812289175
46564116,91797059,-812012191
44565442,90738129,-811995735
41757008,89731359,-812256538
38245640,88583442,-813155695
34444447,87517125,-814677099
31609001,86483559,-816825421
31069957,85082786,-817675682
31440396,83787448,-818244623
32542928,83158006,-818516075
33962493,83035470,-818460933
34690914,83513354,-818848779
37358368,84861593,-819856850
40808827,87102552,-821398222
42826525,89232548,-822768607
44139714,90513964,-823555032
44847110,92119358,-823971557
45662340,93160935,-824039701
45254171,93585025,-824447825
42948671,92228338,-824099622
40831410,90542120,-823795841
37864129,88407126,-822842457
35766403,86558808,-821534018
33556566,83945229,-820200793
30811319,82281657,-818339983
28126930,80876800,-816287851
27270100,80507102,-816023283
25921763,80557173,-816411158
24452123,80600909,-816256043
23753184,81106441,-815740400
23320546,82364092,-814795783
22993681,83116937,-814358910
23209520,84032913,-813998248
23737315,85033378,-813737188
24386052,85372190,-813649037
25153626,85496176,-813671234
25986865,85618510,-813674392
26895639,85781832,-813589210
#!,zero-counter: 17
28095233,83408272,-815886868
27550115,83033488,-816131104
#!,zero-counter: 14
29074214,84775774,-815091839
29578687,85594885,-814674736
30221115,86132022,-814380477
29642283,85379421,-813750836
27930326,83172988,-811723558
27381530,81840566,-808851186
28292618,82522229,-805897317
29370199,83785954,-802812475
30400108,85394856,-800109108
32039730,87322031,-798061526
33619053,89568961,-796569222
34851688,91524153,-795272920
35511863,92742243,-794167940
35199116,93190700,-793684481
33902473,93281960,-793677552
32038370,93039810,-794384498
29889616,92669731,-795655561
27281463,92161723,-797651109
24631248,91570964,-800715361
21836128,91116915,-804683030
18900555,90413602,-808683342
17641277,89409173,-809165428
18225174,88480112,-810050159
20106266,88703078,-810791522
21195817,88517762,-811189467
24427445,89577149,-811625024
30322152,92265876,-813922887
33405023,94766541,-815044105
36382419,96960694,-816170016
38780450,99130899,-816644023
40633767,100711042,-816809693
41214485,101489433,-816599266
41749058,102048674,-816420612
39989062,101370340,-815589958
35633160,98399740,-813013884
32304451,95904553,-808850292
31205575,94454108,-804213424
30806221,93509317,-800004132
28339957,91773084,-797422812
26477475,89698319,-797086938
20513817,87262659,-799668740
13846860,84619566,-804283514
12592981,81067815,-805878198
10984907,78595617,-807114882
11806105,77079911,-808957570
12636984,75930336,-809916279
14519348,76263131,-809804979
16048501,76967595,-809119202
17574476,77590515,-808526805
18324056,77860633,-808289300
#!,zero-counter: 42
14234376,76847802,-810080980
14699866,78025597,-809579199
15623191,79283657,-809212148
16315962,80161149,-808431937
16867470,80572082,-806884293
17128202,80767839,-804629748
16442884,80704253,-802101256
14186878,80997861,-799008661
10622621,81767874,-795400435
6490368,83072000,-791187322
2112507,85026849,-786710233
-1820202,87060893,-782660835
-4956762,88741797,-779992405
-7791827,89953595,-779518446
-10268408,90631107,-781119602
-13058352,91125363,-784043395
-16637160,91098196,-787484460
-20944399,90904024,-790826739
-25386509,90522734,-794105083
-28763462,90255949,-796002430
-29771388,88446722,-796545346
-30132196,87844802,-796883784
-30037164,86886902,-796777615
-27285081,86901001,-797639359
-22350273,88425421,-799206136
-15492235,90456535,-801438938
-7805895,94865979,-804397388
-3562275,97106037,-807039113
-1366378,99059656,-807794669
1427971,100343328,-808291688
4211184,102033047,-808748385
7418912,103297014,-809573490
8726666,104201237,-810067427
10135241,104361753,-810062952
11612759,104958749,-810538663
12575245,105536420,-810811821
12064029,107021928,-809871902
9962495,108448434,-807627715
6943278,109734469,-806819205
3802126,110752171,-804902149
-2118990,112290377,-801830491
-8023612,113244352,-798908625
-10583092,112969203,-797956612
-13726202,113336982,-797348568
-17572446,112137006,-795787355
-21461147,111332004,-794798416
-21688153,110597840,-794736778
-21021375,110149562,-794814218
-20191195,108824896,-795066317
-18292610,106961652,-796077205
-15322347,105283622,-797374120
-11912158,103468008,-799126760
-9190541,102283408,-800348232
-7088915,101610653,-801443350
-4854067,100844252,-802761577
-1183593,100756350,-805088298
1396344,100486550,-807087799
2836294,100265336,-808515229
4807662,99200335,-810628793
7629788,98053957,-813237551
9815340,96600051,-815535152
10922596,96070361,-815743364
10234764,95308122,-816428679
9660573,94799225,-817140801
8996934,94437628,-817683096
6436440,97381594,-815408614
3675358,99225120,-812223108
-566315,100834284,-808901135
-5447405,102313649,-806408231
-9861270,104975372,-804835462
-13391914,106265543,-802096785
-19488542,108442209,-798657580
-22315788,109424838,-796881870
-22891101,110379074,-796139732
-22022686,109974980,-795881581
-21273653,109534713,-796059056
-20423266,109135531,-796133076
#!,zero-counter: 74
-12177241,106016075,-796561347
-13647706,105719420,-794933721
-13846823,106218769,-791842474
-13102242,107097159,-787844629
-13020042,108227271,-783794838
-13552958,109032688,-780055108
-14083543,109557590,-776885861
-14822223,109954905,-774820458
-16001797,110312439,-773866414
-16886843,110357080,-774281430
-17520028,110700802,-775741297
-17839679,110982302,-777834604
-18183720,111060188,-780234687
-18381489,110890376,-783008030
-18661402,110825888,-786065252
-19030537,110805462,-789178005
-19524301,110636980,-792186159
-20719775,110445214,-794804394
-21612462,109755017,-794950999
-22212057,109367867,-795237820
-23532955,109736000,-795144094
-26017290,109871613,-794464424
-28271680,109938020,-794124170
-31357639,110333950,-793287340
-36840447,111053624,-791502809
-45126902,111519333,-789371397
-50361298,111823874,-788248658
-53516364,111280257,-787750592
-55895540,111241382,-787155393
-58247108,111225459,-786311709
-58258862,110916502,-785882859
-57082220,111124825,-785687378
-54434185,108827206,-786163370
-50309790,106964325,-787086839
-44352466,105921480,-788645305
-36906699,105952685,-791208355
-31395146,107921876,-792476973
-28441047,109845867,-793233878
-26061622,112230831,-794070623
-26220994,114598139,-793983342
-25507666,117155033,-793848932
-26431106,119381910,-793240474
-26876910,119744395,-793253932
-26459836,120684261,-793461268
-26203708,121414414,-793085491
-27460997,122875903,-792048712
-27937311,123283953,-791970943
-29806682,123518438,-790910551
-31841296,123131062,-789847551
-30977460,121680688,-790402809
-30390417,120732278,-791126015
-30772443,119888516,-791176625
#!,zero-counter: 89
-23400087,116316787,-789281469
-22947754,117263424,-788400643
-21717531,117819811,-786504777
-18567358,118206938,-782971625
-15623500,119287258,-777727310
-11100545,119633083,-771430218
-5221856,120214259,-764407723
1696884,120861947,-757145244
9107854,121557892,-749661618
16237430,122808169,-741716529
22661207,125015880,-732899921
28427982,127846960,-723369526
33386172,131129737,-713542444
38141185,133925503,-704012766
42454992,135954309,-695328264
45998651,137091002,-687253294
49753108,137226461,-680659987
54288439,136906142,-674674847
59781342,136838148,-668424146
66330423,136901575,-661661852
73002420,137088431,-654259321
79679278,136956631,-648500145
86061729,136247664,-643983213
90938011,133569692,-643215803
95300625,131011593,-644255257
98995234,127825771,-647304817
101928041,124549572,-651951571
104139695,121561213,-657709810
105277468,119216991,-665365207
105984437,117301124,-674262065
106386269,116418566,-683859532
107527694,116097430,-693603984
108825472,116218341,-703150244
110005217,116247108,-712344871
111006924,116165066,-721016223
112269499,116083397,-729141883
113634372,116532454,-736607962
115549182,116984591,-743851258
117401689,117591719,-751225224
118080859,118646427,-758614280
116765621,120124728,-766091901
113353057,121677909,-773689045
107955216,123668630,-781519548
101448050,125766745,-789567763
95245292,126940113,-797813905
89952907,127315985,-805864748
85614882,127180257,-813147020
82632913,126725094,-819136309
80790302,126387044,-823644849
80162599,126011437,-826883909
80050540,125611877,-829132032
79192357,125386944,-830877714
77655785,125267670,-832701490
76221304,125255998,-835080994
74606304,125817820,-837720241
72782415,126774875,-840398267
70343235,127888212,-842665025
67001041,129265893,-844061045
63647393,130318408,-844575747
60976528,130690054,-844693974
58983383,130781388,-844790738
57937817,130562082,-844823256
57205626,130196099,-844738995
56473073,131767922,-843718700
55701782,132137163,-843449474
54592380,132298058,-843143997
53080013,132120814,-842823402
51223679,131524833,-842599636
48862549,130573893,-842534174
45455991,128886503,-842946166
40543770,126484250,-844280624
34986330,123452198,-847246658
24062235,117838525,-851987190
22870916,114470361,-853816995
23365454,110567263,-855050334
23790714,108019756,-856731228
25228796,106615555,-860605022
27746991,106478104,-864457483
28538849,106723187,-865684827
30372547,107526957,-867297817
32394301,108508643,-868404147
32550664,109546536,-867545760
32721089,110492308,-866350229
33278723,111218769,-865140833
32740454,112340874,-861879508
31353419,113512545,-858791612
30729042,113947705,-856845740
30593050,114866736,-855807496
30193614,115932715,-855003727
30307390,117870131,-853901473
31675230,120765446,-852493356
34190719,124531578,-852266375
36015189,127329230,-852800029
37502799,128961747,-853276481
39969051,130134096,-854755053
41824835,130954047,-856829799
43411674,130649317,-858184548
44851205,130127607,-859826165
46071531,129194849,-861004725
46852724,128367108,-861293808
47414790,127453317,-861516096
47535023,126455076,-861608300
46993328,125883348,-861403972
46144354,125615064,-861010841
45398933,125572194,-860504368
43866698,125965446,-858501978
43800482,125625101,-857829391
#!,zero-counter: 22
44944728,128764123,-854035197
44527004,130175924,-853069914
44347625,131579563,-851347931
45661072,132900477,-849273418
47989921,133987410,-847163408
49837473,134476147,-844523242
50365225,134217166,-841161629
49634563,133404189,-837847842
47836475,132288242,-834780309
45386859,130883465,-831847748
42255754,129686226,-828894351
39073156,128657095,-826356623
36492875,128196721,-824907884
34503408,128287084,-824767687
32343276,128378991,-825275967
30141551,128198279,-825944725
27951244,127737385,-826689626
26083680,126696564,-827466112
26007152,125559289,-827529346
26726261,123379413,-827992183
27239770,121361082,-828444924
26979322,119710055,-828813046
26878954,118232948,-829460025
28090164,117498988,-831344110
32245165,118428044,-834975492
36056218,120274517,-837822563
39135682,122137156,-839032111
42744962,124508834,-840603232
45820659,126548532,-841774875
46543303,127169729,-841852411
48419725,127832454,-841769099
50720342,128396367,-841516940
51219741,129030621,-839207908
48888621,128842356,-835691390
47200725,127621649,-834008155
44209411,126484609,-831754164
41210893,124394188,-830260931
38339835,122627098,-829605390
35551352,120791509,-829257283
33909102,120096872,-829514865
32478050,119166439,-829778232
31814481,118243524,-830073777
32163638,117486830,-830861390
33218346,117166835,-831892734
34528458,116896712,-833138680
35934419,117185919,-833814933
36375319,117879281,-834336710
34423133,118736145,-833932105
33986452,119298764,-833706268
33727705,119941057,-833449353
#!,zero-counter: 40
34212720,120285931,-830832988
33952010,121243791,-830215515
33858791,122357067,-829568597
33890615,123537094,-828831104
34193292,124507909,-827411892
34847341,125175819,-824509424
35764110,125985830,-821006716
36509289,126925407,-817837983
36970610,127884125,-815073729
37175449,128961396,-812624108
37128398,129929357,-810718021
36725076,131019871,-809254689
35793035,131931007,-808198322
34201772,132373393,-807503969
32485715,132204701,-807080591
30854260,131662282,-806864270
28982277,130689860,-806896039
26875621,129498493,-807495196
24878185,128529145,-809017625
23053606,127903200,-811348692
21252815,127309418,-813977995
21286052,126165919,-814846405
21599593,125329740,-815171865
22525580,125070299,-815723908
23972491,125415561,-816013073
25281664,127183060,-816189224
26579240,128910492,-816999626
29774609,132255178,-818505426
31684486,134942525,-819234464
35675210,138288708,-820588706
38956413,142202866,-821817477
39662382,144442180,-822016028
39817647,145602291,-821509857
41251451,146708888,-821059806
42482958,146920743,-821287420
42379241,146122623,-821773742
40979316,143930821,-822195311
39089994,140907636,-821770881
35986752,137463355,-820064672
31218949,132539643,-818388027
29551036,128300538,-815845560
26484499,124076754,-812905681
23728370,120487959,-810048364
20864478,118712286,-807832739
19489981,118575283,-807164398
17685752,119071858,-807047997
16658303,120382757,-806775600
16969969,123276597,-806830128
17861685,125629325,-807563800
20612036,128404911,-809169513
22337075,130406320,-809781735
22994201,131304591,-809662063
24520080,131709617,-810364621
25982687,131657357,-811542450
27381364,130497411,-813093831
28819732,129414793,-814237341
29952706,128486954,-815148568
30411968,127668571,-815918105
#!,zero-counter: 53
33861770,131520325,-815054050
33413943,131738733,-813488545
33460666,132165356,-810723730
34804720,132916339,-807898485
36374355,133546850,-805049426
37128015,133711994,-801754346
36454741,133399147,-798471096
34383846,132701604,-795516910
31214109,131618501,-792971359
27289859,130326042,-790795903
24305145,128807938,-789656049
22360141,127694819,-789738476
20449926,126421755,-790581909
17941190,124791209,-791724925
15081284,122835038,-793009304
12046380,120473797,-794475185
8609061,117921145,-795959685
5408948,115174420,-797553463
5148427,113494357,-797622841
4440569,112481744,-798222600
3520668,111460505,-798610461
2196910,110719662,-798569006
2010976,111307540,-798205528
5665590,114395150,-799231814
8070443,117483408,-800211362
13137966,120416734,-802387856
17666782,123818779,-804712756
18678415,125434716,-805629806
23008094,126994247,-807863434
27684054,130026877,-810004672
27820139,131336523,-810268957
29229230,131561611,-810809696
28950825,130993000,-811011333
27001439,130220963,-809500405
24674778,128798548,-807851693
19899089,127003200,-804932649
16275942,124955565,-802248849
14100063,123343804,-800764203
13476680,122649387,-800257768
12626587,122849331,-800381163
11495024,123018143,-800309852
10608115,123642559,-799570533
11586415,125025027,-799378131
14112984,128218811,-800132190
15528625,131220998,-800920758
16463988,132827243,-801603693
17740951,134405790,-802239378
17788707,135340117,-802210991
18763533,135494390,-802140951
19513423,135223224,-802586459
20079871,134810272,-803164507
20695917,134235724,-803531506
#!,zero-counter: 54
21113653,135471596,-803960634
21122165,136322700,-803566480
20473035,136930157,-802157155
18013160,136003277,-799119645
15755239,135104083,-795259140
13750514,134718728,-792311966
12218137,134310789,-790248262
10511882,134043138,-788660146
8791235,133873492,-787680149
7406240,133801169,-787412363
6071537,133821807,-787882547
4345848,133730710,-788816638
2129187,133271938,-789787506
-501257,132516468,-790855061
-3149832,131637219,-792056425
-3655046,130705065,-792219666
-3736207,129689201,-792643910
-3937090,128717553,-792978006
-4511100,127791654,-793064323
-5112931,127042436,-792970312
-2509572,127036692,-794079741
-387284,127743627,-795266064
1368412,128412694,-796303661
2065586,128397419,-796819976
5427245,129154154,-797897579
9835013,131711532,-799204653
10648662,132840235,-799659257
10870923,133743117,-799450052
10802974,134810208,-799966343
10228125,135517304,-799494827
9800351,136328230,-798679794
9427359,136993476,-797857579
9592592,136789605,-797241719
9776400,136500108,-795091660
9565234,136226906,-790930287
7604570,135456306,-786825003
4195544,134322045,-784183152
875960,132711028,-783655456
-2753184,131067733,-785150047
-6940866,129582206,-788154588
-9972130,129452815,-790698530
-9511469,127514593,-791637732
-8407838,126214968,-792962939
-7286065,125488580,-793207054
-7761130,126990958,-791900084
-7682180,128371026,-790573485
-3900584,131586335,-786854751
1626150,135673006,-780971030
7471320,139079961,-775031316
12018503,141362949,-770626135
14194979,142555147,-768456999
10655289,143191087,-770741744
8154066,142588501,-773561817
4826113,141703034,-776906013
1374688,140614615,-780495635
-1173454,139654527,-783429603
-2248958,139053068,-785013618
-43915,138575244,-783281069
2414779,138598660,-781312799
4801065,138934640,-779474141
6532769,139351597,-777953876
7945067,139735832,-776865393
9090611,140110433,-776339691
9825545,140510925,-776193645
7915523,140828249,-778509825
6796698,140579003,-779465845
5989857,140452067,-780321231
#!,zero-counter: 18
8837627,140436301,-781862230
8448382,140463013,-782296446
7731665,140261202,-783191391
7279727,140341966,-783721183
6836212,140357942,-784232665
#!,zero-counter: 19
5152116,139827208,-786758804
4761835,139777516,-787395295
4233613,139829360,-788189490
3669223,139852497,-789086177
2936770,139789020,-789977820
1937994,139566533,-791055686
438160,139312980,-792598707
-1453062,139170709,-794580113
-3911656,138878542,-796313293
-4525094,138156789,-796784189
-5372348,137579070,-797053002
-6169670,137023578,-797516257
-7283995,136940211,-797279241
-9133376,137060473,-796488350
-12357172,137357751,-794675984
-16717434,138206986,-792668798
-21493979,138581748,-790382318
-27230235,139557298,-789009367
-29302120,139331286,-788409896
-30093497,139365373,-788183348
-31323843,139806941,-787645720
-32890046,139675826,-786855232
-30915712,138447167,-787090209
-27246393,137444035,-788912655
-21974951,137269042,-790762737
-17317383,138169898,-792954192
-12544540,138358127,-794561347
-9950993,139641888,-795460801
-9885140,140798812,-795630204
-9444245,141614665,-796027924
-7997824,143303106,-796267605
-8960264,144065770,-796342494
-9515982,145155253,-795921358
-9834680,145907580,-795713458
-10117576,146765235,-795402956
-10812389,148050601,-794267939
-12188288,148789105,-792787244
-14306797,148800361,-791255612
-17232624,148671403,-790043813
-18922183,148661240,-789521391
-20728310,148167950,-789105516
-22325435,147539018,-788691996
-23748547,147383545,-788192345
-24619067,147012538,-787632644
-25792472,147053291,-786977648
#!,zero-counter: 138
-12850602,139502626,-788386797
-9379769,140041340,-788704694
-6839695,141005829,-787261187
-4914489,141011516,-783817484
-5284364,141701364,-778936781
-5139602,140760400,-774428817
-5615494,139562190,-770651131
-6414203,138773251,-767336101
-6939876,137824960,-764895027
-7493979,136601171,-763356568
-9223120,134865416,-762630778
-12852768,132598432,-762169965
-17013576,130177508,-761422491
-20129342,127922780,-760175342
-21935284,126010468,-758718034
-23128169,123856090,-757590011
-23207763,122186587,-755909934
-22200673,121650354,-753727670
-20364755,121809573,-751762874
-17602071,122300950,-750738434
-14865680,123452415,-750688097
-11961492,124807467,-751721946
-9119545,125921657,-753977413
-6664931,126875294,-757568832
-4441211,127403906,-762013595
-2457730,127442860,-767297219
-624719,126940787,-773350711
492071,126495183,-779666982
1123856,126123797,-785478316
1949029,125661815,-789666065
4546359,125081286,-792213902
8434517,125059267,-793828644
12596440,125139896,-795343173
15756348,125167816,-796994762
17279792,124919027,-798386035
17248042,123750046,-799227270
15715149,121656274,-799607989
13742405,119005529,-800058712
12414966,116710669,-801039600
12111411,115319626,-802779163
12106668,114819092,-805072756
11831685,114824578,-807721382
11227034,114847117,-810593811
10213796,114771508,-813221555
8887772,114698670,-815308211
7468184,114326807,-816631090
5903430,113910571,-817232203
4732349,113593435,-817174005
5048524,113762257,-816545630
6608742,114421082,-815984081
8278809,116151633,-815537510
10007578,118317671,-814967144
11685437,120591617,-814558897
12868693,122781572,-814417826
13419018,124514571,-814585962
13473293,125805673,-815056628
13279091,126860692,-815846613
13477164,127991152,-817055452
14063302,129283276,-818588535
14788505,130725537,-820503240
15556124,132214512,-822436423
15886934,133511244,-824286913
15321147,134329462,-825984702
14706507,133870061,-826381879
14892695,132676842,-826509734
14608045,130778671,-825864331
11757591,128150780,-824257123
7446139,125102489,-821618301
3199276,122244860,-819038352
-846080,119493629,-816518339
-6129491,117065529,-813292291
-11227933,116308426,-810664984
-14587697,114656240,-808541682
-16262695,112710671,-807352365
-18444138,110943801,-806329890
-19981256,109489409,-805681249
-19665297,108661709,-805535378
-18668708,108635078,-805741546
-16718349,109300472,-806639989
-12251699,110887654,-808206828
-6961553,113978755,-810257178
-1778928,117677191,-812379248
2802671,121807225,-814492407
5960825,125195254,-815919806
9629631,128237974,-817653202
11706876,130726405,-818384723
12439319,133029151,-818468571
12279626,134135399,-818176722
13275696,135011076,-817749313
14218966,135780200,-817471426
14793798,136130834,-817336628
15544748,136465592,-817221342
16413259,136765971,-817190753
17193181,136993501,-817159193
#!,zero-counter: 54
17063421,139296984,-812313598
15930905,138504376,-809832166
15488955,138021020,-807622707
15464514,137967369,-805855883
15561205,138278336,-804205310
15791240,139002457,-802304715
16147800,139735154,-799819771
15856660,140547852,-796518584
15140117,140970426,-792806901
12969088,141053842,-789428700
9656840,140744511,-786867855
5628443,140265852,-785500257
1564446,139263296,-785827168
-2665294,137945117,-787949174
-7324398,136755074,-791264385
-12561050,135470612,-794890022
-12548795,131840065,-796414805
-13445547,129548623,-796567170
-13832490,127694314,-796756578
-14912213,126438075,-796724678
-16171381,124874766,-796752586
-16571482,122975026,-797393916
-16029525,122085920,-797925844
-14724363,121528895,-798824111
-12415255,122351933,-800943942
-6945485,124600833,-804148773
-2110534,127354811,-806706646
58845,129356287,-807606766
1932334,130678052,-808275384
3772660,132463673,-809121478
4313453,133596438,-809579200
5320741,134538000,-809340393
5546734,134949047,-808600255
2645229,135955753,-806392087
-171368,135689145,-804019756
-2462342,135171416,-802669656
-5510464,134711985,-801044728
-10464143,133328885,-798949265
-12255340,131616072,-797473614
-13589483,130993268,-796551812
-12712732,131346091,-796154463
-11366421,133028550,-796250500
-10870761,134501648,-796327349
-9901436,135819346,-796689328
-8351681,137593009,-796872465
-7192526,138675648,-797334269
-6039500,139486642,-797443504
-4825818,140032506,-797575838
-3840198,140052963,-797871215
-2864250,139890095,-798247950
-1834478,139536695,-798540058
#!,zero-counter: 54
1821804,139428017,-797024565
2553324,139902988,-795285105
5185614,140433665,-792422517
8281987,141342632,-789206788
10875749,141780289,-786229479
11739276,142217274,-783517377
10979311,142036420,-781323323
7991998,141543540,-779688107
4005957,140575067,-778520536
276770,139350487,-777683998
-3303138,138046004,-777195837
-6382010,136638691,-777390650
-8478983,135346478,-778630649
-10327119,134498480,-780744017
-12704562,133792362,-783127234
-15573868,133059258,-785747661
-18927689,132475781,-788571070
-19773722,131654526,-788826862
-20266868,130490540,-789309957
-19272440,130822598,-789536448
-18216812,131685499,-789926933
-14093319,133919747,-791150014
-9064290,136827357,-793311442
-7479557,138996856,-794077354
-6990576,140777982,-794487144
-7128008,141606735,-794017982
-6123046,142236835,-793950648
-5463281,142263215,-794424244
-7858668,141217651,-794054690
-12133575,138413901,-792855706
-14443809,136236200,-791815081
-17304761,134442781,-790817003
-19862967,132946874,-789583428
-22976096,131681579,-787963637
-24003159,130482123,-787701200
-24560468,130361911,-788227619
-26111509,130370170,-787969739
-27513303,131487114,-787194324
-28352493,133293034,-786571551
-27765930,135566569,-786555189
-26457594,138039387,-786830720
-24747675,140882140,-787146241
-23605618,143107762,-787232395
-21965022,145729203,-787459164
-21109096,147522251,-787505095
-20448125,147969818,-787253966
-19014556,148341106,-787330175
-17881911,147976296,-787522540
-17115755,147443464,-787994938
-16453190,146872605,-788544200
#!,zero-counter: 93
-10445193,139800779,-789705986
-10625591,139684179,-788469143
-9145075,139878482,-786126582
-6024870,141131732,-782264773
-1581821,143228130,-776851363
3038429,145385297,-769949956
6981253,147572793,-761921574
9517893,149531947,-753499742
9548820,151882185,-744997983
8611466,153189037,-737437848
7128603,153740201,-731191298
6420590,153256174,-726579920
6618757,152620462,-723482767
7483521,151816277,-721392843
7717144,151169205,-719733508
7619407,150549219,-718098064
6916870,150572153,-716125751
6672158,150385911,-713937945
7113663,149559701,-711741240
7160760,148492391,-709471462
7741808,146825657,-707582836
8803570,145031382,-706172358
10248557,143492507,-705064189
11602019,142529249,-703815580
12401460,142185227,-702199282
12987586,142312571,-700383857
13047333,142769253,-698463021
12677995,143089688,-696584418
12236206,143140112,-695258111
11606825,143031431,-694673513
12307368,141969544,-695594551
13176053,141601334,-696210830
14946291,141956432,-696864599
16324890,142234029,-697268626
17952666,142319635,-697907760
19407189,142327009,-698710519
21087228,142111721,-699881682
23800118,141337427,-701856304
27770324,139943077,-704776830
32530174,137943525,-708547947
37113005,135416470,-712881552
41314709,132709021,-717313267
46017706,129740401,-721645251
51030798,127112915,-725555061
56134249,125584587,-728891974
62035799,125014255,-731537540
69001840,124650073,-734198781
75672551,123999280,-737654234
79544423,123876774,-741783815
81093086,124634914,-745943733
81596546,126448763,-749681152
82263516,128785911,-753762173
83290759,131481616,-758364188
84230150,134272544,-763486606
84091030,136762581,-768906290
81797310,138386485,-774651580
78085193,137982548,-780774708
73977350,136450605,-786682771
70475870,134564195,-792227027
67940023,132820302,-797440493
65817223,131650429,-802272406
63631236,130745453,-806512993
61358232,129613196,-810361001
58842565,128579870,-813983045
56151246,127678674,-817477605
53404561,126876891,-820655896
50890567,125679490,-823083515
48669098,124890319,-824344461
46796374,124526886,-824827074
45647813,124601894,-824955184
44061745,125794417,-825652701
42695060,125635030,-826367692
40597662,125014175,-827250088
38014808,123905496,-828065542
34917040,122163671,-829005230
31095006,120163670,-830326799
27251568,118170053,-832218719
23017220,116286149,-834666195
18500003,114365225,-837581807
14508195,112398299,-840316447
13088788,110615862,-841495550
12455601,108502642,-842230814
12238188,107054950,-842832873
11736675,105735405,-842908408
10959399,104609955,-842796008
9793125,103959513,-843031408
8437337,103937415,-843413188
7631392,104410498,-843638708
8016685,106243082,-844299570
9972136,108996804,-845421179
12184575,112167467,-846026656
13794652,115509881,-846332227
15545064,117768099,-846391677
16250096,119496045,-845965517
17246628,119023640,-845456374
17809470,118948397,-844184704
17907529,118357762,-842850166
17556239,117664337,-841405943
17982365,117022690,-841887928
19067069,116522840,-841904909
18953195,116959852,-839498905
18210723,116904258,-835351330
18220643,117304998,-834329088
18229609,116773319,-833179487
15393493,116269028,-830542122
13825343,115410248,-828655543
12345386,114346530,-827148711
11704011,113926657,-826232465
13446011,115606287,-824686871
#!,zero-counter: 20
14185647,115993433,-823884859
15490831,117127236,-823634857
16398470,118327193,-823328066
15652993,118416920,-821708157
13784417,116921799,-819499536
12152527,115458814,-817060066
10965820,114452862,-815080659
9906675,113519481,-813450228
8577675,112760211,-812011820
7226807,112113163,-810711582
5292068,111462705,-809500943
2555661,110397546,-808318096
-360237,109184350,-807165548
-2544871,107851124,-806277051
-3966379,106867143,-806003120
-4800059,106353306,-806418549
-6006060,106132607,-807576312
-8069227,105893158,-809366715
-10544115,105133558,-810888710
-11847734,103888572,-811223703
-12355282,102604556,-811982056
-12608666,101579622,-812346113
-13094242,100770164,-812310562
-13663493,100070103,-812103378
-11399936,101479318,-812418784
-5319240,105399823,-813716562
672105,110361342,-816838213
3129837,114076789,-818525733
7057821,117836528,-820628966
10971653,122677644,-822118322
12767525,125116645,-822906245
13264821,126689347,-822739744
14440433,127206543,-822529162
15468291,127646549,-822855464
14377867,126461756,-822884141
12483311,125416863,-821985884
10184881,123382285,-820376303
6843362,121816240,-818424224
4176979,120704776,-816533265
122477,118259412,-814049115
-3770971,117141179,-811064499
-5801035,116256358,-809282867
-6371644,116130278,-808434978
-6736126,116651597,-808005100
-6044815,118076133,-807275116
-3343777,119624145,-807682508
83332,121617400,-809164378
1303869,122755621,-809666657
2706556,124274734,-810256684
4500260,125853164,-810346229
5470794,126607827,-810316594
5971758,127211694,-810211015
6614465,127641910,-810270517
7148256,128161178,-810261641
7637184,128596713,-810290100
#!,zero-counter: 15
7433318,130577214,-808379881
6303645,130239021,-806898204
6589751,130248733,-804508100
7951375,130596018,-801531644
9062551,130509211,-798867341
8859220,130222381,-796902421
7762401,129683816,-795810266
5231900,128987133,-795641066
1472791,127998425,-796030657
-3120074,126535215,-796926072
-7880005,124776487,-798576909
-10456080,123508851,-800040574
-10600369,122475043,-799984502
-10080626,121196800,-800333935
-9244115,120477324,-800784436
-7971084,119694469,-801420889
-6004335,120913365,-802600732
-4714422,121636341,-803427446
-4320170,121935886,-803811622
-2954517,122753826,-803999753
-1228767,123768405,-804243212
1183407,126208251,-805073839
1495359,127634283,-805241995
2085865,127299069,-805803625
667548,126421192,-805314274
-837458,125744839,-804609784
-4518929,124306372,-803223614
-5376803,123697687,-802649604
-6264737,123733763,-802474407
-9627697,123091493,-800649684
-15457094,123371886,-798008167
-17799288,122045299,-796791617
-19356356,122366268,-796779909
-19674435,124035656,-795254159
-18890190,125267861,-795120872
-17189191,125474628,-795572278
-16313180,125212933,-795790558
-15561852,124887738,-796057136
-14685993,124435712,-796303873
#!,zero-counter: 48
-12950571,125473591,-794575335
-12661292,125363195,-793282061
-11238243,125565102,-791330882
-9005412,126192296,-788920962
-6464872,126995113,-786420927
-3928144,127750272,-783875542
-2379173,128180856,-781370139
-2355189,128245006,-779318927
-3490547,128405455,-777602057
-5169372,128350493,-776775427
-6854090,128539835,-776803752
-8038422,128926400,-777599797
-9427055,129193475,-779014930
-11238537,129374783,-780842927
-13259536,129504111,-782910802
-15593412,129357582,-785158085
-18408389,129171665,-787572668
-21856767,128831324,-789721216
-23067325,128017844,-789663196
-23745816,126960257,-790092197
-24196529,126025858,-790604966
-24843407,125134632,-790775070
-24950812,125753882,-790924832
-21866613,128151972,-791950356
-17729531,131316453,-793547476
-16137530,134083451,-794221236
-17428144,135737151,-793827747
-17677319,136783164,-793094344
-16925585,137913429,-792704707
-15988426,138507707,-792610865
-15426947,138762405,-793067704
-15352531,136988562,-792652605
-16254177,136089173,-791317364
-15853994,135059693,-789468577
-13355154,134736628,-785234249
-11629336,133808808,-780072013
-12199775,131596657,-777575040
-15515240,128338603,-778991468
-21403555,125303152,-783553181
-28334669,124634984,-788081195
-30680242,123860022,-788214874
-30878026,121604637,-790338455
-30571787,119938084,-791762558
-30065701,119059343,-792154679
-28997634,118855483,-792022973
-27773883,119055779,-791574155
-27016248,119476095,-791076947
-26196361,121127736,-789862060
#!,zero-counter: 37
-26239257,123487228,-789763665
-26330957,124265252,-789075362
-25289362,125597391,-787751008
-23890997,127145848,-785374959
-22181474,128155451,-782665284
-21087510,129294770,-779922415
-20762972,130003779,-777208375
-21480172,130410716,-774585285
-23274623,131069537,-771870225
-25732342,131961692,-769140250
-28357563,133337782,-766680866
-30429590,135109998,-765042777
-32419045,137373798,-764432406
-34716147,139851834,-764866629
-37932555,142176870,-766312756
-42586348,143856281,-768366938
-48034614,144357935,-770622219
-53531669,144099459,-772566971
-59270635,143437446,-774201364
-64681814,142508834,-775393398
-68572951,141396173,-776104160
-69754672,140352035,-776450806
-69493514,139630936,-776824376
-68267629,138262481,-777417375
-66192878,136299708,-778132355
-62821034,134417285,-779355361
-57904765,132913948,-781291807
-51618934,131800982,-783284468
-46737155,131279281,-784462598
-43861333,131455733,-785011015
-42285010,131429691,-785045548
-42696578,131984371,-784623070
-43542139,133043487,-784062517
-44483888,134468069,-783126231
-46702955,137479725,-781313566
-49116212,140326503,-780261210
-50395407,142032124,-779775342
-50682097,143325423,-779178290
-50159281,145106862,-778747696
-49735032,146987738,-778584169
-49325166,148344448,-778366508
-47435476,149686240,-778562389
-44839635,151078825,-779280862
-43123961,152477748,-779916048
-41491775,152613466,-780491884
-39084036,151988383,-781606866
-36749351,151264370,-782916620
-35456085,150566979,-783357820
-34637550,149749153,-783776656
-33869966,149096005,-784125880
-33261028,148441580,-784306125
#!,zero-counter: 59
-32187852,145713482,-784326461
-33977808,145240793,-782538333
-34028273,144722332,-779998498
-33559797,144665652,-777356006
-32694361,144435968,-774811911
-31434384,143621518,-772366939
-30417318,142351713,-770219279
-29986798,140746327,-768538334
-29890203,138710703,-767442787
-30880344,137440412,-766936908
-31449753,137198171,-766156388
-32463172,136556866,-766562165
-33088622,136170871,-766896072
-32823883,135808075,-767461562
-32161593,135329914,-768697958
-30877297,134991640,-770038675
-28636812,134714249,-771068906
-26269632,134956695,-772016323
-24127545,135375737,-773293595
-22311541,135604338,-774641245
-20995011,135293030,-776228559
-19836044,134329957,-777946106
-18615767,133275780,-779619121
-17004879,132470400,-781114678
-15443043,131901232,-782559016
-13935029,131349074,-784449940
-12767208,131070336,-786635123
-12063626,130960324,-788716497
-12157099,130878572,-790202009
-13090932,130833097,-791274066
-14457404,130754219,-791892260
-16310836,130381939,-792083421
-18644576,129803086,-792093725
-21327164,129169463,-792024624
-23993699,128611663,-791662648
-27171582,127955536,-791106334
-30202696,127052062,-790731787
-32284374,126012299,-790815246
-34009173,125211554,-791228928
-35079936,124458570,-791938867
-35792932,123942015,-792916835
-36067580,123108679,-793684016
-34692818,122346893,-794789874
-32963481,122942357,-795697445
-30281187,125183025,-797020415
-27759026,127229108,-798219674
-25017173,129371407,-799162610
-20919576,131670700,-801107270
-18416128,134203204,-801934819
-17103310,136175967,-802070759
-15262424,138142570,-802470054
-13789852,139855358,-802538214
-13087225,140305987,-802258414
-12273704,140477859,-802188523
-11448604,140633161,-802399596
-11487292,141862200,-801762011
-11915465,142950313,-800716784
-13552688,144239474,-799035417
-16117447,144205651,-797224134
-20210859,144108200,-795370564
-24567645,143081126,-793279385
-29124980,140857160,-791836654
-30967286,138834149,-791818914
-31621058,137518531,-792236753
-31822471,135967777,-793304488
-31063308,134427909,-795180021
-29590213,133047152,-797703883
-26766584,132129570,-800471101
-24311058,131807578,-802286304
-22154507,131747152,-803329144
-20546136,131936795,-804380212
-20310996,131427926,-805155125
-20214867,131390786,-805596656
-21128173,132547546,-804529293
-22705161,133306800,-802924010
-25675238,135224150,-800954563
-28673795,136437620,-799054912
-31802331,137973626,-797259232
-34983185,139067435,-794924206
-38077161,140708023,-792868842
-40286427,142377894,-791034808
-41692369,143726453,-790342562
-42264265,144555033,-789793343
-42709894,145310479,-789447479
-43241704,145970546,-789008551
-44093979,146339739,-788309230
-45121688,145849808,-787759203
-46025567,145345923,-787305538
-47182098,144841351,-786916409
-47262338,143912199,-786825424
-46799453,143388896,-787195240
#!,zero-counter: 58
-40386924,141774272,-785491375
-39454134,142180155,-785217802
-39648043,142181068,-784465272
-39609824,141746409,-782577442
-38270701,141990538,-779777676
-36625595,142468085,-777281089
-35747839,143000396,-775013664
-35628506,143484893,-773224315
-36837706,143979104,-772133496
-39110603,144490410,-771485938
-41766589,144892448,-771199710
-44846717,145222993,-771148489
-48488337,145024462,-771233348
-52246850,143932758,-772222675
-55686966,142612175,-774221887
-59731385,142002753,-776551739
-62435261,141127122,-777483738
-62938956,138354357,-778329690
-63647065,137236153,-778916768
-64677815,136910621,-779206095
-61385724,137543300,-779709114
-58213639,138565423,-780420596
-55297673,140534458,-781138625
-52740290,142332003,-781895270
-50545527,143954939,-782349959
-48620290,145684551,-782656010
-47552430,146757813,-782361887
-46069468,147786358,-782455606
-44815895,148951266,-782738889
#!,zero-counter: 11
-44638005,148602153,-783164084
-45202576,147842937,-782997821
-46326830,147017609,-782496824
-48872675,147239631,-781413503
-51873084,147232431,-779705319
-55029606,148373112,-778092690
-56725161,149173971,-777193905
-57866524,149980576,-776271717
-58780364,150654342,-775175525
-59854791,150607522,-774282663
-60910592,150839711,-773812010
-62392054,150318124,-773378718
-63317692,148666888,-772966528
-63823101,147075336,-772974822
-64022827,145989895,-773411348
-64035943,144810975,-774264281
-63238754,143642477,-775155618
-61532990,142380245,-776293836
-59586325,141194610,-777233790
-58691745,140617162,-777677518
-57770086,139989700,-778122735
-56813111,138895477,-778636273
-56996852,137192535,-779055699
-58532464,134628945,-778910656
-60287598,132465865,-778639955
-60293823,131204349,-778491294
-59310058,130961574,-778570912
#!,zero-counter: 12
-58942212,133133131,-778908002
#!,zero-counter: 67
-58300099,133035115,-778950213
-57642846,133704119,-778458452
-56655563,134910747,-777643007
-55472394,135900661,-776324195
-54549111,137063894,-774511159
-53078850,138213789,-772630414
-51375064,139438608,-770907280
-49857932,140540559,-769033874
-49057753,141881334,-766935249
-48664008,143202380,-764701846
-48851300,144417542,-762687349
-49897597,145241225,-761352929
-52028467,146012120,-760847564
-54192605,146647554,-761164309
-56083018,146987018,-762344528
-58180733,147190829,-764299771
-60379987,147268121,-766992856
-63504211,147677945,-769782754
-66847090,147799109,-772293626
-69740476,147748086,-773781135
-70636404,146920806,-773865850
-71746444,146113858,-773944249
-73459373,146286385,-774030125
-73170842,144854566,-774312816
-72237365,143518135,-774602412
-69137598,143876549,-775451605
-65534152,144749941,-776955913
-64773820,145569028,-777464553
-65213872,146475039,-777537088
-64595097,148050758,-777350486
-64598729,149322371,-777014483
-64592280,150240185,-776602905
-63947231,150996217,-776517451
-63158871,151483700,-776914473
-62168136,151488794,-777504771
-64696596,150516131,-777143195
-68198083,150500318,-775897376
-73538433,150547521,-773982203
-79068513,150116199,-772082631
-84194875,148887173,-770489732
-85382967,148627918,-770250355
-87393691,148906363,-770708066
-90042108,149382422,-770478024
-90805613,150215061,-769832076
-87601136,152461016,-769225680
-83367845,155898202,-769642147
-83963734,157160673,-769934147
-85350932,157333961,-769779608
-84214629,158070474,-769365447
-83115531,158855140,-769162352
-82356070,159121126,-769219324
-81050463,158958929,-769601140
-79239636,158401763,-770162967
-77280466,157601270,-770842916
-75154537,156666000,-771468904
-72942464,155663744,-771982673
-70507229,154450167,-772548836
-68326579,153365612,-773193754
-66278137,152374240,-773808753
-64015635,151298430,-774424421
-61430883,149807782,-775274378
-58774810,147979969,-776348428
-56056779,145486195,-778033457
-53821555,142792608,-780126159
-52500740,139734859,-782611158
-51500020,136367528,-785500978
-50801516,133170164,-788560063
-50199205,130182298,-791630098
-49543070,127822920,-794537879
-48736234,126135427,-797268448
-47246141,124474628,-799891452
-46182968,123234915,-802135453
-45494168,122376469,-804026918
-44247053,121584260,-805419634
-42257792,121200496,-806069795
-40301477,121292063,-805986369
-39338471,121998904,-805190724
-39071095,123084142,-803955035
-38724778,124117240,-802695922
-38297259,125045395,-801477919
-37961677,125842234,-800511738
-37837094,126375897,-799813194
-38421110,127876561,-798200079
#!,zero-counter: 26
-32502928,131814718,-796085598
-31408308,132098958,-795794579
-30426646,132409642,-795663518
-29688054,132634787,-795609806
-28720906,134752580,-794241086
-26351329,136182029,-792582075
-22024880,137970505,-789822776
-17373444,139052842,-786633628
-13874372,139445969,-783866428
-11963832,139322623,-781860082
-11905573,138720898,-781026053
-13376117,138009103,-781229326
-15795687,137595157,-781883815
-18532593,137434676,-782843100
-21440954,136885607,-784425381
-24999872,136345339,-786350281
-28556174,135502373,-788398229
-32114001,134701415,-790343867
-33759958,133482786,-791160547
-35363347,133106993,-789825509
-38207827,133390459,-787986845
-43516259,135205942,-785927228
-49807716,137192792,-783425247
-55367833,138716508,-781346305
-57832917,139858466,-780647535
-59777510,140781333,-779741930
-62749985,141372505,-778322576
-65355298,142057410,-777204346
-67382199,141898844,-776603859
-69677488,140746540,-776206671
-71004412,138873932,-776364010
-69452075,136359214,-777285048
-67179294,134649192,-778592162
-63696937,133156831,-780319337
-58554129,132752700,-781951754
-53475239,133679790,-783847800
-50103155,135452916,-785163771
-47687869,138522157,-786079362
-46604478,141870590,-785942694
-46187474,145015173,-786257819
-47129743,148182480,-786076230
-48124420,150545788,-785276722
-48175717,152390427,-784709702
-48946225,154046387,-783962278
-51958588,155772980,-781917987
-56356114,156294089,-779687811
-60036316,156283555,-778324154
-63234110,155247298,-776698799
-65831776,153556543,-775423250
-68699304,152399979,-774667700
-69724949,151084497,-774432646
-70243474,150601763,-774444395
-71322992,150709705,-773839336
-72053578,151117956,-773384358
-72457935,151505942,-773111544
#!,zero-counter: 14
-68786102,147999546,-773856693
#!,zero-counter: 16
-65481304,146965209,-774376445
-63999047,147586477,-774233022
-61332665,148107542,-774709723
-58482293,148586388,-774791344
-55636582,148594306,-772814393
-52694571,147746063,-769303973
-49291175,145942676,-766282282
-47160525,143850534,-764074842
-45613790,141792439,-761989724
-43625985,139916671,-759911213
-40659442,137675435,-758188929
-37124398,134692598,-757237325
-33368343,130857900,-757052721
-28937062,126494872,-757003075
-23372932,122245937,-756801967
-17150680,117555930,-757177710
-10433354,113117063,-758321212
-3464289,109577493,-760058580
3493547,107546067,-761990126
11296011,106210395,-764032229
19671836,105378538,-766401560
27750132,105968185,-768919086
35564632,107502678,-771284338
42667325,109178096,-773454276
48911211,110323060,-775533579
53861902,110914605,-777954648
57104308,111811783,-780938984
59374763,113131341,-784895896
61670665,115004816,-789673327
65048349,117087175,-795025985
69061068,118561995,-800468025
70340923,119031223,-805456726
67610137,118120890,-809638226
61872722,117392811,-812242559
57004568,117000819,-813566246
54643130,117068879,-814992828
53182906,118177250,-817491847
50581324,119999310,-821039142
46043726,122326345,-824803725
40975228,124723027,-827877398
36937102,126791619,-830075067
34247166,127757575,-831587075
32007867,127718906,-832492356
29914412,127065924,-833006340
28514239,126522572,-834051278
27230948,126573117,-836084588
25559520,126673193,-838366674
23918880,126335336,-840645894
21868880,126807724,-842637612
19998788,127245733,-844016860
18898231,127273633,-845173908
17244219,127320508,-846151748
15971287,126860978,-846894454
15185381,126513388,-847646354
14197156,126284965,-848213765
13027060,125830833,-848624840
11621455,125153353,-849018207
10201192,124454133,-849334083
8619392,123749029,-849710609
6805584,123000623,-850136573
4853094,122248384,-850860781
2190374,121317546,-852182429
-999444,119635751,-854371565
-2024335,117189253,-856074738
-2687448,114540324,-856716452
-3046851,112531718,-857186248
-3840722,111134938,-857304293
-4816838,110401240,-857055812
-6183480,110120993,-857192936
-7395890,109943687,-857813218
-8131367,110646328,-859158942
-7546454,112299534,-861263897
-5484366,115022037,-863502768
-2568615,118177720,-865217640
271993,121249057,-866221397
2828268,123747623,-867110637
3390929,125689373,-866933441
3251451,126446422,-866224575
3501251,126936368,-865553710
3198459,127603561,-863490679
1423611,127820537,-859463391
-1741162,127466251,-855638360
-4937324,125780612,-852799392
-8850016,122769943,-849034619
-11128104,121261050,-846584395
-11350587,120006874,-845864346
-10399992,120015710,-845762335
-6595698,121347850,-845682478
852248,124513845,-848210815
5757706,127448445,-849298420
9155651,128997200,-849323873
13006264,131211835,-849896437
15218687,133187668,-849914943
15882064,133641323,-849814573
16380246,134014966,-849282293
15724198,134744996,-848477959
14653716,135265746,-848046730
13451295,135443172,-847722228
12456706,135104980,-847281369
11885937,134702405,-847207621
12330182,135696446,-847398667
12745372,136480527,-847174870
#!,zero-counter: 20
11797858,138134721,-845092688
11598671,138748522,-844715923
11538389,139868679,-844218689
12035699,140815199,-843730135
12439587,141832773,-843299454
11605643,141965331,-842349865
9424278,140155978,-840388711
6907605,138002242,-838373003
5041601,136217965,-836754063
3426366,134771577,-835115817
1431873,133526568,-833210666
95755,132254579,-830977485
-1458772,131011466,-827903190
-3362079,129041212,-824395470
-6071753,126446885,-820467310
-9341346,123232596,-816552577
-12316440,120365689,-813158633
-13482384,117893872,-810900269
-13659805,116387458,-810107239
-14221983,115473242,-810587251
-15929338,114552077,-811897849
-18799827,113293161,-813735202
-22716587,111671998,-815884704
-26791116,109714897,-817989969
-28852263,106969516,-819482730
-29350043,104796966,-820285542
-28947249,103362644,-820720104
-29812051,102850814,-820579075
-31492964,102646240,-820341638
-31588140,103361849,-820685101
-27324895,106117631,-822362447
-21693721,111362033,-825058529
-17584899,115250585,-826911236
-12520897,119517693,-830231200
-9321380,123445128,-832017837
-10007043,125252595,-831896403
-9021628,127092847,-831857307
-3803208,131727442,-833289255
-2083867,135052052,-834124980
-2615467,135395328,-833804809
-2158899,135944876,-833849288
-1409429,136035078,-834068731
-81966,135790924,-834892951
-119437,133405592,-834635252
-3157100,130997395,-832800922
-8585628,127961170,-828813908
-11310158,125939103,-826483750
-13608837,124929167,-824388495
-15789287,124011940,-822068415
-16444155,124287136,-821969371
-17328399,124227910,-821768980
-18336074,124201132,-821230010
-18728957,124730616,-820496944
-18381362,125582471,-819893026
-17169504,126499817,-820092096
-13823376,128859756,-820737959
-11594512,131086189,-822029527
-11590621,131560050,-822454965
-9500924,132270131,-822791250
-7694693,133861998,-823428341
-6355877,134648342,-823366831
-5479904,134896465,-823268933
#!,zero-counter: 33
-4470857,136574629,-822248414
-3836469,137220788,-821726239
-3293621,137515400,-821222933
-3469544,137006114,-820399087
-3492630,136144264,-818993480
-3295090,135716317,-817284999
-3151173,135401069,-815879521
-3170983,135205258,-814780605
-3471541,135214400,-813712525
-4404641,135399563,-812554433
-5331299,135135580,-811375723
-6649332,134650619,-810084751
-8179246,133919127,-808766322
-10017078,132996072,-807587705
-12189476,131793231,-806692250
-14443124,130423666,-806447502
-16994314,129710341,-807096765
-19326445,128924657,-808536119
-21801613,128004543,-810201612
-22680221,127100724,-810610753
-22704193,126045133,-811096614
-21451536,126304256,-811576740
-18831037,128504815,-812877066
-15389799,131344710,-814906517
-12086138,134648647,-816894677
-8589070,137748942,-818857434
-6331363,140809185,-819847268
-6603936,141698981,-819461302
-5604272,142461070,-819130804
-4241153,142895944,-819401502
-4539255,141921767,-820209982
-6406436,140950137,-819197738
-7613227,140064694,-817841916
-9221576,138908380,-816126549
-13797487,136492320,-813192415
-17438415,134379201,-810178814
-20149381,133432131,-807793754
-24502575,130230335,-804493421
-27204857,127778758,-801637277
-27508798,127464011,-801120563
-28417049,127294363,-801478235
-29646432,126915319,-801547260
-29662735,127334726,-801002617
-27154505,129962634,-801256414
-23446754,133916134,-802925088
-22389739,136327556,-803508834
-22208314,137986054,-803854977
-20845910,138781661,-804340016
-18739758,139682766,-804789157
-17918834,140068475,-805094106
-17091508,140489852,-805216275
-16118845,140742330,-805245469
-15141533,140970009,-805339203
-14299384,141038595,-805534044
