#!,zero-counter: 590
-44564363,14955140,-543699368
-45061570,15261597,-543903675
#!,zero-counter: 404
-49732536,3397287,-562175710
-50741945,2351176,-562170756
#!,zero-counter: 654
-65362363,8339178,-561771915
-73280601,15792052,-559530588
-79490627,20360131,-559376871
-87835415,26683853,-559413730
-96682175,33668800,-560234587
-102693967,40291125,-561257059
-102397668,45511463,-561875103
-99328497,50660961,-561402509
-95790843,54239195,-560661713
-92707209,55955488,-560549601
-86999816,53484068,-561220405
-77365821,46644188,-561938118
-62905696,35136236,-562438420
-56053326,27243707,-562364155
-53152847,22986441,-562889882
-54982904,23053143,-562400795
-56668766,23343865,-562258572
-55310540,22332654,-562437099
-56629155,23205247,-562334855
-55103896,22229957,-562658198
-54098086,21553238,-562797218
-54771295,21998661,-562806048
-56439892,22709233,-564327043
-57160633,19236229,-566766976
-59150121,12780331,-568053020
-74039091,11443493,-567775296
-78070779,3216147,-567131366
-84974895,-1902816,-566757682
-98724972,-3740335,-566811646
-106678606,-7505608,-568084749
-111261198,-10498389,-570378789
-112414283,-12887892,-573345637
-110554441,-14704654,-577077923
-107137868,-15300688,-582110284
-103073452,-14228629,-589102882
-98010139,-11487806,-599009734
-91052847,-7472399,-612353215
-81508119,-3032638,-629227339
-69798911,1247043,-646293565
-56244127,4342600,-662940764
-41555876,5762834,-679192718
-26554219,5673234,-695413632
-12058723,4523178,-711217559
1138415,2962307,-726622032
12327042,1639645,-741658574
20779676,1097738,-756368199
26478379,1166737,-769137392
27571904,1765861,-779834047
26231391,2941000,-788429405
22752809,5020672,-794959081
19155189,8450246,-799357279
14302889,13038482,-801584334
9379803,17522987,-801679619
4612023,21113350,-799741963
38551,23149468,-796159940
-6635942,25313734,-791198250
-11223618,23308281,-786010904
-14086550,19343593,-780585690
-16522210,14755181,-773947910
-22055716,13202436,-765948317
-27361786,12165056,-757217809
-30601166,10545508,-747422548
-41554004,14566541,-740864156
-57079696,12759958,-750392484
-72345400,11095086,-762629982
-92476990,15268552,-771073927
-111638493,19232824,-774955965
-111054993,1496009,-776362668
-114293037,-6935591,-774821011
-116129139,-9759813,-773834386
-113884380,-14468011,-775558438
-111239947,-19221930,-778717069
-107976872,-22920144,-781525842
-96041112,-32715163,-783311678
-79711068,-45784053,-782210228
-65425958,-56981405,-779247290
-65423287,-49308139,-778250511
-56407490,-49873113,-776673146
-37021948,-58869156,-778034482
-17578497,-66154484,-783930354
1270721,-68504628,-793322624
22276704,-66596186,-803632806
46392133,-60902374,-815491422
69635436,-54129035,-827042163
92129387,-46467784,-837973421
112206336,-35807426,-848411933
129356017,-21394566,-858370712
141277531,-6777571,-868301293
148360391,6398851,-878380144
149975772,17380986,-888833628
145180933,25583650,-899238466
137173378,28710280,-908967006
125300163,36806451,-916343918
114042668,45495258,-920174764
104657158,52570199,-921194935
94163631,59245640,-920386575
83091371,63292708,-918763942
72221281,65961397,-916174928
61920649,67021095,-912588630
50964342,69521120,-908261403
37869163,75415556,-903523742
23744430,81742774,-899068947
7141246,89758127,-894630698
-9335689,96235558,-890495886
-24794364,100133155,-886298555
-36580346,98485289,-881712888
-47158957,94856582,-876615269
-57392462,93708303,-871345468
-64653944,91108913,-866269410
-65798638,85105652,-863133085
-63199137,76308748,-863059992
-58519810,68753482,-865956118
-50438550,63491008,-871913351
-38865913,62528191,-880134531
-22064903,64579377,-888998178
-2769546,66114289,-897995958
14855698,64097121,-906866562
27206763,58308343,-914167466
34047556,51697147,-919143119
37601946,45083274,-921717391
40896310,38701379,-922913690
43635949,34864350,-923751996
44228433,33617936,-924637660
42096754,34393072,-925441283
38129844,36486910,-926005816
34162817,38853110,-926552716
31323801,41635958,-927261143
29483456,45044040,-928167537
28807613,48176362,-929121904
29383480,51267384,-930005828
30410307,54260311,-930817894
30617134,56935132,-931492186
29783291,59502557,-931938115
28184302,61579924,-932245462
25983214,62911947,-932783688
23855078,63576986,-933977305
22355242,63863744,-935785772
20895445,63839123,-937866320
19051707,63559951,-939957576
17012953,63232312,-941407757
14471836,62821493,-943115598
10973758,62023550,-945713202
6458134,60892461,-948699384
1027172,59595765,-952155263
-4948348,58343830,-956183009
-11210263,56981351,-959887689
-15389998,55127199,-960849536
-16989635,52000937,-961211822
-16234301,49543838,-961585002
-15300987,47380621,-961464595
-14550558,45871212,-961253737
-14274220,44782813,-961027580
-14501694,44006009,-960798163
-14950942,43348125,-961113522
-15614982,43208634,-961346033
-15427838,44763992,-958230349
-14647749,44769628,-957773109
-13161205,43939418,-957615904
-12492329,43004839,-957377905
-11851922,41806833,-957226872
-11280656,40644160,-957124567
-10796319,39447169,-957039852
-10520409,38549744,-956837773
#!,zero-counter: 102
-4069946,43149127,-915726236
-4700103,44147827,-915110046
-5086927,45613879,-914437822
-5154103,48456853,-913938279
-4187169,50385426,-913504037
-2973022,52647425,-913119982
-1404491,54832182,-912682527
352957,57363990,-911367625
2233234,60487698,-907647692
1629236,65692769,-902564943
531778,69721551,-897790256
987111,71099053,-896312329
1247743,73665377,-894973516
1771770,75064204,-893735959
2504461,76325626,-893654731
3272129,77401555,-893273976
3938980,78646063,-892780901
4939074,79665376,-892268670
5985565,80444862,-891856482
6889146,80930174,-891639181
7369577,79327968,-891674948
7053207,78417474,-891700857
6719380,77577435,-891756366
#!,zero-counter: 28
10904916,77355239,-889986319
8831818,77261904,-889782084
5105853,77390444,-889482156
-629492,77337394,-888648125
-6570692,77619334,-886865072
-11664631,79540898,-884007280
-14886369,82158446,-880358973
-16477017,85112210,-876746829
-17300048,87912608,-873935992
-18294915,90348364,-872377456
-19680283,92563413,-871902210
-21417377,95112702,-872025754
-23160101,98006005,-872108804
-24505053,100852853,-871804583
-25294986,103303541,-871409576
-25674315,104816172,-871480525
-25901899,105296765,-872299422
-25964923,104963583,-873903026
-25675256,104078858,-876256784
-25111914,102713232,-879191714
-24695306,100881271,-882370057
-24415919,98827084,-885598015
-24688500,96688409,-888652678
-25452662,94485807,-891401820
-26356280,92366729,-893910943
-27249774,90506243,-896272528
-27974456,89012958,-898182824
-27760817,87410167,-899044667
-27305764,85979551,-899538254
-26555189,84798678,-900092023
-26068551,83566003,-900285751
-26126620,82459233,-900325907
-26721111,81480622,-900394462
-27768082,80747711,-900548536
-28662367,79993968,-900954615
-28011714,79015680,-901005744
-26532993,79254564,-900463785
-26357562,80819783,-898169702
-28146365,83444666,-892667496
-31483873,87380848,-887726572
-32826321,88428979,-885344283
-33683030,89807173,-884368916
-37237070,88591704,-881936095
-39177988,87602483,-880942413
-39563002,85618953,-881075351
-40317694,85218529,-880953050
-41025669,84453840,-881029361
-40794761,83795150,-881937610
-38369445,83868466,-883195894
-35022933,84282696,-884843622
-31398692,86348805,-886147293
-27925006,88054378,-887234153
-24551734,90887405,-888097143
-22496085,93986603,-888286287
-21644124,97002167,-887675830
-21133177,99664704,-887347121
-21011185,101313528,-886926996
-20140886,103126451,-886502586
-19022873,104969067,-886115159
-17941389,106355325,-885822770
-17418585,107294038,-885371943
-18716241,107409998,-883451996
-20722331,105937024,-881599710
-23512569,103554497,-880052454
-26021515,101461633,-878826814
-29399203,98909577,-876765961
-32127015,95959820,-875703199
-33375076,96020659,-874647628
-32694948,96824742,-874641130
-30485755,98358536,-875084099
-28497483,101195447,-875225016
-25778225,104872438,-875704121
-25349599,106417402,-875917002
-23242025,108374638,-875880214
-21014666,111925786,-876058835
-20380144,114389520,-875945021
-19851549,115353061,-875606720
-18253295,116361710,-875438197
-16641371,116691570,-875461043
-15191002,116450354,-875831795
-13771857,115807409,-876238211
-12569102,115096761,-876622252
-11914481,114492551,-876844118
#!,zero-counter: 394
-7811864,113440182,-876278076
-7826070,114592816,-875917201
-7269810,116071918,-875222073
-5382887,117802230,-874101762
-2468979,119305869,-872041377
447319,119925919,-869046036
3534691,120000681,-865608764
6729218,120206398,-862069383
9500933,120360798,-858696180
11735104,120500213,-855655090
13519615,120850288,-853028080
14579555,121483069,-851085145
14949559,122157593,-850061050
14542852,122966543,-849941762
13473465,123736238,-850674600
11795118,124384161,-852014183
9501450,124846925,-853702323
6615519,124937747,-855626900
3006962,124854553,-857415298
-1174287,124547949,-858923911
-5805991,124028473,-860112305
-10938274,123494817,-860874619
-16763362,123129749,-861212822
-21756206,122665226,-860703539
-24004683,122731535,-859202037
-27689000,122859101,-857343406
-29625631,122203759,-855910447
-31352150,122345463,-854982555
-34213273,123153818,-853564601
-37334066,123009213,-851623760
-41044141,123044243,-849583601
-44012905,122615220,-847986404
-46708755,121963253,-846721014
-48127398,120833190,-845850233
-49452256,120128424,-845488146
-50257442,119661131,-845595994
-52180052,119427512,-846073082
-53333144,119118056,-845872318
-51863500,119886816,-845525722
-47564370,121620787,-845960487
-42901583,124068404,-847143526
-39373486,124711106,-848583898
-35422643,126678330,-850169007
-31574766,128395644,-851357033
-28522625,130044374,-852384851
-25016595,131801787,-853625732
-22246760,133608829,-854952163
-20962442,135249261,-855969468
-21342718,136037805,-856266130
-21675984,136452747,-856321952
-22511548,137061147,-856295210
-25318616,136188749,-855385806
-27552907,135137281,-854449228
-29236264,134117003,-853621278
-30961004,133439756,-852597884
-32091699,133028686,-851560005
-33134692,132577486,-850304095
-34408521,132931363,-849034311
-35694250,133977797,-848112942
-37064317,135041625,-847181904
-37878398,135650103,-846670119
-38451802,136343923,-846626908
-38374131,137333604,-846373323
-37163776,138989797,-846200050
-34702992,140257304,-846985040
-32725455,141240307,-847959281
-31123156,141960359,-848586591
-29039530,142190256,-849340768
-26193277,142649876,-850116977
-22835598,142415725,-851471818
-20528168,142593895,-852766633
-18641831,141852217,-853344875
-17182884,140817336,-854228325
-16109403,139379441,-855484097
-15563052,137794870,-856233474
-15608291,135995341,-856989833
-15623637,134653306,-857725855
-16681497,134418210,-857995862
-17669063,134675900,-857961072
-18374612,134973325,-858088918
-18807099,135364864,-858196169
-19537126,136379033,-857646397
-22014259,138312366,-855759120
-26667939,140200711,-852909339
-30916779,140993388,-850689953
-34988477,142470379,-849183432
-37889200,142883670,-847901655
-39871633,143340235,-846610685
-40616019,143193392,-846026869
-41300308,143808053,-846191035
-39093912,144514897,-846583668
-38515174,143816157,-846820780
-38018160,143077147,-847056926
-37535831,142388499,-847268595
#!,zero-counter: 94
-27950155,138338235,-855893138
-26736990,138747533,-855843414
-25442826,138983372,-855801425
-24092020,138778630,-855894718
-23187675,138497822,-855709109
-22587154,137817561,-854863432
-22141891,136611178,-853660477
-21630063,135202714,-852616504
-20768680,133762962,-851785049
-19990875,132583761,-850753766
-18678779,132380656,-848949239
-16810538,132705318,-846553660
-15595436,132784725,-844270598
-15525769,132495125,-842266001
-16426222,132047197,-840625827
-17480310,131760760,-839356699
-18410736,131833580,-838740501
-19077795,132470967,-838555521
-18762557,133771792,-838657782
-16795230,135077144,-839327117
-13787004,136061007,-841065078
-10711187,136674423,-843951204
-7959553,137006288,-847810200
-5862530,137048537,-852175867
-4845390,136843493,-856831682
-4691453,136141774,-861768061
-4817705,135397899,-866630865
-4546152,134945718,-871000091
-3356096,134734167,-874725025
-1455555,134524794,-877814475
813154,133982378,-880527660
3419036,132782853,-883175280
6452564,131186127,-886095080
9347692,129589388,-888964772
11620735,128147294,-891401882
13204067,127075058,-893228847
14409427,126409020,-894689178
15408075,125856141,-896066808
15888234,125254402,-897458967
15676994,124748598,-898998775
14766743,124456637,-900823796
12565263,124166726,-902869007
8710120,123617665,-904929216
3481508,122905300,-906986439
-2764272,121921278,-909029695
-8790538,120283405,-911030159
-11085964,118193931,-912400914
-11170620,115720033,-913022169
-11544483,113296864,-911205245
-13510074,113051112,-908324941
-14744519,110995116,-905178266
-16529174,109779729,-902264010
-18617222,108853820,-899426129
-19317416,108725393,-898227427
-20255216,109764055,-897075418
-20366076,110337815,-896660980
-20631384,111179115,-896430885
-20805653,112272516,-895699391
-20689444,114615763,-894144329
-19652153,117412239,-891943859
-19544763,119850159,-891080084
-19384728,121157507,-890628625
-18858700,122241178,-890333958
-17912670,123247837,-889931763
-16873779,123845485,-889562069
-15953387,123822089,-889324511
-16400305,121687056,-889305058
-16945415,120200383,-889753019
-17103908,119320547,-890125178
-17361166,118560084,-890652523
-16189897,117797208,-891656747
-15249056,118429642,-892008395
-14253834,118976186,-891958758
-13486304,119667623,-891875744
-12734599,120664679,-891953274
-12049263,121768562,-891937560
-11539536,123083518,-892051437
-11226772,124384414,-892053563
-10281845,125770597,-892223671
-9694408,127129059,-892324099
-8663485,128455407,-892063720
-8518082,129887051,-891418956
-7785076,131197466,-890613427
-7396638,132146861,-890046885
-6803643,132993812,-889468547
-6038896,134743816,-887831811
-6878901,137011558,-885623846
-8681653,138719523,-883352439
-9718305,138614882,-881719444
-13398120,139055160,-879294336
-15969254,138584498,-877329362
-17520467,138319275,-877025599
-17786660,137817201,-876660905
-19055670,137242806,-875536425
-20252005,137394636,-874955283
-20903003,137263002,-874442677
#!,zero-counter: 300
-12229070,138765502,-874778905
-11590127,139520776,-874432873
-10763132,140245419,-874080496
-10046264,140953929,-873574617
-9515935,141216825,-872571542
-9678507,141179794,-870732213
-9678225,140632249,-868390374
-9519207,140445897,-865994801
-9201539,140643292,-863636872
-8748031,141394733,-861236408
-7891938,142269699,-859291593
-6953435,143293171,-857922670
-6298565,144046234,-857270820
-7151884,144833007,-858181200
-8591442,145191093,-859324517
-10665869,145496970,-860654727
-14032186,146048113,-861762140
-18010515,146793901,-862345548
-21129460,147528803,-862170188
-22870548,148258645,-860968615
-24946121,148703468,-859105296
-26876124,149597189,-857260476
-29053135,150957119,-855681523
-32186239,152409934,-854111007
-34706222,153679190,-852946546
-35486434,154017445,-852826328
-38264360,156513694,-851387326
-38936827,156111136,-850655388
-41808967,158375167,-849042791
-43871017,160184395,-847867817
-46630186,162924498,-846311786
-48544901,164181447,-844999597
-45460839,163507100,-846116325
-44691615,161784644,-846611531
-43153215,159559347,-847797385
-40319336,158058859,-849689889
-35996048,157389753,-852019159
-30438257,156988031,-854457793
-27041746,158056973,-856176265
-24914226,159079883,-857179723
-25368009,160225314,-856954723
-24977942,161364647,-856628429
-23861460,163299260,-856438459
-24086391,164262030,-856319302
-24669636,165409134,-855834631
-25771086,166505089,-854856541
-27552079,167435611,-854037971
-30877788,168289937,-852506618
-33528537,168948318,-851303237
-36649926,169161746,-850343886
-40181711,169251349,-849032910
-43829133,169519730,-847843544
-48973880,169910406,-846386536
-53225732,170005715,-844822496
-58486794,170477481,-842841295
-63286854,170182522,-841107799
-67002459,170239811,-839522631
-69428812,170037550,-838568176
-77286122,172161399,-837060958
-76857063,171406749,-837102376
-77890399,172610264,-837532970
-77214899,172466460,-837941485
-73137543,172237004,-839416215
-66001269,172182266,-842407527
-56947444,171987111,-846138775
-48630489,172744547,-849602005
-43071165,174534503,-851868334
-40117002,176958755,-852566532
-37923748,179635281,-852974777
-36325208,182493189,-853112169
-36820628,184666449,-852848552
-37499272,185963644,-852562184
-36421933,186543626,-852537685
-35158250,186729184,-852694438
-36962528,187734473,-851764430
-37857856,187428074,-851149826
-37959509,186417622,-851232028
#!,zero-counter: 98
-29934827,183722504,-859387499
-28876746,183684544,-859412765
-27298492,183629053,-859564834
-24826051,183080779,-859747255
-22554464,181957515,-859461145
-20481562,180263144,-858563860
-17492023,178218351,-857311866
-13880122,176355065,-856156049
-9898919,174337988,-855492893
-6170051,172315813,-855307699
-3081725,170777292,-855560680
-918927,170341614,-856170110
435158,170546011,-856893738
1367218,170957193,-857494884
1773046,171743552,-857515475
1642736,172669120,-857263837
1429928,173364660,-857188110
1520226,173763757,-857681955
1640448,174433847,-858999437
1765849,175077444,-861305920
1512354,175914823,-864548464
993856,176984751,-868068765
17077,178242240,-871338114
-1450088,179579538,-874059755
-3149835,181197266,-876091463
-4125879,183001199,-877884537
-4000145,184821349,-879962506
-3249509,186278417,-882660775
-2271425,186959748,-885892241
-1757307,187271461,-889329270
-1687262,187436894,-892985910
-1459151,186599929,-896889870
-2234223,185120859,-900101093
-3590786,183421167,-902469220
-5196315,181748994,-904418005
-7276696,180241801,-906508334
-10348942,179164864,-908702208
-14271357,178640615,-910527910
-18610632,178768341,-911470791
-21615193,178143263,-911593898
-23221505,177124896,-911754729
-23886448,177207650,-910826952
-23473475,178083133,-909561589
-22462991,179849859,-907422029
-22673365,182327301,-903387412
-25080645,182772015,-898951170
-30041425,182231450,-894868817
-35053809,179125049,-891556411
-39348145,174772663,-889750543
-41430693,171836192,-889160753
-43373626,169433267,-889002738
-44435104,168479659,-889307408
-45299301,168787061,-889273170
-44586326,168807660,-889894515
-39892116,170145621,-892507756
-35033675,173120405,-894611203
-31650983,175692737,-895539531
-28305715,177963760,-896455176
-26364622,180758036,-896601760
-23061975,183207532,-896431463
-21135114,186189467,-896360132
-19481205,187759692,-895962250
-16751643,189608008,-895591747
-13191154,191812401,-894638785
-10399190,193473567,-893672765
-8769012,194287430,-893344552
-7869906,195903967,-891844994
-7105342,196582257,-890230203
-6769424,196497477,-889374958
-6227045,195826866,-889766122
-8846300,194564923,-888224834
-12671528,193332890,-885922469
-14348157,191365172,-885013418
-16039541,190587520,-884447490
-19360689,189242277,-882752454
-21481219,188136350,-881481939
#!,zero-counter: 351
-16674232,191089173,-877453852
-17714329,190323706,-875896337
-18043257,189511922,-873233750
-17109053,188746242,-870366686
-15420723,188138929,-867712419
-13497904,187755347,-865191693
-12186519,187418925,-862671635
-11980040,187021547,-860396920
-12437761,186804625,-858630795
-13484210,186986758,-857176194
-15519268,187589823,-855829732
-18781028,188399245,-854485068
-23074651,189456945,-852942111
-27868860,190805956,-851246751
-32760412,192509680,-849973258
-36850550,194315037,-849740668
-40108662,196139304,-850619561
-42862584,197609622,-852300479
-45549264,198516153,-854089217
-47456922,198757062,-855019227
-48234504,198702151,-854882274
-48452241,198494070,-854746453
-51114778,199419461,-852477634
-53767918,200066516,-850758531
-56259277,201042566,-849540173
-57323772,201049915,-848888631
-59927282,202259960,-847670643
-62600860,203070415,-846433793
-65888007,204097927,-845246984
-70187896,204800428,-843725676
-74158357,204455056,-842300746
-76035132,203512505,-841690317
-76653784,202282539,-841610538
-76124964,200947598,-841792155
-75232111,199968538,-842182644
-74252656,198443967,-843347699
-71789724,198680842,-844139705
-67875943,200031387,-845190355
-64168494,201249863,-846655111
-61077529,202104700,-847915354
-57492313,203049720,-849285990
-54033442,204032007,-850496526
-50039602,205256650,-851698966
-45380153,206199849,-853358605
-40897833,207317058,-855021248
-38441174,208384310,-855918377
-36557960,208911435,-856803786
-35575319,210122528,-857319221
-34939494,211862839,-857581201
-35221179,212926493,-857458194
-34290477,214522593,-857592455
-34519380,213921578,-858206163
-35309626,212161275,-858691957
-35523452,210067006,-858843081
-35356211,208402500,-859041921
-35214119,207005948,-859041819
-36866586,206055826,-858188213
-38400826,205150833,-856954154
-39878722,204673372,-855948548
-40852437,204137328,-855626760
-42529052,204535859,-855163189
-44072203,203940197,-854969997
-45133248,204141123,-854976243
-46036285,204514017,-854488106
-47032263,205192364,-853859072
-48990847,206357072,-852688246
-51124327,207634043,-851421374
-53060934,208939943,-850547234
-55466490,210089814,-849492470
-57321635,210972946,-848521906
-58021847,211215214,-848360044
#!,zero-counter: 39
-51305127,208282091,-854537986
#!,zero-counter: 140
-46098674,209548494,-861625793
-45222787,209707993,-861708972
-44012096,209875514,-861802079
-42039536,209805795,-861950671
-38983820,209503319,-862237997
-35331217,209117179,-861848487
-31264089,208850987,-860046872
-26584000,208565037,-857641800
-21420620,208354492,-855508057
-15937139,208660547,-853653412
-11566806,208870200,-852091589
-8497748,208997128,-850492734
-6433013,209192988,-849059610
-4944704,209561088,-848103576
-3622216,210133646,-847632567
-2539278,211049697,-847473066
-1822952,212294661,-847586635
-1440635,213504601,-848394722
-1483025,214723729,-849910462
-2271183,216036589,-851881728
-3558682,216792177,-854146166
-5309890,217078922,-856535467
-7202579,217186238,-858783782
-8970367,217151249,-861024342
-10713391,217199843,-863316898
-12203382,217235992,-865739533
-13269723,217169505,-868402790
-14173381,216926919,-871166247
-14888211,216328912,-874062363
-15638012,215593761,-876984803
-16623841,214900574,-879560254
-17923272,214216742,-881584886
-19596188,213594869,-883106087
-21640138,213042716,-884304525
-24160413,212796636,-885199489
-27066085,212839733,-885882700
-30114882,212832552,-886272880
-31676858,212077252,-886454667
-32235147,211075771,-886666204
-32058944,210123680,-886795622
-31924760,209486697,-886435277
-33654298,209907806,-884098913
-36690244,209503247,-880434044
-41022624,208783767,-877323451
-43867979,207501528,-875575466
-45752824,207251151,-874708993
-48146378,206142312,-873820268
-50234073,205086054,-873084657
-52127152,204461793,-872533723
-53781342,204118851,-872085895
-54612118,203910166,-871731544
-55158972,204309658,-871192252
-55090290,204920356,-871337294
-54056165,205369887,-871948367
-52312871,206544085,-872841907
-49141274,208797565,-873726703
-44608839,212131075,-875023508
-39673630,216232593,-876155725
-35832031,220285128,-877144791
-32840791,223653787,-877805803
-30845210,226486379,-877878972
-28726055,228930694,-878214266
-26978321,231673436,-878254251
-25698754,233754941,-878292446
-24628239,235651603,-878330927
-24399453,237021273,-878113175
-24436833,238087850,-877741514
-23344190,238355922,-877758277
-23049402,237246991,-878141310
-25192636,234810499,-878002135
-27556631,231457274,-877726447
-29391101,228050224,-878027977
-30071049,225418332,-878684843
-30274675,224079599,-879378018
-30430090,223977764,-879559652
-29270729,223876025,-879473487
-30649346,224691880,-877533504
-33218143,225264751,-875007315
-34248869,225206667,-873566769
-35282234,225552080,-872540386
-35979606,225487944,-871515673
-35301407,225183256,-871266164
#!,zero-counter: 321
-29241851,222031394,-869934639
-27692738,222380078,-869614347
-26057529,222562208,-868678154
-24898417,222246888,-867168538
-24131756,221397998,-865390679
-23584919,220111585,-863831177
-23008249,218636726,-862594400
-22205636,217231530,-861772461
-21058592,216115131,-861285139
-19285403,215306202,-861100939
-17205310,214939376,-861175704
-15030991,214548048,-861862494
-13370417,214314392,-862932446
-11919033,213756889,-864303549
-10824137,213170101,-865713772
-9901025,212593221,-867035109
-8881899,212025937,-868098286
-7216017,211492816,-868790641
-4579732,211012207,-869261767
-1153521,210803085,-869557161
2826462,210673018,-869752377
6752364,210585979,-870013429
9960426,210289668,-870431972
12188721,209622335,-871307829
13284848,208820508,-872683414
13748081,207647877,-874649260
13770674,206484606,-876927994
13785860,205264335,-879231158
13916751,204135651,-881299675
14342037,203007585,-883102475
15144838,201990215,-884705891
16228968,201158368,-886164430
17370637,200413092,-887479496
18334135,199467966,-888782971
18939183,198416573,-890106048
19605156,197233914,-891711583
20761715,195945785,-893768891
21956807,194635001,-896248789
22781059,193475506,-898818138
23384415,192312102,-901170178
23603530,191373150,-903093106
23300107,190510377,-904358070
22786093,189552457,-905170285
22184602,188419963,-905712880
21309611,187212370,-906028314
20321620,186106506,-906456199
19428525,185263012,-907235011
18563503,184648207,-908478111
17402633,184044078,-909983861
15647993,183275025,-911714670
13161964,182381611,-913467758
10104487,181628679,-915158777
6703359,180855543,-916836311
3174564,179908967,-918548111
1833130,178326662,-919905123
1684016,176502732,-920652805
2278137,175621174,-921178602
2947564,175157388,-921410457
3904874,174748645,-921458575
4964313,174580410,-921194153
5078135,174651012,-919410795
4094501,174837101,-916398174
2571254,174676346,-912697394
2325358,173854277,-910400902
1427483,173639083,-908571829
761131,172584777,-906936064
-26435,171493184,-905912127
-1157567,169881570,-905134021
-3062879,168399923,-904732143
-4549127,167192215,-904953252
-5532203,166463782,-906237141
-5254118,166260504,-907964011
-4499676,166563127,-909299313
-2658124,167093634,-910484536
691538,168328350,-911758708
4294094,170533086,-912654491
7640731,172727634,-913303149
10513686,175082030,-913754658
13115455,177482226,-913774970
15317709,180377559,-913347589
16044443,182670092,-912931047
16294061,183757698,-912727778
17327314,185044704,-912331813
18013045,186199007,-911378373
17852123,187117173,-909514672
15206663,187622324,-905801011
11976772,185304497,-901565927
7883629,184089141,-899134427
5690264,182447008,-897811939
4163949,180872965,-897140843
2759152,178944862,-896268060
2011816,178428044,-895888753
#!,zero-counter: 285
1541697,184209040,-882827258
2149525,184818179,-882172877
2323304,184861160,-880620895
2313706,184422632,-878722258
2761870,184361026,-877088066
3825847,184617229,-875820951
4898387,184901602,-874651678
5753752,185385884,-873360794
6487003,186003028,-872193487
7011535,186813948,-871345534
7346657,187920227,-870670369
7635933,189117852,-869785792
7548207,190136555,-868651676
7373410,190896344,-867578421
7172167,191539372,-866855755
6817321,191975621,-866610567
6081902,192318120,-866831177
5296531,192305718,-867413223
4074347,192333184,-868138656
2621791,191914848,-869147204
909275,191478753,-870217795
-420093,190837474,-871120293
-43875,190151511,-871328562
570164,189953558,-870813756
936072,190219185,-869523683
211907,190096189,-867258933
-1840388,189922756,-864551264
-4479272,189520600,-861848543
-5965454,188828080,-859390966
-6576933,187717779,-858236750
-6902755,187219604,-857717605
-7599128,187494126,-856933288
-7718282,187025619,-856633849
-8261207,186890247,-856132115
-8982365,186721547,-855487247
-9951414,186352879,-854946416
-10974115,186259935,-854502375
-11678338,186205155,-854274122
-12437068,186485324,-854226045
-12988398,186572391,-854661895
-12476947,186335292,-855882092
-11406947,186438245,-857541802
-9966616,187118021,-858807058
-8396569,188581530,-859584314
-6132277,190301807,-860726750
-2741067,192480010,-862331344
-592435,193917599,-863505567
356597,194859827,-864017433
904951,195964173,-864283483
1614123,196627802,-864382781
3376153,196132468,-865317426
4364322,195811552,-865738253
4520745,196154788,-864934730
3049818,196855974,-862932834
2248299,197132688,-862130572
2185191,197059506,-862799634
2027865,197417170,-862366584
17454,197102588,-860858246
-2676845,196229574,-859302300
-5504449,195353707,-858310829
-8097972,193833223,-857749625
-7824696,192952400,-857715773
-8535516,193927852,-857303711
-7341523,195183214,-857488894
-5094289,197206178,-858174689
-5538814,198636765,-858551470
-4652700,199728020,-858946574
-2390537,201005048,-859611225
-1281616,201776425,-860105589
-656898,202310346,-860321314
492479,202295646,-860522796
1390074,202645454,-859223670
898141,202664890,-858392262
115577,202239408,-857628758
-1082650,202011137,-856401502
-1917011,201775876,-855465953
#!,zero-counter: 106
-364549,201615342,-861443867
-432044,202617458,-859595003
-552449,202826208,-856267820
-107473,202897726,-852745793
408368,202764419,-849850035
612701,202133698,-847518062
457814,201562787,-845791088
-227260,200920748,-844864738
-1450031,200284989,-844750829
-2889423,199716987,-845123144
-4429188,199502624,-845729973
-6034480,199393921,-846439297
-8056817,199207226,-847407687
-10428051,199081309,-848747739
-13336531,198943716,-850213376
-16613494,198679885,-851458977
-19216289,198189726,-851936452
-20051847,197199034,-851656732
-22150498,196760397,-850632382
-24889775,195505608,-849290226
-26575148,194251109,-848193345
-28033150,193407349,-847377677
-29229370,192431625,-846991978
-31205231,192229623,-846479509
-33129681,192266812,-845918048
-35155039,192551738,-845167534
-37016723,192837955,-844499862
-37623386,193313055,-844422382
-38387514,193775457,-844146453
-39941955,194334271,-843453391
-40641995,194550446,-843194515
-41372110,194898162,-842960197
-42122000,195014189,-842701220
-41665555,195149932,-843411946
-40689634,195551917,-844008592
-38101649,196062516,-844901143
-33725879,197260365,-846630804
-30513754,198477534,-848298650
-28306014,200149136,-849294689
-26428508,201038353,-850118691
-23166245,202396797,-851508505
-20258245,204185521,-852740779
-18518417,205590628,-853584760
-18229706,207067224,-853882963
-17848470,208177985,-854274963
-17766108,208982681,-854322973
-16724090,208517083,-854067408
-15199310,208021391,-854480715
-14085272,207433934,-854715851
-14097649,206803115,-854265364
-14986616,205676149,-853041322
-15776074,204752783,-852177851
-16765622,203775180,-851312736
-18469066,202671826,-850510042
-20665924,201550925,-849459393
-22095958,200938502,-848615958
-23832087,200653157,-847787684
-25348894,200882747,-846935505
-27393650,202433736,-845842215
-29235748,204197306,-844721309
-30547076,206570931,-843461254
-29906557,209487077,-842461941
-26240162,213071931,-841171058
-24014928,214835920,-841371451
-21879426,216401873,-842059514
-20169325,217939981,-842362631
-17748678,219505459,-842798850
-16710378,220216508,-843326893
-15091740,221018349,-843963254
-13240039,221209459,-845184378
-11145294,220146511,-847243476
-9333089,218800206,-849104561
-7920186,217235179,-850826794
-7040630,215615678,-851814644
-6404111,214786858,-852288032
-6841465,213272525,-852565835
-7919956,213392899,-851835180
-10500777,214519133,-851114878
-13228540,216377504,-849056030
-15768647,218340759,-847535223
-17557892,219217760,-846869042
-18737574,219982282,-846440344
-21112576,221203350,-845308611
-23274845,222196192,-844244417
-25314103,222161349,-843570168
-25147123,222643458,-843508117
-26202991,223102341,-842848156
#!,zero-counter: 156
-16257608,218370623,-849957318
-14936912,218411618,-849961867
-13539725,218449008,-849777526
-11981285,218010610,-849109518
-12357080,217936160,-847588443
-13137893,216447512,-846238421
-13531856,215209944,-844993621
-12814463,214505796,-843549489
-10796085,214993563,-841337077
-8271097,216158946,-838821437
-5562628,217309106,-836760404
-3024554,218234546,-835201825
-730707,218526902,-834254522
853178,218532360,-833913648
1594918,217999238,-834374353
1386182,217564423,-835219590
893553,217001561,-836242440
631668,216469770,-837235898
564188,216116685,-838277262
495786,215740627,-839708802
47022,215462960,-841517845
-1007403,215086633,-843656191
-3128239,214491277,-846059266
-6349575,213645569,-848751582
-10406884,212746521,-851598221
-14671688,211694086,-854540007
-18761297,211046065,-856927180
-21145356,210499135,-857943822
-21870109,209744239,-858075061
-22189208,209136117,-858563244
-22949320,209234200,-858352102
-24186577,208736512,-857426379
-27131018,208751380,-855603086
-29454136,208556197,-853980095
-31812180,207973099,-852796008
-35178878,207610129,-851508243
-36548783,206976592,-850752137
-38442250,206223345,-851610612
-39980139,207241092,-851059638
-41730441,209326257,-849899584
-41830529,211277401,-848915568
-41819641,214160490,-847920647
-41929392,216481351,-847201271
-42191411,218740215,-846729891
-42165624,219550502,-846722208
-41512811,220359135,-846686799
-40454801,220804086,-846505441
-39505550,221048829,-846286366
-38591801,221253012,-846164162
-38076477,220447098,-846498328
-38809746,219099511,-846721992
-39580091,217644247,-846834528
-38881408,215773395,-847227461
-37608039,214211823,-847949865
-36400231,213121152,-848567213
-35015993,212158589,-848649548
-32884629,210985967,-849393018
-28995457,210464226,-851277342
-24684407,209872467,-852813701
-21460979,209926151,-854159623
-19502001,210616222,-855035947
-18481035,211627004,-855352226
-17125049,213124835,-855277957
-16883937,214849686,-855256931
-16275894,217189499,-854772585
-16582668,219404044,-854147575
-17424251,221574971,-853631061
-17985775,222835687,-853262726
-18306210,224242146,-852538976
-18552902,225481726,-851081338
-19506589,225867580,-850457234
-22563977,226264070,-849492713
-24592163,226827041,-848488178
-25565464,227194884,-848230337
-27518903,227789497,-847421920
-29458688,228634406,-846493363
-31614376,229105096,-845631885
-33570113,229556078,-844547772
#!,zero-counter: 17
-29091993,227636715,-846312562
-28501679,227118881,-846567842
#!,zero-counter: 145
-18250421,225019562,-849925328
-15851059,225179340,-849441717
-14234990,225243712,-848290646
-13281296,224940204,-847086329
-12395655,224069364,-846308353
-11638645,222150581,-846309506
-11566099,220090823,-846477364
-11297656,217999826,-846563109
-9910359,216288597,-846312900
-8050044,214594202,-846011722
-6368167,213424003,-845632551
-4121470,212628901,-845072243
-1147136,212010378,-844421166
1689798,211305333,-843879709
3630841,210280460,-843735943
4466790,208851793,-844278499
4251442,207198421,-845313716
3237526,205488375,-846759775
1953996,203974357,-848519650
1221530,202885100,-850737842
815689,202445744,-853432144
266426,202439279,-856448365
-698395,202366503,-859453099
-2577487,202739260,-862178200
-4909854,203009003,-864754389
-7262888,202989428,-867214880
-9720909,202652691,-869342950
-11226528,202182454,-870753341
-11896341,202007810,-870991229
-12645619,200586262,-871010422
-13812206,199461218,-870466828
-16001199,198655709,-868868774
-21317157,197950067,-866026762
-27342307,196764150,-863307961
-31774800,195343037,-861295045
-33682236,193896372,-860116223
-35756964,193419033,-859121589
-37116593,192937950,-858611175
-38673420,193630442,-858825728
-39554866,194194929,-858065907
-38809405,195201202,-857281183
-35049373,196393258,-857513986
-30960655,197400318,-858495630
-28779733,197916631,-859323617
-26637959,198573223,-859746485
-23024520,199746083,-861006757
-19640903,201822273,-862253277
-17345898,204309541,-863387877
-15779681,207487433,-864263277
-13169793,211311377,-864947279
-12787957,214115724,-864934656
-13163359,215898934,-864516258
-12916004,216595752,-863858257
-11555602,216830395,-863614329
-10211495,216813691,-863785032
-8879165,216355120,-864268198
-7955445,215549897,-864711155
-6905459,214015901,-864991628
-6730014,213034806,-864601823
-8199289,211627324,-862815243
-10929287,210852129,-860260700
-13092878,209678995,-858287949
-14214407,207888862,-857349722
-14473236,207395383,-856889490
-16801047,208887372,-856848095
-18200662,210513445,-855999195
-18509495,213198415,-855109279
-17303943,215728834,-854870718
-15245996,218291722,-854810092
-13849609,220496670,-854994168
-13960884,222487032,-854717294
-13717356,223425910,-854666290
-12450690,223954464,-855070908
-11223423,224167006,-855466222
-9853112,224009583,-856544586
-7961256,223556286,-858036194
-5435377,222222107,-859894710
-3569430,220991946,-861073401
-2237006,219863318,-861913532
-1348876,219073672,-862477576
-606245,218241007,-862735562
-102352,217193404,-863121396
145698,216007817,-863361818
-522321,215586816,-863024956
-2534353,216208060,-862510410
-4739959,217567010,-861408010
-7399383,219119532,-859758626
-9460809,220537615,-858214285
-11452012,221976721,-857210126
-13936905,223516652,-855503938
-15851692,224250283,-854429892
-17435180,225214852,-853874595
-19636969,226454228,-852203788
-20877688,227178085,-851621210
-23707898,228307272,-850228130
-24977883,228500455,-849186332
#!,zero-counter: 93
-15942108,224358679,-852639569
-16846438,223784589,-851243854
-17080839,222738344,-849615297
-15414684,221410769,-848233847
-12679718,220358411,-846456108
-10113881,219679235,-844197698
-7773988,219567632,-841838562
-5921498,219047096,-840473002
-5008052,218494385,-840117836
-4423680,217779602,-840211958
-3943670,216901554,-840734833
-3923044,216211799,-841412421
-4085710,215869197,-842163614
-3817477,215643809,-843181692
-3590914,215695939,-844199743
-3424378,215795427,-845311489
-3625282,216028338,-846837644
-4317013,216178257,-848923957
-5655754,216151958,-851409706
-7731057,215907809,-854099000
-10256575,215452367,-856926696
-13076995,214835783,-859727604
-15143264,214162833,-861696938
-15357690,213269384,-861971684
-16580839,212682995,-861723294
-18466428,211680399,-861130783
-21430657,210683208,-860100180
-24834807,209915047,-858601046
-27710864,209606248,-857412511
-29729746,208929102,-856510054
-31855768,208196692,-855833339
-33554048,208250305,-855257794
-34253344,209065999,-855247050
-34800036,209489864,-854769665
-33366505,210499094,-854325400
-29664365,212438567,-854837768
-25709085,213962515,-856198308
-24023684,215071132,-857410861
-22835133,216683880,-858092866
-21149208,218337963,-858336480
-19271957,219868085,-858637421
-17358846,221450251,-859015938
-15361199,222170373,-859161157
-14418725,222742731,-858927367
-13280665,223231547,-858979737
-11823257,223689882,-859360374
-11310304,224143666,-859440838
-9936920,224529798,-859771512
-9174123,224631648,-860023707
-7646382,224211026,-860442624
-6756871,224080379,-860590283
-7937011,223766587,-859923010
-12101493,223755029,-858151323
-15227356,222809592,-856802403
-17736786,222244619,-855479068
-19161166,221716227,-854257760
-20414033,221956015,-853619417
-22221619,222899108,-853133176
-24209848,223936744,-852886431
-25667751,225549433,-851904490
-26292669,227384217,-850967626
-26348266,228705563,-850417301
-25941750,229925282,-850228346
-25348961,231067103,-850147013
-24288983,232322325,-850299748
-23429165,233381310,-850604942
-23004067,234319417,-850599477
-20310354,234292860,-851541212
-17157444,233059539,-853241359
-14553901,231609141,-854711724
-12566897,229650414,-855817818
-11224153,227739930,-856871723
-10208544,226480196,-857472577
-9663839,225727442,-857776738
-10172771,226030126,-858170148
-11153107,227122808,-857783388
-12342157,228327740,-856931409
-15607543,230399153,-855228098
-17503570,231704187,-854368489
-18880905,232544863,-853951274
-21941246,234033652,-852303823
-24575572,235479049,-851252774
-26493245,236766577,-850669691
-28136704,237282160,-850024386
-30928862,238495248,-848083123
-32542694,239293933,-847034307
-33913985,240435695,-846538461
-34431980,240895034,-846436070
-32587361,240918167,-846972674
-31580543,240628047,-847237782
-28158342,237738622,-848877332
-27460150,237029411,-849317169
-26748569,236390285,-849810756
-25956282,235715117,-850321191
-25197320,235102333,-850754490
-23334189,233094173,-852559308
#!,zero-counter: 90
-17864684,231604422,-854562028
-16757118,231963700,-854932225
-14911152,232162486,-855272718
-11994350,231692305,-855350370
-8326646,231287994,-855081014
-4227203,230824879,-854923599
51265,230367307,-855088428
4990845,229607598,-855626771
10868547,228603913,-856633869
17183677,227699927,-857908547
23916215,226705410,-859546380
31286800,225655870,-861556782
39613794,223928508,-864467031
47795091,221937655,-868366583
55280027,219408052,-873229531
60532124,217292311,-878147337
63667649,215382219,-883019177
64824377,214128626,-887388991
64748200,213257600,-891109746
63691116,212449474,-894241147
61711701,212079745,-897046978
59694858,212303420,-899661844
57906686,213035393,-901909651
56229860,214160862,-903508944
54863696,215562788,-904594210
54032287,217137534,-905277614
53671205,218826420,-905712868
53077603,220324736,-906015327
52077925,221461981,-906265800
51054229,222197896,-906423474
50003346,222686633,-906586645
48933377,222866542,-906785418
47911963,222789631,-906967837
46501576,222572634,-907014949
44656418,222134668,-906974847
42261683,221586821,-906859579
39785905,220926186,-906703259
37551228,220479706,-906565930
35671263,220019722,-906331376
33380194,219894440,-906003003
30783045,220050495,-905767995
28327327,220285731,-905691895
25988278,220507342,-905706365
23681392,220689380,-905692967
21474337,220584780,-905548944
19687313,219969049,-905516762
18097683,219136390,-905933374
16550335,218422115,-906581570
15270832,217875641,-907041787
14120654,217291405,-907288529
13109145,216682524,-907515537
12328556,216164453,-907644159
11788030,213303785,-908708527
11677132,212751671,-909811092
11310492,212269877,-910316958
10715146,211757310,-910562338
9928562,209521279,-911123843
10164229,208449357,-911685498
10438191,207346512,-911821935
11037208,206392987,-911406270
11888222,205442074,-910000424
10580505,205562366,-906585641
6804600,205611179,-901586145
3102132,205476980,-897171213
2398962,204506685,-894902457
2448109,204666120,-893499129
2683167,204977073,-892866303
2327242,205171625,-891284120
1252459,205830858,-889329267
1982710,206126110,-889292390
2987606,205892140,-888919948
2971393,205660928,-888425093
1910110,204835919,-887689650
1438168,204530416,-887125975
475432,204837192,-886661254
-822557,205072259,-886305615
-2147074,205579524,-886127420
-2579487,206152520,-886493063
-1636193,206922178,-887281025
2506028,208337761,-889861214
4553887,210493505,-891254648
6084289,211087002,-891781824
7237552,212383774,-892114572
8540780,213500807,-892304839
9701443,214665979,-892390072
10345711,216469300,-892391407
10761590,218173467,-892190413
11882394,219610604,-892184989
12469527,221112343,-891961699
12082757,221554233,-891715280
13305675,221648314,-890408540
12977860,221431411,-889038153
11230878,219824497,-886573915
9478379,218203299,-884474471
8341763,216656042,-883442281
6403143,214686582,-882657663
2311600,212626392,-881230524
-852344,211065798,-880101257
-3799470,208827041,-879128232
-7781069,206117391,-877686218
-11106894,203600414,-876201018
-12613251,201408104,-875147280
-12501467,200364595,-874769661
-11668640,201360995,-874503536
-11134805,202524531,-874460946
-9639132,204022113,-874915800
-7677320,206232540,-875891932
-5213299,208371704,-877358379
-2571744,210729842,-878782304
284126,213097883,-880327786
2624720,216087474,-880949024
4791721,217962382,-881133481
8357692,219748815,-882027997
11484282,222011770,-883301554
11048214,223424304,-883219165
11812903,223738559,-883114560
12514256,224188511,-882730289
12471819,224893215,-882250139
12330575,225614125,-881865631
#!,zero-counter: 90
12986079,225402918,-876159529
12898782,226302942,-875764260
12885064,227435284,-875162305
13214294,228697294,-874323679
14673004,229944815,-872791116
17240971,230310540,-870043982
20122889,229885197,-866263086
22894489,228997823,-862301031
25065753,228111548,-858788856
26411126,227583354,-855896724
26957166,227410622,-853770157
26864192,227375829,-852599790
25978404,227509629,-852298043
24681306,227736615,-852901503
22972960,228095390,-854023958
20742557,228305961,-855511010
18069865,228351705,-857339107
15334211,228150150,-859459048
12235670,227692663,-861582011
8646713,227108600,-863435286
6731382,226151381,-864370911
5939947,226377392,-863016849
4423054,226045042,-860654922
3051291,226280163,-858429958
512232,226791451,-855583329
-3000733,227843646,-852115740
-5180016,227902557,-849489554
-8820495,227862811,-847109269
-11170992,227195679,-845216978
-13812374,226767991,-843948524
-16554579,225069351,-842901331
-17775465,222477357,-842677868
-17422179,220812782,-843258392
-16841321,219880394,-844000903
-15049209,218740276,-845589725
-11483505,218482000,-848242962
-5787164,218963022,-851521204
-502930,220691296,-854341414
3105447,222484860,-856135102
5649139,223739547,-857298190
7619677,225729160,-857484004
8592296,227440824,-857337242
10144024,228905435,-857361294
10372388,229681817,-857210614
10731703,230644929,-856311344
9975568,231745388,-854892353
8134018,232716366,-853049775
7098286,232836035,-851735392
5429320,232735933,-850304768
4763940,232111492,-849613251
4003549,231448088,-849063907
3036170,231344697,-848552352
1999995,231199680,-848096545
1204368,230846471,-847802800
707863,230427179,-847585733
#!,zero-counter: 193
8097308,228386696,-855907093
9365727,229007030,-855860626
10400720,229190863,-855099773
11149727,229228414,-853357777
11730426,228633062,-851456963
10898527,227900470,-849920231
9365597,227248609,-848797718
8024958,226904286,-847878674
6577349,226992713,-846906739
5775838,227646235,-845463168
5586065,228963080,-843470276
5548240,229856225,-841993326
5840495,230410564,-841300271
5794782,231909180,-841254418
4596876,232820124,-841823128
3251501,234056158,-842454301
2113714,235103126,-842896259
707622,236094851,-843458575
-547744,236631381,-844637617
-1896988,236980048,-846625890
-3449249,236938145,-849459233
-5624644,236646148,-852785879
-8470578,235861479,-856433719
-11356975,234655619,-859906110
-10642828,231804583,-862518563
-10648212,230951212,-862242473
-11778248,230642667,-860617145
-12252644,230710189,-859006045
-12794530,230932213,-857346710
-13658751,230646529,-855455595
-14038406,230051361,-853971567
-14647861,229705317,-852645249
-15037760,229491357,-851605524
-17014732,229112193,-850218341
-18756725,228373797,-849269018
-20590446,227543902,-848990946
-21433638,227046399,-849014752
-21807832,226465586,-849085718
-21628582,225300835,-849902682
-20377697,224368076,-851014526
-17289412,223392610,-853004030
-14049998,223452536,-854287689
-10192368,224216958,-855376810
-6264187,225244422,-856895744
-3359679,227485703,-857646620
-2217153,230091765,-857183739
-1753396,232258150,-856833561
-1397544,233836313,-856471328
-53683,235124254,-856180543
3931,236406797,-854978310
-4368320,238001442,-852055187
-9937560,238613534,-849357241
-12927082,237827723,-848546727
-14817771,236600625,-848206534
-17137590,235848986,-847241230
-18334025,234559031,-846786935
-17550068,233644923,-847377940
-16856692,233100136,-847737401
-14907295,231039320,-847969103
-12289512,230796968,-848919889
-9095381,232593167,-849552241
-7827002,234829272,-849288778
-7708844,237220936,-848623496
-6720259,239416954,-848338858
-6628771,241499463,-847890099
-6505349,242736645,-847464609
-5264824,242422689,-847875994
-4792402,241826371,-847972243
-3999586,241243400,-848395209
-3239475,240821446,-848706150
