#!,zero-counter: 1705
-43503881,11052782,-450649201,912
-50571800,15798837,-450475777,4552
-52607001,18703378,-450428678,6148
-51960450,20806943,-450344537,4144
-49803609,23732428,-450625307,-340
-47506994,28221989,-450654841,-6612
-45933662,34303215,-451031297,-3504
-49563627,45157592,-450296388,-10736
-52445577,57139132,-450410304,-7256
-34164807,56575730,-450071272,9700
-32842816,55368154,-449457469,4388
-44360483,53906580,-447968995,-4912
-54033616,51294815,-446202994,-2356
-56565275,47414662,-444423415,-2376
-57658063,45033559,-442237449,-2888
-59059893,44020179,-437904000,-4500
-60442346,43711755,-433095777,-4556
-60319074,42085945,-426257243,-5896
-58875464,39187727,-417858324,-4236
-57878495,35802891,-408843734,-10004
-51443812,30179684,-399605323,-6180
-38138118,22729473,-392986941,-6260
-32097099,15638115,-388893700,-5492
-25684699,8269290,-386591527,24
-27631057,8729780,-389173659,-1672
-26866573,13963066,-397995672,-2784
-27543299,22439263,-411674109,-1772
-26413350,32767069,-430105439,4500
-18144242,42169862,-449458057,-4792
-23597121,56258566,-467800829,-1372
-39231515,72363503,-485250519,-856
-55904617,86753010,-502203198,-532
-69546461,98123412,-517928621,-576
-76511152,103925806,-526200335,1808
-79037734,104100703,-526677899,3336
-82375927,101150035,-520743521,2644
-84549264,95154712,-510907220,632
-86239009,87157112,-498408342,2736
-88963709,78289328,-485743739,-2200
-93451947,72905677,-485065052,-14820
-95664844,66781432,-489873660,-12568
-79953797,52563483,-500496301,3336
-62561214,41450579,-512395066,9604
-59983776,46744493,-522970944,5360
-53266477,61348208,-533454726,-824
-30365642,70922533,-545948356,-6588
-11368634,78793164,-559285815,4768
4560275,83155433,-573819801,4608
24409479,78029141,-589891064,5244
40304456,66780790,-605087428,10924
48449622,51091765,-618075217,11040
49571000,32722477,-628983008,8208
43386075,14460507,-638399341,9328
34151135,-3608515,-645435966,9708
23994674,-19291622,-649071565,8884
14420339,-30030660,-648828797,8460
11794198,-38614397,-644846744,10928
17191733,-44172703,-638106428,13256
30032845,-46006399,-629587657,13708
47936156,-43267356,-620334594,10464
71184461,-37773615,-610946859,5172
98009956,-31955697,-602927295,3060
125295646,-26014582,-597869195,324
150213545,-19075948,-595397616,2576
169545646,-13897955,-594579773,2940
182339029,-9902642,-593941420,3064
184770668,-5091444,-592906739,2868
182242926,-1419530,-591444021,2476
176374942,3020291,-589591267,2812
168870577,8649198,-587565000,2268
161981901,14602941,-585384696,24
157014588,19977401,-582991759,-492
153576796,24932458,-580339145,-1392
151119188,29451085,-577598401,-1128
149375324,33103519,-575181859,3488
147637815,35310358,-573988711,5360
143663428,37372241,-574416181,7560
137400217,39155933,-575959274,7156
129222550,40812336,-577963238,4632
120772711,41726871,-580077648,7656
113063507,41342402,-582080389,6404
106129866,39846370,-583976950,4884
100918145,36584653,-585632552,2372
97388546,31626824,-586516774,3752
95185984,25916166,-585736201,3568
93413436,21177539,-583110857,5292
90184139,18249315,-579683138,6360
84499460,18396666,-576011212,9980
79039407,20320755,-572149080,6948
74863985,23175758,-568879775,5324
71575320,26308182,-566755118,4040
68732574,29597361,-565791408,6340
64598966,34437951,-566041367,6744
62820726,39394159,-567558647,5656
60892607,45754502,-569184733,3508
56388034,54626045,-569629367,-88
49019811,65286958,-567650035,-2804
41660733,75486632,-562487947,-3796
36554490,83685471,-554488081,-3960
34610391,88594039,-545481498,-3760
34665511,89926653,-536964998,-344
35182519,88142543,-530009310,3512
35463382,83489167,-525439736,5396
36761917,75280481,-523866387,6560
38088272,64560157,-524391195,6196
37523079,53104948,-525742083,4428
31317354,43547179,-526218169,2708
19676204,36076510,-525346742,2728
6463570,29536096,-523629336,2368
-6394623,24314601,-521718346,1568
-15065648,19679592,-519863301,2440
-21676099,17306921,-517560053,2788
-25686556,15895187,-514600484,1804
-27066665,14083807,-511058451,1304
-25890312,10847250,-507090754,1040
-24353734,6701443,-502788769,1992
-22261980,1529634,-498069579,4188
-18508493,-4829100,-492757950,3384
-12092283,-11990593,-486837449,2340
-2979671,-18899803,-480692282,840
8258584,-24435816,-475304335,-12772
18140924,-27333929,-471237281,-3700
26109715,-28087221,-468580992,-2232
33571598,-28301792,-466357748,-1588
37750459,-27390187,-464241003,-4832
41587968,-26448493,-462448765,-440
47430564,-26716594,-461759632,-216
51440400,-27468813,-461737338,2428
52838725,-28003352,-461600468,460
51760990,-28047898,-461302197,-2644
49339249,-27798454,-461050025,-1412
46887884,-27981175,-460835071,-1512
45329725,-29466379,-459588024,-2772
41778262,-31195228,-457588080,-5312
41142527,-35604337,-454606919,-4036
43681944,-42012680,-451195892,-2632
47357868,-48994055,-448325469,-1900
52530362,-56649415,-445971260,-1028
58220580,-64470556,-443702096,-1440
61363391,-71025708,-441562890,-52
56510402,-73947986,-441431329,1500
49741189,-75777494,-444788776,2152
41260781,-76725982,-450340174,2544
29716042,-75719140,-456980228,2112
21466947,-75095721,-463558864,1936
14697171,-74445701,-469995091,2128
7262806,-73722346,-477030059,2136
-2114635,-72758672,-483722300,-56
-14281178,-70816167,-489448503,172
-28476165,-68062498,-494346206,2020
-43260180,-64683174,-498616844,4792
-55804168,-61587880,-502342398,3476
-64463329,-59512758,-505438926,2784
-71340929,-58296220,-508336027,2456
-78031451,-59163755,-511751640,3876
-84946796,-62311177,-515703082,3120
-91664213,-66559757,-519484198,4112
-97298825,-70356799,-522474457,4996
-101998708,-72211398,-524504948,5724
-106207899,-71779103,-525405655,5628
-112212199,-69277825,-525515591,1496
-120601139,-66065239,-525155103,3952
-130333840,-63733029,-524479910,5548
-141174886,-62115624,-523737035,3336
-154662929,-59001316,-523069626,1912
-163026519,-56924218,-522430486,1980
-163651805,-55745263,-521973675,1872
-161488556,-53254882,-521500929,2656
-153818422,-52621169,-520213386,7224
-146000087,-52652841,-518314651,5760
-140782592,-52916754,-516600709,2976
-135224139,-54409760,-515489746,1908
-130759412,-54338444,-515080936,732
-127180379,-51420857,-515075529,-4480
-123134589,-46923002,-515375706,-7444
-119551033,-41207245,-516592091,-4244
-116503708,-34744077,-518546271,704
-114454402,-27718090,-520699888,3208
-113545753,-19233761,-522572024,2844
-112323018,-9006380,-523633489,4024
-108319893,3047044,-523662297,4044
-98646412,15659526,-523916357,4732
-85617718,29779146,-525644171,5988
-72892056,46110662,-528705329,6988
-60063348,62213543,-533037618,7888
-46505405,77611986,-539766720,7024
-33894930,93217251,-549456481,7116
-23136968,109663260,-560807216,7440
-13045710,126359760,-572536314,7872
-1846,141077760,-584580625,8656
17499083,152837633,-597358681,8724
32055044,161375660,-608859478,8976
44506826,165728744,-620121734,8556
54527784,167039255,-629995725,7880
63761653,166141285,-638576384,7064
74231143,164050186,-646173712,6616
86596628,161963932,-652990831,7568
99308168,161072032,-658974296,8556
110262684,161260236,-664166804,8632
119365705,161106629,-668753328,7920
126720314,160251584,-671807451,7836
132980839,158650207,-675148616,6980
138611745,156257957,-677865019,6164
143912841,153272896,-679849212,8220
149189286,149846874,-681167562,6628
153429554,146554247,-681794659,7948
156375413,143373871,-681898734,2964
156550582,140657815,-681547501,9892
153472909,137930661,-681219591,12856
147838356,134633388,-680998735,6484
140627147,130780090,-680414294,2688
133452419,125848998,-679242095,2188
127273337,119930405,-676700437,3412
122825840,113436533,-674584134,3816
119444128,108362167,-672338267,4772
117482514,104635137,-670067187,5780
116438620,102169186,-667692769,5692
115919956,99995277,-664454975,5872
114807939,97227340,-660547758,4708
113547417,94280761,-656464296,3608
114049480,89568563,-651913451,1948
114989753,84622604,-645993724,2584
114540277,80072256,-639629764,2896
110896117,77977847,-631799654,3568
107307853,76526922,-624485903,4268
104614487,75570232,-617744362,4300
102089673,75048873,-612368419,2864
99482602,74747747,-608486340,1944
96980255,74296948,-605745003,1672
95039687,73679038,-602831277,-104
92906073,73309595,-599066658,-432
89825697,73088466,-594585832,-800
85349074,72660417,-589466198,-1284
80244850,71575979,-583324889,-744
74865757,69701204,-576072289,940
69941412,66407700,-568131135,-128
64181764,62575472,-559862840,-1188
57286737,59043905,-551467553,-1940
51000284,55122120,-543002209,-2976
46106151,50786350,-534144756,-3144
42584572,46352686,-525222433,-3752
40403585,41840119,-516586467,-3528
38662852,37819559,-508214051,-3780
37167275,34302821,-499906750,-4428
35876037,31285500,-491302650,-4932
34722135,28408924,-482550202,-5136
33252748,25609988,-473364334,-3836
30461370,23289400,-464769471,-7128
26723932,21048545,-456367978,-5816
22811667,18389691,-448014033,-6516
18279505,15919711,-438989231,-6800
14467653,13891289,-429994599,-6112
12876647,12238790,-421555595,-6380
13705033,11027386,-414097451,-5044
16418306,10273500,-407529064,-2932
19969698,9709781,-401440788,-4116
25029401,8835014,-395489457,-3632
29093179,8148801,-389494761,-3192
31518315,7234924,-383809965,-3512
32457706,5598639,-378642481,-4460
32117025,3410852,-374006791,-5088
30872255,839206,-369921969,-5224
29401283,-1992690,-366370878,-4176
28088289,-5525901,-363185130,-4128
25224319,-9076405,-360207363,-3392
22521191,-12856981,-357382870,-3500
19219115,-16299101,-354999530,-2676
15341052,-19174595,-353123681,-3228
11452346,-21399938,-351698836,-2004
8248345,-23108191,-350989597,1348
7466585,-24535192,-350888153,-1640
9149178,-25816128,-351105981,-3088
12289358,-27191998,-351578534,-3652
15417295,-28980713,-352183854,-3440
17806787,-31505898,-352496424,-3372
19526271,-34869023,-352297744,-2476
20525368,-38787584,-351596326,-1836
20452296,-42911128,-350836496,-2744
18287177,-46956894,-350535853,-1776
14499143,-51255841,-351056386,-1864
9870593,-55980206,-352345537,-2468
4936696,-61196887,-354427417,-3028
-292477,-66878325,-357450408,-2956
-5914892,-72833243,-361448253,-2956
-11377022,-78846511,-365384267,-3264
-16461039,-84940359,-368295070,-3276
-15882011,-93345361,-368127727,-3624
-18113500,-100193412,-366569810,-3828
-23936404,-104417425,-364256878,-3864
-30390476,-107029025,-363702644,-3804
-35400672,-108664365,-364138118,-4048
-52709706,-117046473,-367845340,-3780
-64965124,-132490908,-364301234,-3780
-62870917,-140183048,-356954626,-3860
-54729331,-143646016,-353042516,-3952
-49457582,-145346414,-351179751,-3800
-47052281,-145866287,-350341152,-3780
-45244314,-145930607,-349520186,-3412
-43995334,-145713320,-349477909,-3260
-43265257,-145339774,-349639526,-3012
-42878775,-144803335,-350047660,-2760
-42548427,-144226094,-350850974,-2456
-42125324,-143621253,-351960023,-2236
-41605157,-142940584,-353252825,-2784
-40750411,-142275430,-354023761,-2892
-39988259,-141508920,-355631400,-2932
-39263369,-140726356,-357371761,-2512
-38580508,-139936333,-359207172,-2472
-37954961,-139043937,-360997621,-2400
-37289711,-138165018,-362702326,-2380
-36600620,-137271355,-364276437,-2348
-35901067,-136463859,-365963377,-2380
-35297459,-135902526,-367601672,-2248
-34973414,-135556292,-369098242,-2424
-35149595,-135299324,-370405084,-2168
-35062213,-135148724,-371598400,-1620
-35408781,-134691321,-372989794,-2044
-35790660,-134176048,-374675584,-2440
-35993530,-133648996,-376416514,-2648
-14283359,-128914330,-387688364,-2988
-15923784,-130053706,-389196930,-2876
-16511345,-130728733,-390154787,-2912
-16773609,-131386739,-391140504,-2748
-16750008,-131999596,-392028228,-2584
-13543096,-133065496,-396639800,-3000
-13837930,-133173475,-398032587,-2808
-14346344,-133454973,-399660008,-2612
-15025788,-133764796,-401430370,-2244
-15602692,-134004899,-403028571,-2052
-15945713,-134140553,-404434126,-1956
-16111480,-134188165,-405617360,-2224
-16161735,-134163511,-406852154,-2216
-16190582,-134031620,-408167125,-2380
-16582600,-133771647,-409488347,-2400
-17242958,-133542279,-9,-828887980,15436
-8578063,53249763,-828555872,15332
#!,zero-counter: 265
-8598114,55654655,-765985955,15720
-9899831,54317280,-765797271,15036
-11378832,52859689,-765343018,14760
-13253530,50717559,-764987668,15148
-12575814,51972513,-765754644,15544
-11077234,53381453,-766849222,15116
-8804389,55915549,-768525509,17564
-5483683,59213696,-771466824,12836
-2069697,61975778,-773627600,10700
-50995,63653935,-774342639,12076
3404194,66251196,-775927796,12888
6124697,69204693,-776618114,18608
8647662,71151484,-777275291,14472
9822909,72418887,-777233013,15724
10751203,72613932,-775279851,14816
11330433,72941777,-774083276,15396
10612049,72715325,-772016646,15384
9522150,72262223,-769039522,14044
8714609,70940832,-766695287,15036
7466390,69514111,-764859588,14236
6855889,67939843,-763751236,15180
5430202,65854657,-762007022,15372
2598005,62988510,-760571590,13632
669072,59371956,-759821705,15532
1200129,58195520,-759894366,14704
3214931,60842367,-760057390,16092
6176164,63328116,-759833189,7672
11448443,70591577,-761052256,17176
13072726,75312826,-761269911,16660
11954425,75150736,-760465603,15588
12859835,76404330,-760033831,12552
15124098,79612061,-759691099,12488
16657517,82416165,-759496681,15560
18640621,82452301,-759778347,14564
19492335,82115638,-760018644,14464
#!,zero-counter: 14
20113775,81407953,-759906020,14728
#!,zero-counter: 169
19827064,79483379,-762093221,14996
19615782,80670630,-761344324,15048
19329024,82059444,-760497171,15792
19038986,82977046,-759507511,17536
19735332,83157255,-757446231,18732
21534933,83224367,-753891929,18064
23696337,82662439,-749375743,16076
25498775,81496352,-744668332,14788
26895270,80580296,-740074719,13928
27948404,79809759,-735662986,12840
28594231,78690903,-731996348,11444
29169059,77504318,-729605071,10820
29484076,76461487,-728488133,10416
28961721,75170127,-728279367,10640
27499788,73394095,-728637520,11340
25205560,71361277,-729546266,12080
22017499,69139466,-730924972,12600
18191983,66648761,-732418404,12972
13851814,63985194,-733962706,13428
9026370,60851104,-735644955,13060
4069992,57464823,-737754254,12804
-652461,54224960,-740564833,15232
-740835,50837219,-743208824,16076
-591528,48302487,-744766909,15216
515023,46875615,-745423687,15176
1214821,46209241,-745638659,14648
#!,zero-counter: 148
-3282763,47631271,-750895876,14892
-2734952,48323446,-750957742,16616
-129292,50007308,-752056182,13412
3959100,54218741,-752838046,6040
6870639,57727977,-753589164,14072
8489457,59213567,-754047698,15092
10944596,62131264,-755737127,10204
13090938,66481639,-757053196,17656
13632201,68268067,-757414137,12364
14648114,70376849,-757766242,14300
16432269,72713592,-758732390,12860
18035146,74773905,-759006133,14836
18902147,76139272,-758989178,15228
20371898,77755562,-759162782,15052
21717457,79209403,-759691560,15264
22947491,80300211,-760170441,14768
24158963,81294484,-760414105,14168
25080408,81911784,-760666206,14796
25964969,81948293,-760853018,14564
26973702,81959308,-761270960,14364
25266911,79876318,-760880903,15288
22922234,77959038,-758921496,16540
22338369,77231327,-758019201,14400
20462647,75803251,-756258216,14824
17676469,73587155,-753022071,14200
14926713,73054280,-750376778,17332
13269906,71935531,-748241871,14724
12474717,71395412,-746934653,14160
12245482,71938887,-746537690,14444
11611468,72380525,-746284730,14684
10982678,72929547,-745852060,13968
11778919,75201192,-744171314,7308
13346692,78948993,-742316350,11364
13893043,81926589,-741971597,17468
15760671,84621830,-741979755,15772
18132656,87475128,-743028739,15348
20305616,89888742,-744024471,14864
22022304,89858013,-745134920,13656
23570066,89611005,-746450027,14640
25177477,89026130,-748136517,13556
26802123,88533834,-750493776,13200
27663555,88366080,-753147594,14228
27903141,88233822,-754607893,14076
27873487,88226815,-755519979,14752
27702559,88107820,-756133872,15488
27272140,87463087,-756805546,14796
26966549,86792778,-756927765,13724
26611858,86177460,-756534763,13968
#!,zero-counter: 65
24878408,84956940,-755307416,14772
24885909,86234825,-754662536,14808
25005199,87604053,-753731659,16012
25734716,88886657,-751742204,17872
27241687,89611386,-748867536,17888
29385053,89962988,-745756468,16148
31833118,90121664,-742264467,14052
33992117,90492627,-738482413,13380
35461056,91080996,-734342665,12904
35538164,91920863,-729759434,11844
34129844,93253347,-724701464,11340
31336575,94885272,-719521673,10560
27746242,96247563,-714943800,10936
24459372,97275931,-711921749,11180
22020682,98379988,-710546229,12092
20201987,99339607,-710357243,12160
18393759,99556518,-711290613,11780
16198370,98879854,-713291372,11180
13282955,97423573,-716462530,10452
9418042,95407327,-720706845,10600
4633293,93044723,-725551659,11840
4365898,88844250,-729355311,21752
4764863,85850319,-731571312,13640
6586126,84069416,-733014214,13984
8180071,83098794,-733942253,14496
9039522,82464000,-734365409,14196
#!,zero-counter: 55
10695300,79032966,-739799951,14292
8805659,77111572,-739162949,13344
8417625,76723965,-738456971,14368
7654390,76543543,-738367175,14612
8102880,77048295,-739252166,16400
8521207,78072929,-739736768,15232
10635408,79924303,-741307937,13408
13642634,83497930,-744695210,15660
15152057,85005381,-745273329,11820
16183904,86071768,-745422786,13700
18228827,87701950,-746391741,12564
18795526,88269689,-747094484,13340
19496211,88718835,-747250778,12864
19612585,89524254,-747118474,14216
18986188,90623541,-747130227,14496
18905766,91956710,-746560535,13824
18653267,94047775,-745309254,15652
17992966,95261293,-744725493,14588
17528544,96367410,-743952776,13796
17198872,97820938,-742572540,13172
16930387,100641252,-740161261,12560
16491835,101752957,-739106865,14616
17205096,102997261,-738620813,14276
16476480,103466638,-737454513,13300
15866981,103015978,-736448756,15996
16332170,103042763,-737045388,14272
16081198,102751293,-735485649,12716
14174646,102633569,-732919458,15068
15019817,102444281,-733277246,14088
#!,zero-counter: 51
17649230,101847630,-736995014,14292
17430974,102785190,-736553138,14148
17584357,103976210,-735747320,17388
19033933,105452605,-733490229,19140
21572790,106549897,-729503016,17396
24235768,107196055,-725085418,14020
26449394,107611152,-721059034,11956
27958584,107874356,-717337662,11104
28249816,108048102,-713948547,10916
27260901,108409635,-710973588,10716
25624664,109088498,-708411564,10204
23439349,110000286,-706506739,10164
20737831,110978847,-705395235,10868
18110029,111827345,-705008357,11936
15670838,112458208,-705255642,12612
13329457,112652313,-706138324,12960
11149404,112405096,-707356990,12700
8919642,111837009,-708987883,12328
6396937,110907777,-711127348,11640
3175313,109522195,-713965095,10768
-828988,107723550,-717501918,32767
-3914078,106322117,-720627370,17164
-3413390,104830840,-722148849,14484
-1463481,103286304,-723439888,13624
292602,102354403,-724042918,13420
#!,zero-counter: 35
859454,100812040,-728288187,16208
7930,98795767,-728304469,13072
1029682,96288977,-729467207,14712
3138776,97552814,-731480644,13996
5038215,99323664,-733477840,11716
6890665,101029809,-734834739,13372
7620169,102450954,-735664477,14380
8304650,103073867,-735850065,13260
8958355,104797265,-735989102,13308
9640817,107149995,-735809441,12216
9819101,109172728,-735590677,12692
9657285,111712372,-735160466,13244
9512914,114264065,-734405126,16496
8543659,116086473,-733671673,16940
8325596,117227588,-733497996,14148
7630209,118812572,-732405513,12088
3976663,118181656,-729309193,12392
-2513674,115654993,-725722673,15384
-9231398,113474073,-722666946,14208
-15439993,110876348,-719567574,18240
-23419916,108885596,-716208061,13592
-29496004,105468615,-713147240,12684
-32980180,102709099,-711083088,12004
-35165917,101166280,-710374060,13252
-33337052,99212558,-711452890,13904
-29583728,98531043,-712397466,14192
-22035927,100110449,-715077075,14728
-14130227,103256445,-718539679,19944
-7623175,106652150,-721396047,16168
-2106405,109594258,-724421671,15720
2466479,112935062,-726324592,14708
6222347,115918265,-727509227,13192
9476040,119264702,-728936016,11236
11110091,122076563,-729426009,13540
11624212,124159692,-729446533,14100
11537886,124881365,-729066360,13924
12107905,125950517,-728935077,13400
12903131,126745876,-729033066,13560
13603712,126968906,-729293462,13344
#!,zero-counter: 50
13950244,124704779,-729099695,15820
13357662,123809536,-725990137,17176
13762199,123118567,-721887416,15816
15154574,122903090,-718065671,14328
16628770,122972846,-714726470,12864
17932268,123016920,-711482335,11884
18633721,122920860,-708758041,10872
18648978,122591105,-706861851,9716
18015877,122451159,-705898641,9084
16941349,122641546,-705985842,9640
15589180,123039009,-706950580,10720
14164769,123251041,-708576682,11528
12501796,123180811,-710780630,12016
10736619,122827351,-713486785,12116
8415498,122187177,-716650698,11032
4990420,121077517,-720463673,10376
-8749996,119336409,-723715991,32767
-8469037,117211282,-724984472,13368
-7530872,116067681,-725909085,12948
#!,zero-counter: 36
-7908887,117350568,-728690135,13192
-8651188,118308879,-728034921,14004
-11178717,120149850,-725959323,13464
-13696630,121010665,-723483988,14252
-14874586,121813329,-723000085,14624
-15987767,122737043,-722333712,12536
-18686526,122830443,-720038680,12664
-23062751,123379049,-717231267,13512
-25912198,122495316,-715544859,12780
-27224137,121861963,-715007900,13716
-27592061,121188103,-714806452,13868
-27048009,119912924,-714852551,13896
-25929394,119241456,-715054707,13412
-24933870,118222138,-715104124,13988
-24023852,116834957,-715484903,15008
-22495674,114936665,-716921640,16624
-20966674,113780044,-718561693,13476
-18854278,113422256,-719898558,13360
-16702082,113682682,-720979766,10728
-13650744,114583522,-723062422,12200
-10895865,116774607,-725199578,11236
-8751393,118157070,-726249456,13416
-6723430,120459729,-727316892,14996
-6177042,126553630,-728152385,13484
-8205582,128739774,-726322546,17820
-9642939,129771003,-725362425,14868
-10816374,130712005,-724650401,10456
-13016442,131310614,-722307384,16604
-14389108,132107636,-721379747,15552
-17169068,133789780,-719447168,12336
-20890773,134054053,-716725395,14420
-23018324,133189704,-715418053,11896
-23742655,132583496,-714892871,13048
-24028942,132087583,-714627324,13768
#!,zero-counter: 40
-17112797,131191726,-718849255,13504
-17154886,132173090,-718640371,13328
-17294233,133091716,-718490393,13552
-16753583,131069363,-717141876,18232
-15013601,128301096,-715499628,18416
-12301594,124434813,-713250298,16836
-8580810,119869373,-710914411,15044
-3798017,114896485,-709099925,13892
1751398,110497124,-707368858,11952
7617731,106315564,-706723555,9628
13223685,102770064,-707683550,10044
18930148,100412961,-709526127,9256
23366709,99004298,-711898637,10068
26287997,97634276,-714408133,11676
28375647,95949072,-716840592,11812
30882700,93900743,-719528503,11704
35014420,91987248,-723325956,10456
41007797,91112366,-728642466,9784
47581088,92133092,-735205639,12316
54559262,94906268,-742283623,7508
59646961,97716253,-749021030,8344
61833096,100187652,-754464324,9208
61894025,101751401,-758804809,10124
60504808,101546091,-762672976,11048
57935521,100369265,-766415113,11592
54932538,98431197,-770204103,13756
52058134,95550530,-774153745,15676
49583375,92699377,-778536194,19468
47525818,90839968,-782680695,23276
46457869,89907570,-785757889,20892
46126102,89479461,-787096243,18304
45201762,87284734,-785488000,13168
43561668,85593984,-784331179,13224
41381558,83988977,-783340971,13288
39440375,82573289,-782588125,12148
37839072,81737348,-781833940,11928
36139075,81457986,-781103211,12976
34306918,81217791,-780601008,13556
32345367,81019765,-780171461,14080
30291732,80860909,-779609580,14708
28236403,80599296,-778844625,15160
26177788,79830102,-777947841,15040
24229743,78576876,-777076617,14824
22530393,77169291,-776332214,14024
21222579,75771068,-775892943,13396
20119405,74613688,-776086600,13292
19064216,73643743,-777027857,12856
17721539,72659656,-778725179,12236
15724711,71446011,-781026405,11724
12707009,69808995,-784021624,11568
8770300,67601377,-787634576,14972
6942398,64807379,-790154395,14252
5952145,61752067,-791639921,15812
6556885,59941617,-792862171,15016
7446304,58503628,-793421970,14868
8143856,57606426,-793608897,14780
7756410,56544087,-793132881,14568
6999618,56291469,-793141309,15116
4557184,56205816,-792908676,14896
#!,zero-counter: 68
298549,53904569,-778706733,15512
-1716640,52391774,-777814324,14964
-4877674,49253730,-776872823,18120
-8219719,45942328,-776987828,15132
-10937516,41878667,-777288636,14104
-11400977,40391698,-777317624,14080
-10878098,39698788,-778412161,14932
-8953365,41256196,-780284161,18340
-6318597,42034118,-780821372,10884
-3364418,43874790,-781832769,15376
-2012615,44093801,-781309947,15120
-38112,44348347,-780782053,14596
2512492,46288121,-780507151,15592
5847021,49078013,-780246308,14752
7691536,51975238,-779669120,10780
9264006,55594994,-778538925,14596
9811387,58832731,-777186964,14072
9133883,61180304,-776261398,15576
9035134,63815151,-774941580,16632
9917726,67518785,-774389648,17676
10963205,70607777,-774449012,16764
12540558,74090814,-775593134,17060
13586807,76011136,-776763598,16796
13380368,77298839,-778261750,17016
13914611,78390062,-780306451,13820
14707308,79508704,-782131627,15340
16799101,79314546,-782318061,15484
17442461,78562096,-782004423,17256
15652459,75479535,-781545369,15220
13934810,71528967,-780507139,14120
12605328,68975617,-779683700,13772
11512388,67330617,-779564790,13228
10785858,66694293,-779645628,14616
9704864,66294900,-779861041,15244
10289263,66841529,-778912090,15772
11921543,68414056,-777525216,10396
13915819,71134910,-775735455,12268
14494035,73821532,-774291486,18748
14982428,74878736,-773534017,15480
15448034,76073792,-772658623,14476
15172584,77484523,-769444244,7736
15308347,77815659,-767071014,15928
15078827,78217006,-767696575,15364
15342379,80011755,-766087075,13960
15433419,81107670,-765074092,16056
15821824,81938207,-764893120,14956
16511993,82584267,-764320332,14620
17035766,83050525,-763842353,14512
16958718,82971218,-762593804,14076
16027244,82594983,-760871828,15492
#!,zero-counter: 79
13029972,81791303,-762551475,14768
12764916,82539835,-761989281,14860
12446324,83193683,-761479748,15072
12138638,83687495,-760829539,14668
11947818,84030072,-760109454,14940
11937208,84641201,-759046380,15364
12028992,85502948,-757500833,15820
12150339,86359307,-755419944,16360
12490016,87313906,-752577796,16052
12946147,88320176,-748985469,15236
13470363,89505679,-744954407,14584
14169716,90905514,-740893551,13628
14843689,92437289,-737179795,12272
15673691,93761949,-734344161,11188
16215965,94696796,-733063641,10848
15091713,95023679,-733758323,11352
13557223,94507639,-734997468,11076
11419179,93665884,-736974062,11092
8678224,92659142,-739584134,11928
5404444,91428067,-742639894,13540
4437494,89825115,-745289189,32767
4863656,87943645,-746569001,14788
6901372,87049389,-747185001,14116
8734912,87089381,-747458653,14524
9775508,87143480,-747424083,14244
#!,zero-counter: 39
9778232,83701173,-752142248,15164
8062348,82179535,-752236950,15768
6247485,79796967,-752092903,14704
6096093,79122382,-753654254,16208
7767541,80353246,-756740693,12488
9302366,82452491,-758623921,12504
10699877,83691586,-759312471,12460
11589776,84724617,-760070872,12388
12629866,85647318,-760586340,13412
13129653,86911899,-760848175,15924
13223798,89485266,-760024798,14612
13112585,91258682,-759179481,12536
12532994,93341065,-757970585,16128
11799599,94065615,-757766530,15184
11738556,94837820,-757313140,14264
11356780,95042768,-756079526,14604
9229823,94136219,-753710246,11604
7274672,91788889,-751324984,13904
6381843,90792878,-749936491,14404
6721801,90841656,-749565790,13676
6834799,91110637,-748626268,12028
7305122,91803665,-747637475,15720
8157384,93935693,-746617892,11252
11075537,99136426,-745193242,14820
13720007,104924396,-745295815,16540
14412999,108064497,-745434145,15700
17173480,111564192,-746096701,21800
19469004,115212908,-746897096,17464
21788002,117158371,-747072501,7728
26022322,120808627,-748845196,7928
28306941,123351644,-750739361,14640
29074311,124404298,-751549105,15832
29646894,125276141,-752429532,15324
30141656,125839632,-754027785,13964
30557788,124922039,-755962600,14764
30684005,123004081,-758615964,14796
30976082,120773872,-760296419,16080
31059548,118529556,-761198030,14388
30498192,116074672,-762124643,14612
29996868,113133172,-762547628,12852
29862671,110607536,-762222829,13576
30102625,109465435,-761931384,13456
27115320,108668960,-761413863,14416
#!,zero-counter: 58
27304691,111456321,-759199769,16544
27339435,110687786,-756703318,17776
27756745,109248444,-752831693,17012
29090661,108175837,-748947221,14748
30679261,107802344,-745239634,13388
31923271,107703426,-741576642,13368
32818914,107631332,-737944625,13096
33173847,107658231,-734570944,12592
32839970,107156782,-731664619,12248
31142339,106355084,-728894070,12768
28176715,104589955,-726106521,12488
24388865,101944557,-723422380,13040
20311283,98674071,-721159312,12512
16584053,95050217,-719707400,12212
12623014,92018313,-719190350,11860
9544871,89170800,-719660873,11644
6578800,87059006,-721026167,11636
3372641,85134802,-723071132,11740
-590170,82677953,-725606642,11960
-5517143,79643415,-728514279,12540
-9833800,76673728,-731354388,32767
-10679459,75092896,-733329369,15912
-9950794,73194188,-734511786,14472
#!,zero-counter: 74
-9255001,76974278,-742622357,10024
-8361082,79810488,-743799547,17256
-7752644,81016136,-744107111,12260
-7147631,83337448,-744388997,16236
-3776366,86704458,-745492150,15660
-1753580,89514161,-746824435,14948
-1855415,90672656,-747094147,14804
-2208879,91250170,-746772726,14744
-1122733,92485087,-746914503,12128
1969391,96002769,-748420488,13708
3492018,99594177,-749831836,9608
3812353,101555294,-750148646,12224
4584847,103989040,-750622512,13556
5474165,106738441,-751726343,11208
5272796,108157938,-752345680,13824
6276709,106474238,-752376206,14484
4422380,105363572,-750611850,15480
3611423,104494101,-748857268,13088
2883914,103694214,-747249377,14400
1157782,103025773,-745576327,14580
775421,102257836,-744422500,13012
-48829,101602507,-743514532,13212
-1532433,101451191,-743656328,14116
-2777029,101717565,-743230637,13728
-3307810,102725270,-742636093,11992
-2972326,104315216,-742197187,13568
-900645,108241111,-742954846,10600
-632839,111178419,-743858498,12836
811302,112462922,-743780818,13380
1758270,113886652,-744029298,14360
3005042,114640777,-744248141,14144
3692891,114945048,-744417415,13664
#!,zero-counter: 43
5979273,115273342,-745926086,14124
5628701,116311591,-745474924,14336
5392667,117539445,-744902666,15440
5757944,118878121,-743543075,18080
6870002,119892071,-740383729,17772
8270813,120668401,-736021095,16000
9863532,121200157,-731431026,14320
11315061,121693685,-726874771,12984
12218147,122009557,-722512318,12068
12637353,121798226,-718835043,9820
12723152,121321049,-716549381,9512
12568533,120856295,-715987148,8524
11419695,120407784,-716832020,8844
9251938,119718233,-718616244,9608
6044613,118503525,-721130399,10308
2089705,116739751,-724322767,11008
-2306021,114448349,-728213191,11400
-7419359,111569935,-732521488,13212
-6890589,108285468,-734948927,15056
-6038352,105582745,-736773253,14048
-3834186,104390960,-737717942,13772
-2453793,103593377,-738121786,13948
#!,zero-counter: 45
-3462942,106535953,-738882349,13048
1292794,111202239,-741349947,12304
3814402,115446083,-743548464,20572
4359829,116989848,-744366140,15072
4327108,118055678,-744512722,15732
4921282,119726867,-744750088,14940
5686574,120708560,-744840778,13496
5714622,121548942,-744736610,14120
6636840,122419577,-744859385,13704
6321890,125251330,-743656168,11272
3661321,125482811,-740737415,13268
842470,124866376,-738173258,16376
-1564241,124641821,-736605477,15044
-4062023,123240687,-735092823,13504
-7240206,121436354,-733289780,14028
-9450029,119930564,-732194993,14372
-10017180,118206877,-731553704,13456
-9745121,117159457,-731392775,13908
-9523086,115726799,-731320234,13740
-8629313,114707558,-731576901,13708
-8364109,113100475,-731974931,16304
-8829318,109747728,-732126393,14612
-8855207,106239343,-732155922,15036
-9005889,101666279,-732540489,12476
-9035635,98561920,-732607538,14020
-8264804,96779901,-732855519,11636
-8321604,95945309,-733100809,13664
-9076697,94805683,-733684085,13820
#!,zero-counter: 157
-9245511,95514153,-738908986,14232
-9649956,96201655,-738296873,14320
-9260741,98198118,-736823776,19252
-6927705,102144152,-733305041,20712
-3935111,106345206,-727965276,17952
-602731,110196422,-721742768,14268
2734907,113492936,-716181329,10972
5500270,116586949,-711620979,9348
7497238,119823815,-708054980,9176
8365109,122777012,-705536860,8904
8422956,125253952,-704042477,9648
7428933,127796757,-703190906,9820
5835721,130208434,-702844874,10348
3615992,132532033,-703194120,10152
1472399,134752454,-703998107,10628
-470188,136785418,-705272959,11848
-2541408,137887444,-707291208,11284
-4826908,138231245,-709770933,11544
-7644948,137881264,-712678417,12388
-11183575,136704730,-715981126,13516
-15175654,134757830,-719168129,14024
-19103884,132521277,-722016978,14004
-22945489,130112647,-724943738,13256
-26431887,127566451,-728095921,13152
-25082878,124958770,-730040494,13696
-23558748,122990558,-731426588,13712
-21281229,121786840,-732013017,13668
#!,zero-counter: 48
-21747845,120386346,-734312395,12684
-19646565,122139895,-735098806,14724
-18871208,123698744,-735583091,12492
-17151074,124770446,-736494586,8660
-15173100,127579634,-737391977,13064
-11244212,131264464,-739728992,10476
-8579181,134167495,-741387483,14224
-6032555,137669059,-742973492,16132
-4381148,140345189,-744080907,10776
-4301699,141433487,-743965865,15772
-3807982,141352626,-743346638,14416
-2546099,141945242,-743188519,14540
-850847,141787702,-744720907,14432
764743,141557685,-746438310,12448
2058373,140983527,-746723935,12256
1673678,138215672,-746918557,13316
-1283870,138296071,-745109482,12396
-4602672,136769756,-742094890,13372
-9605830,137262762,-738693186,15840
-15045523,137176502,-735461958,12744
-17507645,136410888,-733100919,13772
-19279972,137060456,-731975308,14672
-20134455,137391293,-731292775,14236
-20389418,137899595,-731006527,13572
-22258012,137638193,-729524052,13144
-23229647,136726665,-728834525,14192
-23910636,136336582,-728644259,13360
-24098532,135472375,-728483537,13592
-24106782,134283519,-728248665,14380
-23909467,132629036,-727955068,12856
-23197495,131365354,-727723325,14172
-25016759,129584711,-727338796,13464
-25889742,126762882,-726636320,12876
-26123082,124724399,-726546207,13988
-25603965,123754649,-726511938,12864
-25926122,122735633,-726720741,12928
#!,zero-counter: 129
-20887569,116761115,-732142707,13704
-21398691,117185930,-731772728,13568
-21645236,117912135,-731391553,13824
-21263498,119053990,-731052553,14096
-20899280,120232891,-730450562,14560
-20772121,120751630,-729180935,14460
-20708380,121049486,-727545558,13964
-20972026,122103619,-725766038,13476
-21239746,123779603,-723652295,14280
-22132200,126649073,-720582699,14292
-24015698,130634210,-716092302,14828
-27606372,135180112,-710319261,14116
-33506824,140270952,-703059037,13216
-41327457,145390280,-694671863,11236
-50563854,150084877,-685895461,9940
-59539395,153840319,-677732351,9424
-67545561,157375179,-671259673,9684
-72754830,160118476,-667526595,9280
-74917761,161731432,-666367371,9728
-77471943,164419632,-665742627,10556
-80647215,166747966,-665474424,10840
-83860544,168571852,-665469295,10136
-87669465,170673958,-665561318,11036
-93314304,173420328,-665513179,13260
-100406750,175992315,-665338887,2764
-108183296,177943402,-665287663,13308
-112644814,174622880,-667021625,11720
-118452810,173071319,-669421632,13228
-122029867,171573750,-673374503,18088
-125176839,169973237,-678876090,16104
-128322116,168225213,-683481232,13140
-125577690,164321435,-685172029,12704
-121711444,160667281,-687716822,13148
#!,zero-counter: 78
-101171895,155472362,-703178597,10544
-95569267,156234196,-704736846,12728
-90899919,156938646,-706309552,13272
-86206774,157914856,-708102658,14316
-81262887,157855374,-709467058,8268
-79412267,158379605,-710008760,14712
-76077097,158355098,-711054646,12388
-72821249,158770498,-712463394,14052
-69523345,158556934,-713521986,11688
-66341421,158992586,-714535666,13944
-64451534,159586743,-715368195,11968
-64231258,160425862,-715314718,12160
-64105782,161009022,-716129934,12540
-66233841,161410807,-716086348,11356
-71490105,161622985,-714362298,9900
-78394188,162490707,-711447278,11716
-85259503,163632312,-708944386,13708
-91453341,165349786,-706458406,12984
-96988320,168137149,-704268878,13332
-99912082,169154494,-703029841,12264
-102577266,170591410,-702371481,14924
-103911629,171341347,-702208105,14120
-103936447,171873063,-701535729,12928
-103276526,172079792,-701275706,13172
-100999563,171877870,-701793716,12836
-97990620,171395208,-703138640,13892
-93513617,170192171,-705478140,12656
-90043417,170354299,-707224098,11648
-88860667,170992917,-707443297,11236
-89034660,171352192,-706893050,11944
-89375017,172319342,-706648125,12216
-89829650,174251742,-706121140,11236
-90912919,177064115,-705352166,11972
-93147989,179511652,-704302669,12440
-94981551,182649509,-702400390,16196
-97565326,185426042,-700820333,14224
-98539033,186425045,-700772545,14932
-99146776,187473728,-700972395,13808
-97103524,188932765,-700121167,12920
-95447039,188908912,-699700573,12160
-93925199,189484590,-699306549,13588
-92056516,189144258,-699898484,12660
-91063514,188761728,-700349867,12540
#!,zero-counter: 59
-78181660,185520928,-705807204,14484
-75547280,185789551,-705443660,14568
-72623474,185726864,-704206887,14408
-69427992,185241402,-702323927,14444
-65573077,184065982,-700544469,14200
-60679615,182415024,-698610810,13956
-55095510,180440639,-696646906,13944
-49254977,177983421,-694879401,13688
-43036077,174701702,-693983396,12128
-35781843,170262335,-694236955,10800
-28610041,165283604,-695849949,10900
-21716986,159418033,-699067065,10780
-16474675,153786656,-703116520,11056
-12965706,148925730,-707299196,12476
-10298855,145062151,-710911617,10856
-7649639,142100706,-713989558,10904
-3809170,139647733,-717455417,11568
2710103,137454642,-722044481,10816
12832993,136006531,-727996183,8740
25113987,135925434,-735208145,10412
36803909,137432680,-743266190,12396
46156526,139656450,-752063126,11572
53256546,141549255,-761281804,10296
57984956,142778287,-770158741,9700
60535391,143337297,-778130344,10344
61789818,143351470,-784777282,11764
62667443,142438359,-790216973,11456
63702707,141549120,-795061882,12276
66372507,141653127,-800147318,13164
70118222,142980980,-805346069,13444
74105857,144462010,-810228300,12968
77393610,145047384,-814693901,12264
79336095,144650113,-818587018,14328
80585695,142795022,-822347808,15504
81391690,139855926,-825938778,17536
81391353,135683949,-829373440,17692
79683900,131587171,-832821129,15776
77181790,128694280,-836185809,14536
75217969,127098106,-839238229,13720
73603600,126685882,-841731387,13180
72100854,126481734,-843742670,13084
69577417,125838312,-844917134,12356
65957271,124360993,-845378260,12336
61803218,122480638,-845328119,13568
57437784,120297401,-845167355,14496
53338072,118288468,-845732853,15628
49757371,116721789,-848042440,16088
46128235,115826712,-851026705,17412
42327237,115241161,-853435836,17640
38995936,114863835,-855546439,16536
35950767,114551112,-857255701,14476
33221040,113866493,-858551120,12652
30780430,112903997,-859166375,23860
28796984,111312966,-858949217,15072
26806689,108968304,-858241769,14800
24620807,106299312,-857897970,15456
24174952,103234324,-858803827,15652
23439679,100949501,-859404443,15556
23053098,98789274,-860447462,15284
22670358,96832146,-860831807,15112
23138947,93840719,-857466308,15316
21927119,91879650,-855553189,15320
21365295,91107115,-855371297,15312
20878086,90645981,-855223677,15396
21502176,91215390,-854397076,15600
22195313,91692108,-853874370,15324
22816712,92122267,-853304848,15276
#!,zero-counter: 42
24517082,100958949,-829844505,15256
24543263,99995574,-828811089,15880
22379410,97890289,-825551032,16096
20616270,94956719,-822061690,13200
20002397,92344065,-819638700,16248
17236414,88490548,-816234008,14980
15482268,84775732,-812172371,15996
15219206,83045057,-810296361,13364
14685665,81563270,-808129584,15496
14421141,80494143,-806666731,15776
12711547,78955893,-804392769,11380
10597083,75873222,-800973415,10496
6823934,72344579,-797855412,19732
5566990,70778091,-796761110,12436
6307432,70891999,-797353507,14796
7361936,74134569,-798771169,20964
9586874,76022012,-800432100,18048
11643705,79369570,-802668150,19296
14309417,83030466,-804976529,14716
14983728,86272138,-806039287,18632
15997785,88598246,-807020335,14392
16711628,91721898,-807507935,21376
16562813,93570957,-807514704,15364
17189719,95183830,-807611313,17624
16929788,95925774,-807036466,15912
17423368,96950307,-806515892,15020
18149420,98164100,-806165608,15040
19041980,99337004,-805842430,15128
20842523,101228310,-805328614,13840
24298733,105819953,-804183205,11872
24949602,108128345,-803873220,17048
25710018,109655608,-803201010,14600
26657462,111084298,-802511087,15272
27109992,111798010,-802018382,14780
#!,zero-counter: 81
24255898,112485788,-793795203,15396
24188686,113771863,-792718255,17332
24955997,115029507,-790348139,20056
27366933,116558617,-786942192,19196
30709839,118179951,-783160714,17212
34254675,119798776,-778994538,14700
37586223,121420782,-774843768,13088
40344041,122654419,-771161572,11644
42140447,123404952,-768133614,10696
42890182,123848064,-765581636,10988
42631312,123794886,-763472475,10904
41622447,123352928,-762136690,10832
40214576,122611938,-762008691,11816
38473334,121748867,-762898972,12708
36283741,120611894,-764378175,12752
33344751,118805351,-766180799,12576
29532954,116196970,-768217389,11740
24516101,112662985,-770837095,10672
18060312,108194342,-774151681,32767
12036680,103602918,-778317866,16824
10597151,100381424,-780740915,15560
11626681,97644302,-781791053,14988
#!,zero-counter: 49
11844063,101112278,-781383185,14772
12272484,101942980,-781554552,13448
13652570,104872387,-782569977,18804
14760577,107095300,-783416889,14344
14192103,108701151,-783633897,16592
16737290,112682274,-784934153,8580
18558611,116161034,-787321886,12840
17798066,116761864,-787552756,17132
18214474,116664113,-787411299,14888
20213747,115732257,-788153746,15388
20129479,114408757,-787844100,15756
19179320,112335253,-786205227,14744
17893069,109978436,-783840198,17000
16735103,107271020,-781653364,18280
14716702,104734716,-779298087,16880
13135977,102656661,-776059391,9272
12597809,102022870,-775262694,13320
11717282,102565399,-775684903,15020
10367025,102919467,-775371656,14744
10053043,104446202,-774688020,11260
11073836,108604099,-773958002,18108
12751607,112142893,-774793715,15320
15655105,116321792,-777212429,8296
17663086,120787739,-779578525,12964
17982113,121906943,-779705710,17404
18647709,122766802,-779897329,14880
19914552,123280619,-779884270,14608
20991204,123430203,-780199892,14352
22028063,122981987,-780807656,14596
22908819,122077895,-781204108,14792
23505830,120910112,-781190283,14888
22947458,119600383,-779894030,15196
23459389,119371697,-779271664,14412
22532877,118683546,-776803348,15760
19318615,118013266,-772350470,11316
18558620,117285491,-770031311,15080
17628664,117571539,-768794939,16320
14003082,117479265,-765256273,14064
13342158,116761120,-763764838,14944
12888972,117388067,-764148353,14432
12557699,117281226,-763782895,14140
11919491,117804047,-763685025,13660
12001153,118730055,-763703104,12960
13704844,120860342,-764583733,19744
15421551,123705514,-765788649,16112
16596331,125480270,-767588267,15308
21116129,129621139,-771042733,12652
22972642,131770533,-772906624,14324
#!,zero-counter: 73
23354360,131218661,-774602833,15012
22352677,131107882,-772759920,17388
23449848,132245722,-769948328,21108
26744035,134511891,-765814721,20044
30622389,136464496,-760618023,17584
34889619,138292087,-754896933,14684
39240883,140211439,-749441661,12156
42566380,141693160,-744872067,10424
44530809,142539700,-741298988,9772
45676624,143193531,-738585615,9860
46127688,143667729,-736824883,10340
45892634,143775259,-735858282,10340
45085438,143333094,-735568755,10348
43624367,142623077,-735886153,11076
41740819,141704111,-736767616,11764
39553978,140411122,-738085381,12052
36854372,138774457,-739724975,11900
33663066,136748063,-741687155,12072
29713382,134258804,-743985415,11600
24917420,131211745,-746932676,10740
19383986,127747110,-750766850,10728
12986073,123946159,-755425916,32767
9055551,121483710,-759833470,19472
9176218,118498274,-761523418,14428
10694502,116179424,-762899747,14412
#!,zero-counter: 52
9903158,117299742,-765908644,14256
10686866,118774701,-766160595,15356
10367952,120043343,-766309130,14848
12421613,121846723,-766692294,9224
15828679,126674333,-769792692,18400
14253467,127583541,-770024981,15096
13347129,126614690,-769514856,14576
15517970,128131238,-769914870,11512
19052944,131721598,-771811551,16372
19317048,134552638,-773612433,16784
18122069,134160961,-773375289,15432
19103602,134748299,-773065208,14424
20395071,135316581,-773036871,14012
20379289,134056031,-773327034,15236
18791143,131808624,-772265705,15456
16189812,127986660,-770199886,15532
14215123,124628213,-768808969,16976
15437339,124444327,-768884624,14028
12757653,124041342,-766358869,16472
7812584,121104201,-761802106,23296
6095925,118981671,-759096559,14308
6406077,118755445,-758300438,13932
6122029,119425356,-758882231,14068
5109942,119795232,-758944004,14668
4008938,120491712,-758648742,14428
3182265,121369519,-758104667,14000
3018915,122827827,-757725008,13080
2886338,124967826,-757349036,14788
4016317,127698595,-757620577,16336
5519904,131518802,-758774585,9908
7028936,134440984,-760481002,15604
7269696,135590995,-761185114,14652
8303993,136309698,-761646145,11912
9723452,137911654,-762898048,15860
10568409,139111862,-763396430,13972
11600835,140209623,-764023080,14176
#!,zero-counter: 58
14559558,141923851,-766662713,14600
14405785,142716113,-766264927,15352
14616065,143486250,-765591483,16544
15672993,144647482,-764316860,17156
17431553,146075823,-762061206,16944
19562389,147052723,-759045004,16720
21679014,147369700,-755270202,15288
23037355,147325077,-750789667,13992
23865766,146876475,-745942250,12876
23806716,146494458,-741038650,11100
23073973,146097102,-736440573,10388
22122038,145845874,-733005913,9384
20844873,145700755,-731490733,9188
18804340,145433672,-731638960,9436
15888036,144666386,-732925935,9720
11609496,143156454,-735270629,9640
6215431,140957715,-738434526,10388
-53796,138524439,-742284434,11520
-6512784,135849063,-746642842,16656
-7785130,134756183,-748163676,9588
-7734858,132265707,-749671938,16120
-6196549,131764016,-750569664,14208
#!,zero-counter: 28
-4336021,134568758,-752949574,13352
-1309901,137355599,-754924695,11060
767839,139864122,-756970331,16392
1653118,141848565,-758342182,11832
1837119,143214933,-758433789,12056
2954687,144646306,-759374224,12764
3029902,146172457,-759822526,16172
2547919,145806787,-759747266,14732
3517080,147403328,-759974981,13792
4003983,148242088,-759575612,13328
2329776,149078435,-757235974,8808
75327,149098907,-754585984,15232
-1508223,149024247,-753758941,15180
-3186438,148226199,-752680152,13660
-5124945,146164663,-751104389,15932
-7421860,144906503,-749812384,14596
-9461821,142706862,-749260290,15384
-10149218,140240361,-748842758,14188
-8958560,139460643,-749039221,13364
-8380177,138869010,-749488408,13756
-7474093,137847221,-749979448,13996
-6482543,137329198,-750850508,14812
-5060102,137129454,-752393018,14100
-3377501,137526278,-754156851,15404
-1982356,138433862,-755421560,13268
-1704913,139694660,-755543918,12936
-1745440,140839574,-755920132,12828
-1789839,142272531,-756877020,11384
-2184940,143933051,-757217495,14972
-3159855,144446218,-757076282,14964
-3779331,144712051,-757009699,14416
-4567337,145835071,-756259836,13228
-7981361,146788294,-753213620,13284
-11072078,146944040,-750340210,3900
-14682693,147078832,-747608199,16684
-18525751,147254268,-744789700,15320
-22772901,149079437,-741795364,17720
-25329998,149006413,-739231307,14968
-26462702,150079191,-738585564,13744
-26780764,150456195,-737886813,14236
-28115665,150835958,-736785107,14924
-30944193,151337256,-734545149,15128
#!,zero-counter: 110
-28890267,150050586,-744128357,15784
-28781010,150474190,-742148767,18020
-27358100,152390246,-738768835,18176
-24859171,155097273,-734875710,16380
-22140095,157938339,-730731803,13436
-19667059,160317196,-726957444,11232
-18284900,162323847,-723916791,10120
-18172545,163844792,-721678796,9644
-19157420,164839684,-720059655,9732
-21167123,165497206,-719038121,10012
-24255571,165723395,-718359597,10016
-27698834,165354508,-718095009,10736
-31126802,164644460,-718392373,11124
-34492009,163610525,-719705552,11440
-37745741,162384483,-722160511,12148
-40934854,161192280,-725329231,12176
-44286617,159922464,-728734021,13592
-47775352,158496246,-732473060,12940
-48983786,157063738,-734190221,13900
-48776835,155496901,-735031468,14272
-47609723,154727191,-735808509,13848
#!,zero-counter: 86
-44602246,155342606,-742580061,12500
-41839137,157446617,-743799670,14660
-40464665,159645459,-744902979,15604
-37867165,160782821,-746761857,15192
-34607348,164071644,-749012201,17944
-32221112,165981915,-751486430,9296
-29634931,169226193,-753368038,9248
-27467362,172635120,-754780364,11576
-26108147,174716418,-755705282,16688
-26359162,175831330,-755846022,15108
-25920796,175896130,-755200708,14056
-24991590,176328582,-755166915,13996
-22114292,175593159,-756259948,14260
-22193859,174597519,-756098498,14572
-23507786,172774953,-754826887,14532
-25349986,169452386,-752745085,15736
-26677734,165955424,-750862217,18024
-29333360,163326911,-748944645,12192
-31891467,160064418,-746444498,15544
-35760537,157164204,-743716908,12432
-39787507,155292803,-741058538,11744
-41833688,156218912,-740121072,12716
-44471206,157756660,-740134156,13380
-48364410,159473538,-738773899,16048
-52322901,162257002,-736479387,15120
-54881803,163778715,-735333585,14124
-56378528,165761798,-734218840,14348
-56901624,168114336,-732899685,16908
-55750235,170583338,-733298033,8212
-54487266,173520656,-734109040,18016
-54943243,175008379,-734498456,17792
-54680603,175533928,-734672413,13580
-52501113,175854712,-734977004,15784
-49498782,176232169,-736048225,10976
-45858533,175301152,-738389859,15812
-42367130,174274440,-740266191,16664
-39165344,172129765,-742624717,14680
-36259797,169593599,-744818897,13264
-33903504,167196763,-746427797,11696
-32905093,165559248,-747564838,13532
-32705945,165494508,-747444479,13100
-33529058,165833839,-747471775,13488
-34432882,166240703,-747490020,13740
-35352144,166890431,-747366777,13756
-36290168,167729488,-747061171,13972
-37380433,168711939,-746530576,13472
-38369822,169579923,-746125637,14144
-41347254,172070618,-744274249,13608
-42258053,172203060,-743934520,13648
-43107842,172196825,-743588988,14048
#!,zero-counter: 213
-39057982,166849659,-745635329,14072
-37121154,169132578,-745476119,16832
-33900963,171721001,-744568731,19596
-29910429,174596292,-741532888,19828
-24869648,177259460,-737185485,17320
-19002324,179806931,-732793031,14760
-13015382,182250130,-728748639,13368
-7476016,184447557,-724799105,12696
-2668360,186564693,-720850334,12800
1649842,188890137,-716717435,14880
6056693,191557463,-711851670,16096
10549316,194605280,-706067293,16836
15488036,197922915,-699185307,16852
20754551,201499968,-691518939,15596
26380945,204855064,-683547391,13132
31398251,208339162,-675504123,10664
35980057,211735145,-667933069,9084
40224390,215111827,-661498525,8096
44550262,218038016,-656279801,7896
48258578,220985555,-652081754,9604
51414700,224313150,-648385385,11448
54660844,228061068,-644396225,13684
58563920,231638095,-639248625,14612
63204493,234481310,-632941517,13696
68358158,236530712,-625961258,11852
74117478,237287426,-619406350,8812
78776155,237778111,-613346485,4656
82642466,237633224,-608606966,3640
85650125,237470818,-605363449,4072
88168508,237540398,-603971529,4960
90304426,237933233,-604196961,5124
92239580,238217951,-605830295,5724
93094967,238147889,-608549355,6400
92182415,237204244,-612099585,6608
88993495,235480560,-616175708,9832
82979747,234317997,-620667470,10004
76802866,232190675,-626116381,11472
70622919,229392147,-631924246,10812
65494692,225449608,-638152364,9892
61944419,220305550,-644697318,9444
60748322,213608663,-651962404,9196
61660690,205547254,-659772537,7924
63859900,196617285,-667903345,8020
65124021,188504753,-675500328,7528
64356159,182306931,-682120602,7704
62813868,177203717,-688071035,8464
62001917,172099461,-693985548,9600
61871993,166764191,-700419089,11956
61125021,161400040,-707527944,14632
58663872,155678699,-715354291,16304
55316399,149127548,-723469019,17120
52124623,143441651,-730330140,15604
50936990,139649458,-735324089,13044
52135688,138059281,-738374559,10568
54827574,137795714,-740114554,9380
57286023,137340459,-741738394,9280
57727850,135722915,-744083078,9112
56185700,132821404,-747387350,10668
53211710,129048648,-750922791,12648
49232765,124741899,-754484345,14356
43992751,120527682,-757821737,15572
38056483,116591639,-761253995,14848
32194651,113423740,-764894118,14260
27068790,111423020,-768354679,13692
23092088,110761640,-771244958,13536
19941602,111062128,-773412592,14312
17342557,111466354,-775078270,16080
14912970,111546177,-776553531,15848
12365346,110812943,-778279088,15660
9411825,109413755,-780053205,14448
6408560,107586577,-781452074,14988
3725061,105832098,-782152332,14692
2217855,104257086,-782687998,14456
1948486,103020952,-783550661,14620
2371361,102189154,-784964367,14708
2804552,101593389,-786503209,15176
3007410,101003136,-788144191,14796
2973200,100358012,-789816376,14816
2602170,99333863,-791421710,14508
1701648,97777016,-792656070,14376
493558,95796862,-793580256,14388
-807240,93839874,-794361293,14492
-1892436,92097052,-795178556,15248
-2696562,90904157,-796251513,15132
-3406237,90097184,-797346290,14676
-4146710,89350801,-798453909,14544
-5062254,88605926,-799660192,13436
-6235650,87961842,-800914542,13096
-7744829,87231559,-801997613,16392
-9312742,86367674,-802690831,13476
-11041539,85250421,-803321379,15392
-12829339,83782640,-804187050,15344
-15110530,82015921,-805502938,15248
-17608561,80053633,-807195109,15440
-18502049,77603239,-808148971,15316
-19055155,75294936,-808712546,15232
-19258258,73625383,-809271553,15104
-19456852,72132858,-809670347,15364
-19508487,71037855,-809904107,15324
-19315403,70177004,-810009706,15244
-18903044,69476291,-810042761,15216
#!,zero-counter: 70
-20724155,68311663,-784432641,15684
-21499718,67411859,-783925626,13796
#!,zero-counter: 24
-22500505,69297921,-779727463,15688
-22312146,69779269,-780263875,15204
-21930968,70411499,-781115294,15328
-21598112,70995084,-782135658,14412
-20429030,73081537,-783728174,16756
-18252596,75575496,-785859531,15116
-16805837,78163437,-786085140,17912
-14831574,81279915,-786489107,13448
-12489265,85349990,-787814615,17724
-11756682,88389111,-787751928,14072
-11299080,91016373,-786975501,14088
-11668877,93470108,-786132686,16464
-11422155,94422698,-785228179,15148
-11223446,94955575,-784565787,15084
-11865516,94285784,-783528118,15540
-14538302,91404992,-780918198,14368
-17485823,87659549,-778500220,18232
-18307471,85802747,-777495455,13948
-20086152,82263245,-775657726,16832
-21181335,80029674,-773908335,13192
-21668363,77889095,-772228343,16700
-20966778,77551535,-771217145,15088
-20396152,78604838,-770183153,15064
-19295118,79537580,-769810384,13392
-18080284,80946100,-769594507,14400
-15870110,83008580,-769468010,14496
-12561164,86741284,-769762904,14232
-10968418,89416119,-769957030,12976
-10065073,91216134,-769902605,16828
-8545102,93316916,-769858500,13556
-8180780,94427340,-769588223,15688
-7517027,94954147,-769066839,15032
-6442490,96176730,-768596821,14820
-4955946,97823859,-768005959,13668
-3563924,100307776,-767198418,17540
-3167597,101238920,-767216074,15736
#!,zero-counter: 212
-2900787,100526780,-764128011,15356
-2260031,101163173,-763526519,15476
-1504073,101728688,-761984540,16608
-693800,102035462,-759738744,15780
238344,102400831,-757531679,14660
1367704,102919240,-755718333,14676
2392545,103148236,-753853488,14268
2779209,103047955,-751774920,14532
2635812,102401486,-749473277,14044
1952671,101073828,-746931092,14192
169916,99282026,-744093087,13808
-2321342,96875989,-741364001,12368
-4670547,94372270,-739291798,13208
-6704157,92203818,-738025166,13092
-8045932,90223684,-737658531,13380
-9549588,88371390,-737759606,13424
-11499377,86220461,-738146073,13160
-14343629,84148527,-738686095,13532
-17936888,81997239,-739219461,14380
-22338018,79522517,-739597673,14804
-26804070,76415616,-739872200,15508
-29738170,73697551,-740104129,26276
-31693207,71800569,-739880715,14340
-33047841,69770874,-739636105,14816
-35411455,68142715,-740759920,14888
-36207897,68255944,-740872500,14672
-34555022,70493028,-741935286,14516
-28004187,74540352,-745328547,9836
-23151030,80003577,-748545214,14128
-19847608,83852893,-750289486,25344
-16877366,86970776,-752407879,14072
-14770103,88438214,-753802330,7280
-11704935,91477118,-754745449,13516
-8142202,95184426,-756402597,13748
-6728012,99449641,-757823571,20172
-7721461,99660202,-757530634,15544
-7064200,100341170,-757269767,14460
-6090269,101147609,-757464682,14440
-5294061,101295028,-757750302,14500
-4722396,101221350,-758345651,14936
-4731778,100404888,-758251832,14300
-4161480,98763461,-757708304,15008
-5309174,97907292,-756365529,13648
-7048584,95644046,-752585588,14620
-8800137,93612617,-748796691,14188
-11054925,93188143,-745363214,10840
-13391523,94044814,-742920084,14916
-15046451,95169540,-741991242,14904
-15507516,96162562,-742014187,14596
-16036587,97344344,-741503835,13732
-16605659,99176596,-740240561,13216
-16705191,101859590,-739193842,10548
-15461015,105487852,-739572992,19304
-14397255,108262553,-740544561,17696
-13759512,109979742,-741312852,18148
-12759164,112094721,-742418420,16920
-10964698,113342104,-744023212,14220
-9368861,113620600,-745479769,13332
-7969354,112848413,-746641980,12600
-6396219,111162358,-748705368,13080
-4948136,109100286,-750968070,13360
-3506535,107452474,-752418071,14140
#!,zero-counter: 99
-1225070,103895448,-756964505,15804
-1258100,103992560,-755604188,18116
-266985,104174650,-752927785,19452
2457243,105606309,-749027821,17492
5938367,107649334,-744938129,15484
9040210,110069791,-740616800,13760
12137391,112539624,-736276824,13212
14995566,114945590,-732216463,12516
17046191,116979367,-728338950,12272
17959081,118346866,-724315762,11516
17411029,119399492,-719876594,10640
15620530,120273506,-715113108,10812
12830032,120977734,-710605006,10268
10121390,121055352,-707268496,9880
7553492,121424483,-705761903,10332
5367759,122017712,-706038440,11388
3225231,122667250,-707690236,11928
650990,123165056,-709845937,12108
-2374466,123100620,-712237317,13888
-5286932,122831101,-714515286,14644
-7850005,122705744,-716516925,15504
-9985151,122300124,-718074901,14000
-12055646,121369498,-719263577,12972
-14557319,120333902,-720328381,12948
-17388306,119053265,-721694957,11180
-20544374,117272439,-724005176,17740
-24346516,114803345,-727162767,16424
-24766870,113899042,-728415071,14844
-24082200,112288411,-729745263,14576
-22844867,110681245,-730717237,14732
-23871432,109888256,-730270580,14316
-24850978,108521701,-729701147,14928
-25004209,106849803,-729600703,13888
-23912565,105567939,-729825294,14588
-23047136,104476073,-730537752,15476
-22576096,103257270,-730972695,13344
-20567164,102181996,-732631996,16552
-16944724,101938981,-735538058,15460
-13615591,104894872,-739032010,12916
-12196403,107051942,-740513604,15524
-10476190,108860969,-741964930,9680
-9777082,111128531,-743459034,13252
-11015161,112105489,-743435348,14340
-11420138,113375083,-743200706,11272
-12141715,116703432,-743210460,16496
-13613880,118079370,-743039572,15556
-14703327,119696392,-742569872,12376
-15411417,121210819,-741967459,15576
-16102423,122094500,-741918096,14184
-17467144,124198043,-740139983,13960
-19548841,125740237,-737293991,10908
-22151714,126757936,-734618987,15716
-23120117,126801609,-733823418,16924
-23471179,127342676,-733977544,14892
-24157948,128211262,-732952908,13692
-25716067,129540079,-730707167,13272
-26452473,129674833,-729379679,15080
-28562600,130838551,-727702441,15624
-29814506,130538205,-726055113,15688
#!,zero-counter: 98
-22350047,125839608,-735280178,15448
-21315032,126340644,-734066311,15852
-19674671,127091468,-731996206,16168
-18063523,127841523,-729118612,15320
-16871618,128599189,-725697705,13780
-16034564,129375064,-722205426,12616
-15592401,130063964,-719168036,11624
-15711906,130596187,-716932478,10524
-16758619,131278903,-715412972,10132
-17905958,131662710,-714866416,10720
-19383284,132164723,-715097144,11680
-21316060,132596997,-715782026,12132
-23843033,132943555,-716536821,12956
-27019054,133022198,-717247471,12684
-30846790,132454243,-717919138,12796
-35224907,131505955,-718700341,13652
-39948400,130552497,-719647202,31224
-43637184,129589641,-720577529,15096
-45120539,130020845,-720342791,15252
-41890158,128431829,-722419466,13804
-41243044,128097109,-723033059,13868
-39777356,126511332,-724956552,14096
-40877991,124394685,-724715153,14992
-39992262,123648459,-724778642,13072
-37158331,122012308,-728280151,11576
-33210520,123999903,-731651598,18376
-29735060,126570655,-734548391,15768
-28442752,128203108,-735577851,14392
-28039141,129848022,-736316131,16152
-27486027,131503420,-737071605,13436
-28571965,132489610,-737085505,14656
-28808516,134186225,-736863135,9632
-29348982,135774229,-735323786,14088
-31613058,137241250,-733251002,12600
-33705404,137958011,-731423791,15328
-34896411,137962263,-730142099,15404
-36633951,138335083,-728619822,13604
-41414967,137469497,-724938830,9868
-46412230,135916508,-721243788,11492
-52596160,133117752,-718347514,14308
-59210327,130016589,-714831742,9032
-65723312,127218824,-711454404,14348
-69942692,124550164,-709515859,13104
-70295384,123124792,-709125192,11840
-70326863,122293321,-710059494,13812
-66699537,122966027,-711470771,14872
-60884384,124739859,-713903144,15892
-53649092,127312275,-717106622,20184
-46626685,129967219,-720889095,9976
-41342289,133409369,-723991980,10500
-38292722,136385893,-725596724,18132
-36271604,139131605,-726832785,15836
-34673089,141272193,-727213978,12616
-33296193,143068919,-727421250,13716
-31917531,143654978,-727565163,13700
-30992141,143762145,-727964339,13596
#!,zero-counter: 144
-24915161,141186359,-731147288,17288
-24258023,141969484,-728404129,17028
-22861764,141837781,-724662350,15632
-21828669,141366932,-720734841,13256
-21150043,140644943,-717449297,11380
-20987870,140008732,-714808573,10548
-21137932,139618283,-712916104,10028
-21536708,139563623,-711906679,10316
-22102477,139758389,-711881095,10980
-22837981,140048109,-712446880,11492
-23672992,140334669,-713435933,12388
-24578955,140512522,-714678143,12856
-25640895,140448174,-716200618,13052
-26698314,140112121,-718045224,12792
-28148270,139806489,-720297555,11776
-30022928,139286694,-722987616,11792
-32532252,138537324,-725974443,32767
-35467192,138355174,-727652317,14736
-35671680,136970056,-728464582,14092
-35912139,135964687,-729657850,11624
-42445332,138287160,-726550990,12044
-49007724,140385818,-722978804,19664
-54006269,142493235,-721082962,15824
-56542250,144204930,-720310714,10908
-58138389,144926168,-719200372,13956
-60366957,146563489,-718140811,14024
-62729209,148525089,-716809427,15308
-64939137,150053420,-715742203,13772
-69393838,150720397,-713990040,14416
-74775961,149454352,-712133945,14284
-77356622,147928219,-711027053,14560
-75610213,146269688,-711428789,14064
-73288855,144324320,-712526455,13116
-70707204,142178890,-713870644,14360
-66106932,140212392,-715559634,16804
-58932543,140654273,-718963794,13296
-50979007,142807998,-723344814,18396
-47573967,146240748,-725869078,13408
-46610520,148266291,-726699755,9664
-45388932,151095447,-726968331,16412
-43954272,154750222,-727160329,14836
-44587003,157884349,-727256587,13712
-46262004,158858741,-726942366,12068
-45974000,159696420,-726908001,7448
-45433512,160811572,-726649743,19092
-48525277,162660280,-724003885,14300
-56182817,164818429,-719205161,16220
-56551489,165195437,-719293859,14352
-58418197,165394635,-718209187,13288
-60015034,165813554,-717620079,12668
-61877361,165986861,-716529182,14772
-64954068,166019744,-714567471,13448
-68151779,165243407,-712783150,12988
-69470339,164076178,-712224669,13440
#!,zero-counter: 68
-59685771,158162333,-719630630,16352
-57675296,158070173,-719542835,17896
-55186571,158184152,-717689025,17860
-52191939,158031575,-714440959,16448
-48068663,157610675,-711385111,14568
-43102554,156753361,-709069427,12576
-38123125,155295325,-707267225,12244
-33588591,153138360,-705804712,12660
-29734624,150517070,-704457016,13460
-26199767,147460811,-703112404,13580
-23241863,143970950,-702196436,12148
-20573695,140061296,-701889468,12424
-17416546,136012229,-701911348,11128
-13146404,131860144,-702827162,9864
-8618661,127767990,-705140798,9832
-4483336,124064301,-708864136,10172
-641237,120899186,-713387569,10668
3097669,118295458,-718623139,11464
6822839,116417519,-724318259,12236
10908499,115213091,-730256891,12400
15737616,115016302,-736647083,12564
20926507,116168568,-743360265,12112
26503916,118341715,-750083064,11432
32195941,121490885,-756614856,11056
37126909,125175764,-762381102,10732
41056945,128701427,-766992835,10700
43664509,131670505,-770730979,12628
44950979,133604281,-774195861,13488
45415554,134831921,-777927633,13608
45227214,135724056,-781961988,13676
44484650,136197495,-786010274,14256
43699160,136668502,-789586124,13208
43759650,137309934,-792585614,12536
44672071,137911186,-794691455,13212
45728564,138325442,-795669877,17372
46153651,138312704,-796201524,20456
45509963,137555107,-797085882,21004
43394721,135830159,-798188383,16048
40471049,133618948,-798484175,12316
38646934,131739550,-797447115,9504
39240115,128433013,-792724212,7832
36080749,127753103,-793770218,8820
31073187,126538898,-795546304,9600
24219064,124930592,-798057424,11560
16499465,122645636,-801069504,13860
8414481,119535809,-804522153,15276
572027,115509535,-808722484,15016
-7240079,110916864,-813548896,22396
-10311498,106849654,-816202496,13424
-11726174,102981463,-817468708,16744
-11523643,101069951,-818650828,16308
-11480433,99825335,-818816341,15124
-13159492,100301834,-817042978,14840
-14103098,100131676,-817091457,15364
-14604935,99996537,-817176629,15388
-14841145,99885425,-817306356,15388
-15121410,99854041,-817284219,15104
#!,zero-counter: 245
-18901789,105537174,-781996942,15240
-19616782,105166315,-781787046,15224
-22272627,104409030,-781293877,15544
-24710234,102163072,-781356612,14600
-27453124,99100368,-782237201,13240
-28604910,97833181,-781850570,13900
-30086004,96583109,-782069952,16336
-31365835,94685397,-782907325,15192
-31774123,93576062,-783891510,14792
-31621065,94814402,-784489864,15616
-30212747,96310097,-785774247,16940
-28559164,98676828,-787421231,15004
-28276469,100242828,-787627491,15884
-28190297,101116874,-787169504,14960
-26086191,103585450,-787915098,17916
-23698912,106328668,-788449141,16444
-21757887,109157731,-788361111,19428
-19805204,111639360,-788298568,13404
-16868234,115376394,-788511476,15788
-15016216,119010436,-788397913,17064
-13423868,122768720,-787762384,15528
-12699640,125632766,-787699999,18588
-12490394,126940368,-787308009,15816
-10924909,128309421,-787067329,14072
-9489885,129528600,-787661892,15612
-8958163,129203217,-788427827,15004
-8964523,128652279,-789454085,14884
-9130883,127539013,-789905498,15492
-9552396,126136130,-791021706,15084
-9958001,124977545,-791835754,15036
-10605288,124179790,-792230817,15864
-11835731,123200066,-792806073,14380
-13001852,122344027,-793710933,14940
-14055727,121709726,-794152285,15752
-15025559,121229555,-794626430,15304
-16108413,120316294,-794926818,14720
-16740402,117765835,-793961242,15784
-15372924,119348473,-791892406,5348
-14504681,122392452,-785809028,19432
-15011877,124822440,-782724015,20924
-15183177,126964555,-780263053,18072
-15018871,128220525,-778625221,15556
-14878472,129543838,-778001616,14488
-14834026,131040786,-775205425,11808
-15553471,132774612,-772209808,18088
-15477736,133680770,-771163296,16272
-15355627,134498152,-771605611,14656
#!,zero-counter: 240
-11947268,134890589,-775344514,15160
-12167386,135636170,-774749559,15536
-11408578,136832104,-774049419,16828
-10008605,138806660,-772713702,17264
-8083457,140301335,-770418474,17092
-5809152,141446038,-767550203,14776
-3420416,142908302,-764572061,14020
-1138878,144590479,-761588977,13256
613150,146122747,-758644548,12504
946591,147145552,-755879616,12128
219510,148009503,-753042452,13020
-858844,148947310,-750060607,12372
-1939736,149914440,-747357145,12468
-2944836,150943584,-745129155,13564
-3843795,151747084,-743808525,13552
-4796027,152408952,-743209016,13804
-5980734,152362028,-743460281,13700
-7629024,151561533,-744304503,12916
-10005127,149907414,-745795139,12220
-13416051,147545985,-747884556,13284
-17573707,144493426,-750388824,32767
-21065830,141855541,-752680334,14812
-20817867,140905876,-754400899,15124
-19658060,139063747,-755122015,14288
-19068541,137716513,-755527488,14580
-18969622,136534751,-755776671,14180
-19908762,134606438,-757615699,15164
-19256315,134498912,-759809242,13616
-18060702,135915838,-761891952,12720
-17529180,137135684,-762536243,13332
-17156423,138067644,-763010471,14036
-15798052,139299857,-763990271,11720
-15029169,141029852,-765343887,15704
-15415505,141601570,-765374992,14884
-15630783,142247940,-765263377,14484
-15612910,143411474,-765167336,14456
-15573164,144499741,-764909190,14772
-15795589,145545309,-764743744,14868
-15810550,146460625,-764681256,14808
-17152734,148428725,-761628901,11496
-18675401,147996462,-757824010,13480
-19427188,147805730,-755744507,16316
-19647536,149029972,-754466788,14188
-19703466,149738677,-753671002,14904
-19906481,150994250,-752287129,13140
-19637700,152906609,-750519689,11256
-19178166,154794689,-750020507,13548
-18958602,156426356,-750363590,12792
-18036525,157591985,-750875497,12892
-16145094,159781697,-751495990,14048
-14303075,162573041,-751817889,16292
-12663942,165149886,-753486256,15192
-12455942,166103460,-754341068,15288
-11719669,166586539,-754594646,14600
-10608849,167786979,-755251355,15308
-9751512,167928860,-755640376,15436
-8134151,168205061,-757521763,14600
-6666480,167952694,-760365792,13580
-5459144,166967037,-762974997,12692
-5026494,165534064,-764668646,14512
-5043821,163902529,-766273260,12656
-5156521,161825637,-767995908,14288
-5314381,159937787,-769471725,13540
-5582610,156710709,-770707828,14588
#!,zero-counter: 102
-6403164,156517564,-769221118,17072
-5587120,156898290,-766474820,17504
-4449946,156735006,-762233383,17160
-3410367,155637519,-757001794,15492
-3169631,153937340,-751426907,13324
-4253494,152219671,-745830211,12592
-5742116,150942058,-740416079,12960
-6845575,150493232,-735733040,12992
-7801619,150379064,-732172299,12172
-8891885,150265788,-729463119,12144
-10743146,149633166,-727545530,11356
-13594073,148410433,-726302850,11676
-16714676,146501580,-725592507,11712
-20419042,144715307,-725322898,11672
-24011998,142248270,-725906079,11184
-28118367,139768776,-727381205,11836
-32440869,137281970,-729572767,14368
-36644122,134656169,-732337965,20168
-40347986,132151850,-735263438,14448
-40802399,131521853,-737090314,14784
-40569990,130249704,-737883354,14940
-40293876,129208278,-737775360,14220
-40398580,128504285,-738019151,14372
-41129195,128029422,-738350160,14672
-42191360,127556500,-738691431,14456
-43443013,127098727,-738922947,15088
-45260078,126736418,-739000760,14192
-46059400,126557090,-739515025,17772
-45111648,129020515,-740710873,16128
-40714524,133279196,-743888027,16976
-38498160,137741415,-746269865,15872
-37468053,139611054,-747798411,14220
-36212891,140576033,-748555234,9968
-33201584,143862024,-749890374,14864
-29984794,148539892,-751991512,14368
-30116064,150164694,-751909763,14136
-30045528,150629113,-751404878,14360
-27636878,150490658,-751156409,15800
-29825431,149077732,-748556547,12916
-32713041,148474636,-745175032,16060
-34954214,147890973,-742542289,16576
-36520785,149134238,-740963638,13872
-38104391,150181924,-740146886,14032
-38774607,150706131,-740041852,14064
-39106530,151772984,-739443097,13884
-39582279,152019027,-739414282,14688
-39198429,152700806,-739523266,13456
-37354862,154578712,-740170473,15180
-35692001,156006780,-741419326,12228
-33708389,157520787,-743121466,16988
-31962152,158832883,-745088780,14988
-31181283,160055533,-745535461,14364
-31384641,161191296,-745880820,14480
#!,zero-counter: 59
-28493470,164144356,-749098446,16264
-27658743,164601098,-747038311,17052
-26320832,164971927,-743909996,15456
-25415570,165279220,-740713273,13776
-24764201,165454868,-737726028,12268
-24955296,165669216,-734770008,12040
-26571780,165634464,-732026288,11512
-28911393,164920215,-729877166,11168
-30956373,164036326,-728776695,11340
-32512891,163619091,-729004238,11544
-34389325,163131616,-730275704,11484
-37063788,161974860,-732433154,11112
-40399424,160279368,-735321062,10748
-43222222,159247203,-737900236,32767
-43130221,157907155,-738975373,14444
-41905033,156492663,-740127670,13996
-40614740,155697669,-740973826,14256
-41926706,155799167,-741676222,14196
-42582863,156009981,-741480017,14008
-42380959,157221695,-741893774,14112
-41157548,158212367,-742594690,12612
-39854547,160262469,-743690497,14232
-38825859,161025789,-744153105,12160
-36894704,162843100,-745088766,15576
-35991642,165220877,-745945343,15700
-36349636,166157891,-745793403,13420
-36390200,167281625,-745558968,14508
-35359870,168856979,-745440178,12700
-34575751,171044457,-745476910,14616
-34753287,171667890,-745585647,14884
-33774015,172202558,-746017880,13580
-34784149,172288061,-744837480,14476
-35308630,172582127,-744455341,13924
-36578978,172481825,-742969581,14804
-38282732,172596805,-741497562,12496
-38773362,171317151,-740578657,14732
-39827754,170578145,-739874366,14252
-40551113,169468567,-739230708,13820
-41969961,167736003,-738557396,12392
-41166288,166447542,-737991111,13152
-41979347,165771781,-737926174,14376
-44718432,163230116,-736900307,17436
-46629305,161099753,-735956605,14892
-47787463,157771902,-735542205,14016
-48486852,154290758,-735530314,11148
-47929104,152452229,-735182482,11652
-48916048,151413475,-735933852,14224
-50743365,151722170,-735348102,14276
-51138993,152315236,-735148716,14412
-51406438,152942228,-735112179,14176
#!,zero-counter: 76
-47673168,154173688,-741279008,14624
-47821282,155045609,-740544241,15472
-46672204,156930220,-739319992,18752
-44196028,159927665,-736706204,18220
-41435199,162888303,-732916308,15676
-38575670,165702476,-728745305,12988
-36063993,168218532,-725125177,11384
-34036684,170284723,-722350116,10672
-32778960,172200147,-720274465,10184
-32525185,174327744,-718713031,10172
-32839856,176552599,-717927358,10216
-34080534,179032381,-717726395,9900
-35970400,181223692,-718207280,10980
-38408787,183253250,-719005500,12656
-40598364,184517510,-720071609,13764
-43114327,184922244,-721333558,13484
-45853181,183994041,-722791310,13172
-48894594,182265745,-724344161,12944
-52187564,180162766,-726164893,12820
-55685610,177799014,-728404547,12876
-59262497,175314630,-730961124,32767
-61170552,173836738,-732895987,14796
-60291992,173131388,-734149652,13952
-58861702,172156219,-734737855,13832
-55677224,169526482,-735087612,13728
-56907172,168636234,-734447613,13152
-57589563,167650725,-734107691,14172
-58547235,168009922,-734245994,13772
-59799296,168291283,-733972193,13496
-61309840,168373018,-733546594,13800
-61917422,169273187,-733289802,12408
-62338501,170779011,-733002797,12440
-60118391,173400817,-734174783,18900
-57994301,176216552,-735590651,16232
-56745116,177207918,-736251752,11016
-54709168,178576124,-737084403,17504
-51342000,181401327,-738722833,14724
-48392876,183871750,-740423110,9320
-45893276,186881571,-742295818,13100
-44929424,189303676,-743142498,14148
-43449030,190249647,-743937380,15280
-41666656,191658841,-745513970,14708
-41407328,192740427,-746319163,15812
-40969154,192128965,-745823143,13904
-39545413,190477443,-747493771,14504
-38894474,188496258,-748241497,14512
-38593337,186981671,-748207342,14216
-38668960,185116263,-748336340,13260
-38955070,183485953,-747737737,13080
-39597396,183009602,-747197775,12980
-40934291,182788158,-746219942,13352
-44232236,183086137,-743696108,14064
-49912014,183647378,-739249221,18396
-54111120,183520159,-735632475,14152
-56071993,183961925,-734414115,11696
-59625007,183723352,-731834984,15760
-62364957,184307680,-729783104,13892
-63604354,184216528,-728353458,14340
-64277147,183512129,-727480221,14764
-64340436,182504396,-727327566,13616
-65485041,180535322,-726609731,15520
-65340222,177753119,-726102150,15076
-64366703,175597525,-726599574,14456
-63824581,173293194,-727125422,13372
-62802651,171692556,-727803797,13300
-62305739,170546403,-728507147,14144
-61418522,169226753,-729301323,13696
-60354208,168564486,-730014652,14464
-59045246,168117742,-730973833,14264
-57716810,167945751,-732072984,13432
-57709886,166907318,-733074763,13188
#!,zero-counter: 105
-48927641,163145082,-739539420,13972
-46785187,164645204,-739558951,14480
-44519199,165994476,-739409924,16124
-42855171,166555201,-738348518,15260
-40352322,166315591,-736807526,14944
-37348686,165667725,-735768111,13820
-34309725,164598975,-735518356,13400
-31617841,164042831,-735232531,14664
-28972947,163850152,-734698655,15544
-25817756,163894863,-733785307,15424
-22055954,163564337,-733303599,13916
-18561476,162461846,-733726274,13596
-15231814,161041228,-734564015,14404
-11171127,159831045,-735080091,12464
-6785683,158494031,-736326769,11820
-2641804,157414736,-738797420,13376
2025230,157549181,-742252871,13444
7147449,159355032,-745715377,12928
12396033,162287848,-748839060,12448
17426664,165853287,-751773366,12236
21891115,169148090,-755017458,11720
25423940,171762788,-758658702,11184
27889784,173215565,-762516463,10992
28951455,173451866,-766334255,11548
28449965,172576492,-770220369,12088
27023554,171337412,-774262627,11984
25955955,170651486,-778912446,12124
25189757,170768227,-784004704,12436
24261151,171010890,-789249710,12236
23236579,170949112,-793852752,12824
22372842,170320917,-797910786,14320
21065383,169336911,-800764780,16072
19541793,167775603,-803246418,17036
17259748,165398689,-805358151,17192
14397997,162406427,-807468065,17056
11606675,159415266,-809934427,16032
9423872,156952092,-812795206,14424
7728697,155146524,-815317405,14052
6398590,153565418,-817306443,14424
5019957,152218955,-819058701,14364
3635283,150715388,-820664238,14536
1885923,149221682,-821920385,14336
-254670,147732556,-822632626,13256
-2536419,146352380,-822994723,13244
-5103420,144967939,-823360801,13704
-7142030,143573944,-823820643,14288
-9325264,142713749,-824604984,14048
-11859737,141763617,-825731335,25908
-15034252,140624785,-827111500,14508
-19156438,138861005,-828469204,15560
-20693130,135854145,-830184649,15220
-22183252,128161015,-829936695,15056
-22930174,127777738,-830004189,15352
-23547731,127441778,-830033747,15432
-22754927,126085643,-826685013,16240
-23088197,123661455,-825980142,15232
-26039492,120725404,-824847982,16068
-29453929,116428690,-823234664,15608
-30411652,115086725,-822670616,13112
-32393266,115401140,-821283303,15428
-32899200,115864072,-820917656,15528
#!,zero-counter: 17
-33795003,122263131,-815526262,15584
-33583415,123339232,-815786692,15412
-32575230,125649969,-817915176,16560
-32103045,128159485,-819341861,15732
-32586966,129679778,-819285016,17296
-30583394,130085581,-817377191,15100
-27440736,133071442,-817836964,11588
-24355819,136947555,-818454678,9980
-24572089,140159870,-818413534,20340
-25782780,142099262,-818195934,16372
-25896093,143721781,-817676119,12640
-23185235,146858185,-817948229,18056
-23681132,150014829,-818042659,18564
-23674819,151753430,-817558125,15228
-24596596,152533313,-817133657,15700
-24113056,153256823,-816386182,15012
-23346495,154395181,-815869612,15036
-22417341,155523333,-815361680,15400
-21509553,156129860,-814893884,15388
-20537053,156542020,-814443804,15004
-20763669,155313282,-814005205,15476
-21304506,154465877,-814509715,15856
-21885258,153576731,-815639818,15760
-22297548,152929437,-816293412,14160
-22897806,152484359,-816404375,15180
-24134002,151368070,-815932578,14660
-25255358,149519890,-815073653,14912
-26025674,147074731,-813989559,14140
-26637696,144672971,-813032498,14232
-26776432,143533511,-812946907,14236
-27323454,142946909,-813022771,14808
-27792509,142555631,-812176120,15252
-26876200,144043093,-809898327,12864
-25851778,147619174,-804717576,19488
-25537006,148973536,-803892557,15364
-24476847,149897741,-802972160,14264
-23838613,152094144,-798803916,13808
-23627561,154116809,-796830725,14560
-23050241,154720098,-795928926,14484
-22836325,155360125,-794371696,16132
-23002523,156086213,-792726648,16360
#!,zero-counter: 110
-22258166,158287625,-790014241,16940
-21916728,159156889,-787542578,19104
-20216120,160222333,-783332568,19876
-17159301,161910948,-778722452,18140
-13165060,164005406,-774160946,15268
-9195700,165986964,-769598288,13928
-5862428,167609998,-765110858,12192
-3091885,169033447,-760846933,11680
-1302003,170347120,-756641033,11468
-895918,171321420,-752087289,11396
-1583194,171731685,-747157487,10800
-2823529,171748709,-742857433,10392
-4338437,171767685,-740408433,10828
-5999337,172055298,-739901087,11504
-7690435,172223407,-740673719,12328
-9699940,171946587,-742050980,12820
-12148737,170897625,-743799571,13156
-15134699,169455255,-745883823,12728
-18473488,167481326,-748506899,12116
-22496075,164965807,-751690902,11712
-27231008,161925277,-755520481,13792
-32699241,158316931,-759911056,13080
-34061701,155585283,-762942493,16292
-33998550,152674165,-764832091,15048
-32044709,151425207,-766197134,15372
-30917749,146832724,-766260954,15728
-32212667,143744641,-766138557,15744
-32617501,141771629,-766305383,14212
-33070027,140614787,-767198143,13396
-33377133,140973721,-768074852,14000
-33250246,141835562,-768897453,15080
-32205114,143563159,-770646114,13708
-29835895,146336246,-773289654,12040
-27303615,149650977,-775209221,13008
-25688067,152056904,-776686649,14948
-25058385,153978820,-777511302,8084
-23721861,157695220,-778611043,18380
-23909142,161274130,-779779989,15304
-24582866,163441604,-779553920,13424
-23942986,167925545,-778876545,11196
-23671090,172563121,-779227218,25812
-24912898,175026750,-779252888,18360
-26021175,175428031,-778929494,15024
-25619390,176560883,-778285302,14512
-24983570,177678662,-777644741,14564
-24567966,178693551,-777531794,15468
-23725389,179246225,-778439628,15972
-22991020,179408573,-779551249,15180
-22615787,178147423,-781499393,14912
-22577670,176310640,-782956128,14532
-22192544,174695665,-783272249,13800
-21705293,172938166,-782951886,11912
-21003841,171120865,-782586154,13488
-20511408,169249587,-782185763,13868
-19749092,167722531,-782082032,15440
-20011405,166467324,-782463673,14796
-20559475,164754797,-783358792,14672
-21526415,163595018,-784404207,14980
-22499992,163396940,-783158606,11048
-23103393,163329392,-782231943,7164
-23422923,163317285,-780672952,14392
-24323182,164664213,-777383010,12864
-26520852,167681917,-765513946,14800
-25429055,169782617,-764347860,13304
-25775191,171472798,-762319922,14408
-25053296,169406524,-764416092,14620
