#!,zero-counter: 1270
-108565396,37250370,-582969194
-111940784,36169093,-583107494
-114716465,34251192,-583017141
-117078001,32920363,-582945819
-116459229,30696912,-583136524
-111501950,28337894,-583846565
-110509797,30156760,-583724166
-103529497,26415502,-584258877
-90734660,16637973,-585638485
-74446905,3838959,-586433787
-63120299,-6018655,-586343711
-60085422,-9810177,-586114840
-59390740,-10620266,-585942734
-61754041,-9894035,-585703346
-62809539,-11109623,-585538823
-62209673,-13868748,-585366054
-61711942,-16941819,-584971087
-61336201,-19768914,-584454927
-60268073,-22628571,-583908917
-58262591,-26769555,-582867116
-55492425,-32174523,-581508347
-56358048,-36897049,-580138624
-60279799,-40536850,-578819510
-63982811,-44455164,-577273416
-66749147,-49525216,-575007857
-68578649,-55434225,-571764029
-70348001,-62194412,-568037764
-71389858,-70775319,-562482914
-70605946,-80719005,-556450725
-67275324,-92411748,-550259363
-63956589,-104109080,-544943897
-61569825,-115028587,-539480758
-58736726,-126425650,-533692957
-55777678,-138196851,-527198642
-54228791,-148886469,-520258424
-54637614,-158085728,-512607150
-55158590,-166927537,-503956216
-55959655,-175421798,-495812566
-55039268,-185292045,-485800885
-54236503,-195382883,-476977435
-54095131,-205134530,-467919273
-53931261,-214296364,-458142440
-54998655,-222176961,-449376481
-58363103,-227406689,-442030755
-52793064,-219300262,-442737622
-44495786,-205138498,-448579972
-29326124,-190971748,-459399213
-17236435,-176555669,-475383705
-6779130,-166677550,-492656953
2216888,-164312126,-509397662
9043402,-170411972,-525548640
11149662,-183872415,-540632765
7452821,-203435773,-552238621
-337272,-221205209,-560185734
-11539147,-237367844,-564425639
-18856103,-281452539,-555032059
-10405574,-304360651,-547494272
3904201,-319571088,-542899802
21917363,-330229480,-548389476
38731528,-339112445,-560376182
49419315,-344436227,-574429348
55542741,-348770364,-589771191
44068898,-339438207,-612337668
34344765,-327485452,-634318020
27932107,-311071488,-655641962
24958612,-290235759,-676296530
36391920,-278930484,-691599600
58840040,-283258377,-701598446
71952830,-287447388,-710644430
80105488,-291664537,-715125531
89917690,-294419050,-715909617
97603983,-290794025,-716746475
103735338,-284021841,-718471628
108946143,-275808155,-720975397
111742065,-266311993,-724645379
111178616,-256713114,-729952761
104561693,-244474098,-738466078
95669716,-233064672,-748952816
86399036,-224007581,-760620490
81282730,-220561978,-771491034
78813657,-219913993,-781568121
77278524,-220171571,-790541332
75472303,-219399557,-798532769
71780402,-215515613,-805773699
66196876,-208453347,-812036933
58987790,-199232215,-817110621
49644052,-189486375,-821393377
37513645,-179722027,-825659075
23746269,-169297925,-830478299
12363754,-162783458,-834774641
1838088,-158123713,-838517437
-6913149,-157034521,-841232213
-14701511,-157276485,-842985275
-21210222,-158646532,-843371375
-25588008,-161653033,-842332781
-29141004,-164762801,-840955915
-31280986,-168304184,-840580270
-31796756,-171555280,-842531735
-29556563,-174302853,-847027250
-24354270,-176163436,-853389154
-18213225,-175456566,-860519513
-10482455,-174780529,-867125834
-1475877,-175413292,-872566944
8279245,-176860545,-876539761
18420309,-178324136,-878962298
29378561,-180488404,-879754295
39710393,-183427922,-879378979
47638466,-187015274,-878722464
53045922,-190734573,-878761226
56872288,-193775878,-880234527
59831430,-195262564,-882977873
62910558,-195782367,-886167188
65698479,-195757485,-889119053
67489651,-195222132,-891507968
68205700,-194781190,-893257678
68146196,-194719333,-894590727
68153988,-194983114,-895661111
69336592,-195513833,-896205946
73066110,-196652649,-895905203
78309596,-197414082,-895177991
83708709,-197005484,-894494030
88155837,-195482653,-894309664
90811193,-193225514,-895098006
91394792,-190520779,-897041599
89892016,-187971891,-900156440
86329597,-186053972,-904509945
82013504,-185357294,-909805600
79271375,-185106723,-915280414
79421430,-184739311,-920071928
81516898,-184257879,-923834102
84389680,-183670413,-926686249
87323504,-182680622,-929004589
89763740,-181202481,-931191396
91253714,-179684111,-933460908
91293719,-178246078,-935978951
90201265,-177180462,-938674706
88336812,-176523706,-941412853
85955332,-176422296,-943993347
84385843,-177069002,-946195537
84350875,-178172026,-947880288
85841029,-178693857,-949001869
88211490,-178490629,-949780003
90802263,-177392676,-950473656
92702813,-175847467,-951213566
93227847,-174672624,-952123330
92430030,-174256912,-953242295
90496720,-174530832,-954458816
87751247,-175849714,-955683819
85330889,-177999750,-956227087
83258738,-180579368,-958011939
81785537,-183129631,-959927240
80404539,-185358864,-961890511
78781846,-187323437,-963945462
76836069,-189190224,-966023938
74887989,-190875658,-967158656
72567000,-192689598,-968167707
69977904,-194723889,-969954552
69512996,-197035199,-969856360
69455997,-199344419,-969266754
69890761,-201185531,-969260019
70567612,-202260221,-968246154
70767674,-202964294,-968066608
71982131,-201330303,-965032983
73287591,-200512484,-963997555
74442654,-199863955,-963774711
76073095,-199377643,-962715855
77520014,-199248642,-961778543
79595514,-199749897,-960334251
79836422,-200619296,-960524856
79944059,-201527087,-960707177
80368722,-202191548,-960042066
#!,zero-counter: 144
112658461,-177167400,-869810718
112982267,-176937546,-868822771
113374468,-176195097,-867825775
113775219,-174964140,-866792263
114328692,-173334615,-865480200
114984765,-170852170,-863646048
113859683,-167158044,-857715847
110047090,-164416425,-849454660
108494630,-162816391,-844940515
109376340,-162359135,-843532404
110126362,-161152415,-841890442
110400548,-159627854,-839411322
111242257,-158372345,-837683751
111565334,-156947601,-835970138
111977706,-156350085,-834277289
112366396,-155386056,-834305034
#!,zero-counter: 22
118834662,-153837173,-830490674
119790368,-153629389,-830396600
120693148,-153582202,-830436526
121410268,-153662727,-830636925
121926662,-153806317,-830890075
122355706,-154057246,-831164005
122611932,-154209450,-831407075
122602295,-154152763,-831574455
121666218,-153301807,-831457835
120835388,-152721669,-831114673
119829162,-152399788,-830737547
118486886,-152752018,-830569923
116001078,-153895425,-830355659
112092790,-156169301,-829593295
108307805,-157542476,-828400591
105571173,-157438991,-827160720
103284728,-155856948,-825913151
100348664,-153774757,-824268142
96682427,-151454444,-821887302
92814848,-149410361,-819032508
88884357,-148054048,-816022770
85199830,-147521350,-813186325
82809590,-147698946,-810924254
82010176,-147821142,-809692804
83006827,-147369807,-809817870
83578183,-146945014,-810419105
83754269,-146330321,-811110656
83526385,-145590207,-811783093
83192817,-144729637,-812026651
82756369,-143769767,-811810481
82259226,-142919531,-811525823
82733963,-141615314,-811966806
83982717,-141069944,-813115500
85380982,-140515517,-814916234
86209035,-140255012,-817089327
86268658,-140514509,-819310674
85791069,-141109321,-821647616
84716714,-142014498,-824097864
83335945,-143408925,-826180898
82247676,-144570540,-827300917
82239254,-145857890,-827881666
82837207,-146811545,-828033949
83701308,-147382243,-826346586
80804307,-147239276,-823762027
78194894,-147366392,-820724346
79426883,-147007408,-820781649
78500044,-146445251,-819184246
77435768,-145238601,-816405387
76662230,-144137941,-814186620
77635802,-143892553,-812599394
77878497,-142235036,-812365027
73495210,-140303156,-808855489
69171180,-138619742,-805079191
68442884,-136932550,-804822730
67470646,-135817979,-805605895
66975198,-134744134,-805278519
66660810,-133758652,-804982437
66583573,-132916424,-804719767
67090728,-132070712,-804021190
67801493,-131185000,-803339993
68506419,-130725096,-802815206
70080353,-131558435,-802826495
71047974,-132405119,-802970510
72526592,-133296234,-803047725
74248479,-134079206,-803201208
75831296,-134784399,-803349514
77034094,-135252289,-803466058
77831962,-135501144,-803602544
77144584,-134858517,-803795601
76017476,-133635698,-803833005
75613994,-131519868,-803979525
78126981,-126874696,-804345978
79752337,-121689682,-805488251
78442352,-118935029,-806298816
77066046,-117425996,-806568387
76510156,-117125891,-806264954
76844473,-118685553,-806423514
76137808,-120040005,-806445724
75173427,-122133216,-806258867
75824188,-123788032,-805818093
74744906,-125742907,-805005788
74339129,-127472070,-804192302
73658680,-128252686,-803715454
72455105,-129316005,-803289965
70980408,-130698732,-802958569
71195505,-131565984,-802835779
71989977,-131250422,-802586589
74661409,-130693774,-804148043
77510645,-129528822,-805718073
80579838,-128277476,-807703959
81961545,-127198858,-808511030
81661515,-126612307,-808708293
82244657,-125027362,-809209149
83640700,-122105490,-810619990
83145662,-118809483,-811466160
83540903,-115106305,-812328325
83140207,-110934579,-813250760
82127018,-108466329,-813225404
81227217,-107661137,-812519937
81526544,-106836587,-812043865
82033936,-106159529,-811885960
82629965,-105785621,-811907262
82301240,-105356770,-810704615
78449328,-105441912,-806540403
74981450,-106027320,-803246747
74863075,-107394888,-802937719
72841760,-108352296,-801727881
68923059,-108793559,-799205205
66352578,-109045091,-797982670
66553915,-109246855,-797768822
66252733,-108820910,-797277386
65814175,-108291335,-796812158
65471388,-107936120,-796524039
#!,zero-counter: 55
69173639,-108470442,-804717649
68327767,-108233191,-804729799
67404449,-108441061,-804734494
65428124,-110065523,-804870603
61641117,-113246314,-804336410
57409604,-116485532,-802560635
53143565,-118103555,-799236797
48422501,-118113507,-794738227
44241778,-117101614,-789715212
41852861,-115351675,-785241720
41160718,-112808117,-781813790
41593475,-110745090,-780030856
41955578,-109577603,-780203521
41730983,-109640139,-781810757
41236831,-110946693,-784143098
40622777,-113147098,-786685969
40270537,-115778513,-788882674
40386665,-118125274,-790323851
41257457,-120117697,-791160830
42840014,-121696205,-791653819
44887972,-122790902,-792362556
47216220,-123416423,-793649226
49334111,-123724431,-795508697
50831610,-123956701,-797978410
51416719,-124277527,-800730555
51193782,-124790514,-803467481
50182364,-125653167,-806084651
48355008,-126789704,-808664489
45969339,-128071609,-810988125
43418944,-129422108,-812688374
42402589,-130760386,-813770643
41233372,-131876027,-813637872
38498891,-132240708,-811633139
36710517,-132288349,-809949857
34284657,-131390964,-808558326
30637152,-131005698,-806306546
28524786,-129800761,-805744228
28084415,-129004980,-806279727
26695311,-128074913,-806534505
25345994,-126965757,-806377612
24551029,-125616662,-805961943
24054729,-124728270,-805734766
24410691,-123129249,-804815418
24394516,-121505064,-804020540
24134090,-119319084,-802868020
23895833,-117585522,-802651937
24815727,-115489120,-802813559
25651508,-115472713,-802695739
26231218,-115799303,-802732095
26009720,-117126413,-802946335
25714124,-117861717,-803194682
25193321,-120784388,-804405916
26442441,-122274664,-805691486
28384016,-123440589,-806762607
30123182,-124133114,-807053512
31495190,-124520316,-807617691
32352403,-123781918,-807906575
33270835,-122597053,-808814572
34058405,-121644150,-809216568
35243087,-119886145,-809837146
35628499,-118509466,-810257114
36629852,-116603364,-810342241
37149633,-114472378,-810861580
37731478,-111638282,-811295963
40360104,-107927236,-812757881
41805661,-103551031,-814401133
40442187,-100971098,-814923168
38458848,-99760126,-815007702
37474766,-98918722,-814586318
36577152,-98427414,-814344944
35903316,-98031561,-814261320
34389792,-97457251,-813494421
30201773,-96509728,-810849201
26138734,-96703351,-808489584
24722742,-96931108,-808236942
24296653,-97634982,-806976769
23310282,-98197136,-805691986
22967376,-98266223,-805243471
22775521,-98719908,-804928166
20736298,-99386491,-804220995
#!,zero-counter: 52
21738699,-97710775,-811785743
19747134,-98224320,-810915216
17520721,-98725229,-809124426
15478794,-98968418,-807348910
13613402,-98953785,-805822739
11625390,-98990415,-804684124
9680820,-98321187,-803323729
7669386,-97079124,-801934965
5688476,-96257228,-801069305
4314946,-95371028,-800340111
4379951,-94776009,-799584353
5290002,-94275409,-799206376
6508130,-94092573,-799599322
7993986,-94173717,-800739575
9556977,-94435436,-802520947
11080687,-94654224,-804532388
12392934,-94880127,-806610598
13308672,-95045559,-808651522
13880362,-95129789,-810872004
14731548,-95102510,-813503731
15625099,-95138392,-816654131
16162928,-95340612,-820317739
16379882,-95618218,-824292935
16503500,-95954658,-828227536
16339648,-96413022,-831820252
15865757,-97187104,-834784614
15052795,-98136715,-836770503
14599170,-99390123,-837551954
14373075,-100608149,-838142248
14367454,-101558241,-838667532
12738183,-103100137,-838782462
7389478,-102218066,-835368542
-573670,-102319334,-830510076
-5162097,-100818053,-827943088
-8282392,-99607261,-827031535
-9766578,-98575425,-826373701
-13074165,-97522731,-824692853
-16400980,-96140881,-822284157
-16897895,-95738538,-821441776
-17350788,-94643732,-821430341
-18645015,-92132744,-819061691
-20883329,-87957211,-816323225
-22216318,-85003719,-814678750
-22944154,-82959561,-814433207
-23079796,-81424774,-814139959
-22545422,-79647291,-813589041
-22080108,-78471698,-813410768
-21140726,-77662924,-813270647
-19756299,-77333628,-813337874
-17779356,-77754159,-813612182
-15514601,-78881158,-814149888
-13303425,-80933450,-814876490
-11531217,-83657702,-815652611
-10924770,-86750637,-816102669
-9741932,-89595367,-816447735
-9001709,-91871563,-816884895
-8438029,-92264487,-816686139
-7861321,-92510175,-817498808
-6334573,-92737126,-818004283
-2651098,-93304572,-819499728
1167666,-92278709,-821977949
2752715,-91731499,-822584513
4214934,-91078062,-823319920
6832348,-89730752,-824717389
7982209,-88975003,-825515834
8307860,-88230294,-825873258
7781325,-87357323,-825984341
7929444,-85894608,-826007421
7547363,-84291600,-826047115
6549243,-82832001,-825833708
5229881,-81053279,-825201947
3318817,-80065474,-824663553
2108839,-78951840,-823740824
-411362,-77147588,-822370141
-3737278,-75756504,-820627681
-6070856,-74735091,-819427000
-7120032,-73397373,-819035794
-7590832,-72853909,-818301643
-8998365,-71836920,-817301321
-11347817,-70646624,-815996754
-13697961,-69962492,-814709424
-17865143,-69602237,-813173385
-19955444,-70029910,-811990551
#!,zero-counter: 55
-14472440,-71450820,-823178004
-13044787,-71285559,-823137944
-11113876,-71209123,-823226528
-8991027,-71519891,-823015378
-7188822,-72408351,-822234581
-5054751,-73635380,-820704539
-2526186,-74679657,-818828336
-76913,-74880005,-816376647
1584879,-74678717,-813870260
2296172,-74215985,-811557996
2457844,-73723415,-809467902
2557721,-73545279,-807516025
3117799,-73828156,-805815110
3718068,-74060497,-804640403
4243811,-74165421,-804137133
5734888,-74082870,-806018693
6915742,-74056326,-808328372
7855611,-74091079,-811209804
8441972,-74114272,-814287981
8643413,-73981862,-817250442
8712192,-73640757,-819973662
8932748,-73056227,-822262965
9370337,-72538792,-824533362
9893713,-72253172,-826969499
10526830,-72109435,-829407305
11279201,-72161276,-831615143
12113817,-72345417,-833726805
12765420,-72565894,-835703261
13024375,-72922339,-837444466
12755874,-73330267,-838879767
11808715,-73838395,-840264615
10136521,-74487663,-841891785
7909126,-75243637,-843851078
5345752,-76220092,-846402313
2278541,-77360469,-849369254
-1225862,-78648373,-852156657
-2253380,-80550734,-853881006
-2454071,-82498761,-854831795
-2853647,-83839376,-854390883
-4678556,-84913003,-852727724
-7311821,-85956319,-850663939
-11165632,-85423468,-848456500
-14692371,-85556128,-845932041
-18189090,-84929512,-843606584
-21702201,-82664404,-841846122
-23879823,-80576184,-841147468
-25809390,-78514048,-839716535
-26800346,-76174161,-837274388
-27500817,-73628297,-836155613
-26894285,-71845946,-835728212
-25979485,-69684664,-835460365
-24842695,-67848998,-834679429
-24132942,-66537137,-834318950
-22850356,-64950525,-833756874
-22156107,-64182589,-833738914
-21647032,-63746653,-833533481
-21164454,-63309838,-833532619
-18997598,-63383316,-833628013
-18626931,-64080775,-833760748
-19172550,-65349917,-833867473
-19755065,-67629162,-834114961
-20180124,-70048610,-834511402
-20053551,-72108702,-834735689
-19403648,-73712949,-835375624
-19732763,-74330654,-835694939
-17813287,-74883849,-837005709
-15024060,-73907495,-838103538
-11772530,-72785264,-839466104
-7696638,-70868171,-841234371
-4924516,-68601259,-842662997
-3613443,-66839311,-843573728
-2726051,-64913367,-844063274
-2333923,-63171949,-844489488
-2934383,-62311923,-844343223
-3256165,-60821021,-844168145
-4261228,-60000741,-844034197
-4958849,-59129804,-843677774
-5526098,-57608639,-843301752
-6634050,-55774478,-842781900
-8503195,-53887605,-841864163
-10292123,-52109581,-841112015
-12130023,-50607789,-839954875
-13562667,-49584183,-838606716
-14518950,-49479654,-838159935
-15010744,-49645999,-837569152
-16968460,-49612598,-836343358
-18131139,-50224006,-835458516
-18546315,-50862611,-835263248
-18192314,-51495068,-835161685
-18829590,-52037081,-834675363
-20158712,-51739566,-834241099
-20706155,-51618230,-834004244
#!,zero-counter: 68
-16625102,-52890319,-841258688
-17582182,-52494624,-839319148
-18544102,-51559010,-836500001
-18990465,-50679621,-833463680
-19185617,-50047207,-831035227
-19242558,-49564213,-829413054
-19194871,-49147263,-828640094
-20183338,-48400585,-829180693
-21073179,-48322250,-830039523
-22045150,-48740702,-831172338
-23177787,-49699431,-832431026
-24580855,-50985376,-833467805
-26462527,-52765055,-834295608
-28443081,-54707081,-835065433
-29918033,-56638622,-835508444
-31389493,-58270092,-835682602
-32554194,-59290274,-835821424
-33881976,-59710007,-835831942
-35283765,-59904322,-835929127
-36488959,-59451599,-836078658
-37939394,-58619251,-835990340
-39458909,-57568251,-835768845
-42020714,-55988004,-835025348
-46842555,-54377374,-833243523
-52132924,-52650006,-831567330
-56126280,-51417975,-830423400
-60374962,-50067263,-829326548
-62704958,-49179690,-828938779
-64327198,-48301345,-829459957
-66216000,-46906579,-829265134
-68620083,-44843286,-828125836
-70177203,-43547552,-827832167
-71784121,-42216914,-827834802
-72751998,-40761414,-827384265
-74117479,-38585087,-826451839
-74924112,-37128762,-825946114
-75820067,-35619193,-825664076
-75626802,-34201538,-825366127
-74450045,-32946620,-825828153
-73302178,-32026570,-826635037
-72013896,-31061883,-827488386
-70788202,-30690788,-827883540
-69324127,-30768566,-828004919
-68266240,-30878689,-828346977
-69071100,-31261109,-828789532
-72061680,-32032443,-828867149
-74905742,-33267842,-828705622
-76449086,-34062805,-828686341
-77267408,-34642309,-828427635
-76541947,-35631586,-829364087
-74281882,-36976432,-830254038
-70534250,-38766753,-831390542
-65676456,-40721856,-832984926
-60944617,-42007080,-834140645
-56853790,-42890609,-835224257
-54318984,-42466232,-836320753
-53345409,-41462494,-837119277
-52868953,-39846245,-837508140
-52294707,-38184745,-837980278
-52009737,-36324618,-838361941
-52022132,-34307275,-838815805
-51939078,-32675077,-839082100
-52450898,-31478136,-839140604
-53119663,-30584742,-839004163
-54841701,-29079479,-838654356
-56884802,-27611852,-837132055
-59927220,-25738371,-836231457
-62940181,-24758033,-835812798
-65407281,-23169809,-835579661
-66656542,-22476940,-835407754
-65162397,-22625616,-836250253
-64845583,-23323881,-836501036
#!,zero-counter: 33
-69389726,-22598987,-840110686
-71752179,-21598652,-839513529
-72353298,-21405427,-840137327
#!,zero-counter: 61
-75668298,-13905871,-847385140
-74375017,-12998143,-846789084
-73275416,-11342745,-845012453
-73101472,-9527210,-841885396
-73609232,-7641329,-838309115
-74846555,-5765820,-834897684
-77162075,-4132714,-831811362
-80187614,-2667306,-829379712
-83440297,-1387197,-827220406
-87312515,-163604,-825182015
-91206882,612939,-823426484
-94324989,1308229,-822660307
-96149376,1689103,-823120104
-97428075,1952776,-824674750
-98690375,1828807,-826774677
-99899255,1588231,-828929692
-101149950,1342248,-831040789
-103133353,1039441,-832926002
-105827611,616293,-834476998
-108987356,-81493,-835727910
-112938383,-877098,-836881974
-117424164,-1551174,-837893338
-121231188,-1929023,-838675625
-122960529,-2406186,-838947032
-124396155,-2973785,-838862387
-126012250,-2852629,-838983175
-127375828,-2326912,-838952967
-131483086,320029,-837495312
-137844820,4075341,-834589902
-144191438,7347644,-831605070
-149983298,9382727,-829210887
-155555143,9819407,-827577990
-161045656,10691956,-825336040
-164407615,11404826,-824174380
-166166192,11345911,-824144068
-167946013,12297828,-824534097
-169206466,13551159,-824242407
-170478595,14906102,-823972547
-171192825,15973703,-823962598
-171074467,16658632,-823907268
-169750397,19576427,-824780933
-168657705,20323947,-825328468
-165083441,21051808,-825725444
-163576248,21392376,-825975326
-164596268,21784495,-828863813
-166164371,20411720,-829044554
-167807029,18800840,-829318715
-167360846,15842028,-829901603
-165134095,13698843,-830849674
-162945245,11801546,-831834191
-160513577,10623403,-832887818
-156479148,9944883,-834611438
-150191656,9270049,-836595115
-144341014,9060303,-838200218
-141126370,10159802,-838832883
-139753933,11113980,-839302123
-138909172,12105332,-839509083
-138471365,12985882,-839788028
-139790941,14256071,-840390373
-140391112,15236731,-840605308
-138156294,16548483,-841345952
-135937548,19680655,-842037292
-136688851,22947662,-842031950
-137817660,26194705,-841790430
-138107136,28976220,-841505277
-139103436,30707107,-840992486
-140321761,31210091,-840827004
-142115721,32909122,-840078285
-143912785,33487083,-839219603
-145884034,33969655,-838680886
-149075464,34534627,-837302781
-150610329,34560156,-836687097
-151547318,34351959,-836540814
-153014332,34596037,-836474400
-154951900,34937531,-835969152
-157373676,35455442,-835231959
-159962779,36037091,-834464992
-161170497,36151319,-834298361
-159406473,36127705,-835338156
-158618530,35931918,-835662156
-157532797,36868153,-837154230
-154941193,36780923,-837471691
-150237424,36102158,-837683158
-145008911,35311568,-836844315
-138876087,33995233,-834976628
-130315785,30919569,-833266059
-121904954,26357212,-832112102
-115057286,20961689,-831514135
-107908091,14759891,-831634570
-99119874,8201445,-832337475
-88794169,1734605,-833436681
-76336567,-4666874,-835299934
-62797830,-9957503,-838225798
-48916106,-13561514,-841998780
-36080827,-16391984,-846606926
-26310278,-19024750,-851925178
-20583995,-21575285,-857590884
-17220278,-24175551,-863125052
-13269062,-26352109,-868460812
-6106088,-28409413,-874091250
3897978,-30155880,-880054997
15261159,-31209086,-886164972
26684389,-31925684,-892351238
36247855,-31593451,-898925073
42956608,-30900005,-904690224
45755965,-30642680,-910373582
45243626,-31205926,-915619078
42803846,-32243734,-920948546
39879496,-33518277,-926518228
37642191,-34449789,-932080135
36736972,-35120836,-936744041
36323610,-36180974,-940806578
34815167,-37574942,-944621522
32110098,-39061045,-947883641
28552070,-40581252,-950706180
24435621,-41676778,-953042559
20799557,-42298593,-954846513
17534411,-42592734,-956150321
14434851,-42480850,-957002467
12179201,-41720326,-957573763
10943076,-40492789,-958145295
10105277,-39306671,-958790671
9383071,-38777274,-959587428
8810992,-38778705,-960541459
8230964,-39032373,-961517123
7232430,-39505400,-962384148
6113356,-39839021,-963177805
4759138,-39866744,-963980745
3554836,-39522499,-964651727
2382350,-38896524,-966079440
1071890,-38174053,-967405923
-630553,-37558735,-968863000
-2531973,-37052356,-970771197
-4551860,-36946408,-972201012
-6694603,-37644640,-973654423
-8794332,-39360100,-974685322
-9158299,-41570412,-975337994
-9867925,-44218546,-974824492
-10504062,-46762520,-974133622
-11290496,-48517746,-973722396
-13060313,-49925244,-972182960
-14208494,-51301181,-970891376
-15278087,-52587177,-969695895
-16540192,-52148961,-967872296
-17751402,-50886979,-965718025
-18986628,-49357304,-962501932
-18683502,-46739851,-959339527
-17719659,-44727455,-957734983
-16985084,-43225426,-956973751
-16587736,-41560474,-956223312
-14969908,-39056233,-955355882
-13881652,-36910198,-955001586
-12879901,-34997058,-954532548
-10970851,-32507489,-953705534
-11073289,-31356319,-953564042
-10049793,-31042114,-952912524
-8742222,-30608844,-952439364
-7691183,-30623919,-951858888
-7765045,-31917759,-950784556
-8311406,-33018385,-950410706
-9867508,-33728232,-950258155
-10959358,-33729906,-950290835
-12338065,-34679275,-951411294
-12970967,-35571473,-952577437
-13585998,-36242819,-953092209
-13945277,-37028988,-953279673
-13959708,-37752947,-953384167
-14034877,-38179824,-953512582
-14109358,-37991030,-953665870
-13315247,-37541853,-954206764
-11978452,-36611457,-954858424
-9851588,-35662591,-955141433
-7190121,-34164297,-955107923
-5355790,-32818208,-954968344
-3965479,-31461401,-954630627
-1669380,-29365933,-954097760
342897,-26431812,-953662356
1869828,-23386995,-953335400
1879207,-21384111,-952950062
1687245,-20031402,-952360120
2105364,-18237930,-951514281
2752040,-16134053,-950488129
3246573,-13445886,-948534127
2989217,-11907234,-947237648
2564673,-11403896,-946072042
1226466,-10107642,-942758675
682364,-9577336,-940955033
208342,-9839013,-940381286
-17858,-10175655,-939761192
-1661237,-10835780,-938173408
-2576659,-11614351,-936887627
-3550576,-12987969,-935800060
-4036784,-13525058,-935261815
#!,zero-counter: 46
-4453381,-8815767,-927778691
-4591307,-7779162,-927273973
-4867775,-6777646,-926599427
-5766346,-6093056,-925178994
-6015587,-5770587,-922756578
-5147767,-5393187,-919827718
-3800646,-4943109,-916838929
-2186238,-4254252,-914074862
-624889,-3511035,-911845350
233839,-2961425,-910041495
317605,-2811048,-908653212
48374,-3010511,-907855795
-977967,-3628488,-907676876
-2628923,-4731457,-907925750
-4564023,-6379832,-908709039
-7006755,-8428330,-909934637
-9954616,-11053071,-911482900
-13779821,-14260606,-913233073
-18160794,-17849569,-914925872
-18058850,-20184869,-916380067
-17641920,-23065890,-916500761
-17663528,-25367418,-914685905
-18972174,-27268516,-912457289
-21263001,-28054029,-910648365
-26244007,-28149023,-907248997
-29684370,-26790700,-903997080
-34113686,-24376446,-900257452
-36707145,-21881990,-897543079
-37860700,-19553769,-896900622
-38435037,-17637982,-896139905
-38310009,-15974315,-895173141
-37413223,-13498364,-893563271
-36286909,-10449909,-891410815
-35967820,-7880665,-891147767
-36101779,-6180400,-890769510
-35519640,-4625096,-890206608
-34825993,-3403419,-890029068
-34155551,-2770551,-889783427
-33314710,-2146962,-889583431
-32462622,-1626293,-889521922
-31617445,-1317790,-889554766
-31356101,-2545026,-889986858
-32489951,-4711963,-890016418
-34273216,-7113677,-889544810
-34952544,-10434645,-889375683
-34196848,-12176159,-889109124
-33680984,-12978931,-888882424
-33580894,-12770989,-889575916
-31960895,-12141000,-890966851
-29114046,-9383449,-893939313
-27048490,-7382176,-896601902
-24642582,-5793267,-898462935
-21916256,-3790030,-900184815
-20171797,-2590188,-901317700
-18874952,-1917595,-901998749
-16765092,-690304,-901814140
-16236943,936200,-901154145
-15765940,2656358,-900703178
-15040302,4309016,-900493025
-14207836,7065286,-900194045
-13998664,9027511,-900125095
-14202747,10065266,-899983250
-13412985,10504510,-898329889
-14994816,10982296,-896196460
-17170544,10895881,-893647621
-18568997,9701076,-891576229
-20778298,9096259,-889748021
-23758072,9130766,-887032574
-25288538,8720662,-885358552
-26290367,8539635,-885030889
-27666153,9102154,-884962375
#!,zero-counter: 56
-31314740,13543336,-887094278
-31563338,14305664,-886182994
-32110515,15098093,-884024186
-31997709,16296313,-880320808
-31644875,17236529,-876226305
-31892880,17738090,-872373054
-33230414,17828886,-868689083
-35473333,17797267,-865467063
-36976094,17760934,-863288198
-37548134,17865382,-862558792
-38638277,17782764,-864168454
-39306698,17503646,-865969606
-40258906,16826651,-868457543
-41978397,15739231,-871160172
-44751048,14246907,-873662304
-48505392,12256430,-875862838
-52705745,9963126,-877675180
-53902298,8388191,-877723239
-56053419,6629016,-876733067
-57332245,4970370,-875245332
-59548109,3860897,-874005902
-62087608,2976377,-872682707
-65968522,3040574,-871254147
-68769032,3780069,-870627935
-72684301,5380326,-869792468
-77109065,7566365,-868053462
-80599423,10015059,-866906704
-83838837,11901390,-865176026
-86700387,13849692,-863763028
-88632287,15601643,-863164897
-89642807,16463222,-863291649
-90231364,17972222,-862641895
-90690114,20561085,-861193969
-91402683,23051055,-860685080
-91979006,25277993,-860380104
-91775230,27615628,-860276070
-91872736,29108472,-860346678
-90300474,29996570,-860679730
-88577706,30312166,-860776893
-87536208,30352703,-861012269
-87777055,29548695,-861469544
-89151984,28118105,-861905636
-89734748,26815212,-862115989
-89578693,25087016,-862598422
-89344684,23261977,-863451120
-88321016,21960378,-864158798
-86686479,20992402,-864873814
-85671657,20095343,-865644272
-84587258,19078453,-866493613
-82883669,18698352,-867339163
-81978914,18731475,-868058179
-81501128,19623351,-868721871
-79123976,20770582,-869813777
-75849716,22534269,-871288066
-73132568,24392860,-872876814
-71929028,26484268,-873721788
-70687073,28186617,-874237321
-70206106,29558158,-874881452
-70522608,30304357,-874886128
-72366751,31818581,-874352351
-72864853,34039693,-873450799
-73562144,37441692,-872658261
-76539672,39892945,-872382503
-79354518,41671532,-871786869
-80516575,43704755,-870215541
-82382261,44805182,-868864220
-83540273,44783366,-868550959
-84585085,44665511,-867705312
-86783271,44272275,-866344039
-87999208,43480214,-865939376
-89455162,42544834,-865449419
-90179585,41215159,-864830196
-89695076,40427329,-865128757
#!,zero-counter: 53
-89528472,45304976,-873703044
-88475151,45748914,-873875792
-88213312,45818775,-872547198
-88978631,45713150,-870437320
-89814315,45832209,-868291042
-90571185,46382814,-866385673
-90943689,47541512,-864413836
-90667904,49844618,-861919780
-90991650,52434487,-859238667
-92433399,55126936,-856451468
-95651922,57567184,-853848361
-99588503,59496074,-851440422
-104019672,60671216,-849452698
-108720511,61254370,-848393766
-112655708,61348580,-848765621
-114980665,61083375,-850487659
-116436554,60388951,-852998501
-117482529,59238287,-856085685
-118518100,57597299,-859341661
-119722615,55455475,-862502017
-120963099,52965430,-865383002
-122231908,50510163,-867930042
-123632749,49377623,-869301119
-123897606,47899019,-869512364
-125338523,46934397,-869558607
-127150924,45925665,-869225495
-128946293,45201308,-868988894
-131217589,44895393,-868722263
-133664381,44877291,-868171473
-136364845,45526304,-867585242
-138703926,46140471,-867041950
-142389689,47469980,-865502355
-146891123,49788449,-863276672
-149228562,51318796,-862298120
-152920721,53554705,-860906988
-156388132,56058827,-858648301
-159998852,58631670,-856325456
-163488645,60988180,-854533902
-166940410,63980963,-853347811
-169341689,66775457,-852589398
-170194851,69675264,-852065169
-169501327,72736542,-851334476
-167903317,75477577,-851246690
-167622351,77176263,-851631280
-167117200,77900911,-851593020
-164901527,78217113,-851318672
-162899055,77941396,-851488922
-163421764,76600246,-852757808
-164860339,75227854,-853288638
-165598544,74126907,-853671997
-166318828,72643662,-854112393
-166167655,71288311,-854616235
-165086640,70494085,-854928637
-164217127,69721089,-855221818
-163619010,68974538,-855899207
-162272452,67702691,-856872001
-160098085,66408249,-857609463
-158076506,65272672,-858384770
-156163388,64302445,-859317338
-153955596,63835376,-860561572
-150488409,63995040,-861881483
-146230075,64947253,-863645579
-142655924,66265118,-865053171
-142055779,68133705,-865329702
-142911617,69509265,-865340894
-142342435,70868439,-865505785
-141855230,72248436,-865514600
-143359164,73355477,-865159631
-144990875,74469940,-864983477
-145998347,76017657,-864195099
-146944072,78477677,-863012076
-148841262,81554074,-862254821
-151312934,83890797,-861927692
-152963920,85857888,-861768797
-154045904,87630532,-861505417
-154865163,88450811,-861498970
-155161674,89247533,-861612900
-156378087,91840523,-861356899
-158778102,93588627,-860189709
-161074252,94196116,-859425943
-164060094,95164724,-858695709
-167793119,96342149,-857101193
-170389923,97501324,-855593550
-170964727,97243481,-855622510
-169447447,98126537,-856313087
-168374976,98260531,-856421800
-167483733,98058960,-856732648
-166904753,97682186,-857050845
#!,zero-counter: 47
-160590546,99901971,-867936906
-158023529,99792023,-868692939
-154998822,99521459,-869387604
-152316029,99310495,-869263112
-149892345,99066576,-868139067
-147004266,98085462,-866636596
-142436663,96320913,-865156073
-136325148,93968335,-863655572
-129393838,91816079,-861764300
-121762560,89878201,-859537327
-113904362,87579519,-857631882
-106517541,84736095,-856629161
-100064325,81518247,-856670101
-94727179,77821996,-858020000
-90502605,74797353,-860497237
-86736038,72742203,-863498662
-83070167,71685365,-866647239
-79182604,71410172,-869686989
-74799982,71465888,-872833083
-69876242,71560146,-876235483
-64735318,71347378,-880253095
-60220829,70791222,-885006734
-56819370,70086010,-890349878
-54760757,69190715,-896041971
-54622390,68366238,-901741578
-55830354,67944905,-907196120
-57133932,68053438,-912408862
-58170248,68603607,-917340108
-58581183,68402231,-922091427
-59146848,67046435,-926747794
-59886014,64871731,-931342488
-60311121,62412119,-935869003
-60185188,60247090,-940162952
-60107172,58874320,-943708189
-60510887,58061496,-946173940
-60977597,57429050,-947582165
-61723833,57079639,-948132424
-62893216,56649777,-948088272
-64671104,56033776,-947860457
-66580585,55346193,-947881900
-68435871,54868449,-948163633
-70354069,54551129,-948735682
-72696520,53841643,-949736879
-75838731,52622809,-951071039
-79896082,50773986,-952600280
-84721404,48235173,-954106662
-88760624,44900329,-955645520
-90133294,40940550,-956296233
-91235405,37246619,-956117834
-93161286,34344091,-954612896
-96368236,32348102,-951221085
-98439383,32166220,-948214956
-98696603,32736622,-946628423
-98196438,33492222,-945605800
-98206797,34587371,-944782101
-98734586,36045521,-943817899
-99075902,37774618,-942534389
-99112146,39356213,-941447671
-98680543,40833822,-940779052
-97336283,42636623,-940112429
-93940235,44931197,-939640372
-91991072,47373500,-939753528
-90214995,48712536,-939862557
-89108939,50070535,-940063251
-88753741,50831772,-939948830
-87722108,51043041,-939642758
-86268801,51017635,-939238724
-85141369,50713497,-938840601
-85255658,50025673,-938295129
-87372372,49172976,-937392184
-88915557,48133154,-936577963
-90069807,47655282,-936136914
-91949995,47232164,-935729671
-93105071,47370059,-935678494
-94542006,47599573,-935770587
-95489373,47477135,-936062779
-95856739,47770783,-936416575
-94860576,47644244,-937808309
-93426078,48276100,-939138371
-91086960,49363142,-940464662
-88922494,51030195,-941617654
-87613894,52797309,-942428669
-86958216,54404670,-942541245
-85312455,55825479,-942638248
-84647890,57678634,-942732263
-84601167,58812150,-942378352
-82901202,60332213,-942190886
-81500059,62333573,-942195215
-80717458,63949672,-941982617
-79993711,65602215,-941827549
-79863861,67191841,-941501893
-79366950,68865789,-940880726
-79787938,69832053,-940045008
-79840236,69877070,-939431370
-80070587,70581447,-937644756
-81371185,70858775,-935237395
-84311353,70571435,-932639025
-86375218,69580300,-930262999
-87660024,68394681,-928746362
-88400853,67361183,-927538706
-89201387,66437814,-926745741
-90658730,65546441,-925587457
-91905447,64789540,-924511142
-92606215,64317200,-923856410
#!,zero-counter: 74
-95433940,67423390,-921823683
-95581944,68178525,-921325914
-95516238,69033009,-920716585
-95380070,69835636,-920090975
-95088067,70227693,-918950335
-94369135,70432171,-916686281
-92731657,70325679,-913913023
-91092260,70073082,-911319062
-90003662,69653781,-909026883
-89498698,69298827,-907026457
-89235101,69194157,-905775543
-89065087,69249375,-905437576
-89056630,69300954,-905819453
-89465349,69345802,-906682578
-90476773,69264684,-907845459
-92201740,68684519,-909096867
-94848106,67528946,-910350299
-98286899,65735024,-911525338
-102642896,63392241,-912529845
-106657737,60671636,-913418813
-107500660,58634125,-913801710
-109332032,56700419,-912878354
-111445024,54873413,-910984273
-113129340,54470371,-909680393
-113458866,53240696,-909072748
-115388906,53095245,-908078731
-117903485,53268927,-906257222
-119666246,53479243,-905447867
-120969644,54152878,-905687137
-122279005,55012557,-905425687
-123652661,56853416,-905058492
-123942797,58599388,-904636434
-123603947,61192671,-903158988
-123400652,63863151,-902221748
-123899222,64775049,-902524088
-123452885,65329805,-902682085
-122327999,65737454,-902746791
-121434043,66036442,-902722101
-123036855,67085921,-902477967
-124313080,67013452,-902372260
-125402297,66473244,-902391921
-126311101,65910373,-902535669
-127765249,65468050,-902457931
-127301527,65458545,-902596558
-126632656,66068647,-902820050
-124530672,66503435,-904252443
-122532611,67063407,-905647866
-119021063,67904700,-907261896
-117047580,69731885,-908243809
-115771602,70668009,-909084185
-114243917,71728068,-910092193
-113935438,73046845,-910643095
-113430922,74128812,-911072342
-112940327,75477275,-911282406
-111924198,77143148,-911526780
-111782408,78914219,-911505807
-112183842,80100187,-911298986
-111822682,81191550,-910952594
-112003765,82252566,-909855156
-113481387,83301484,-908082902
-116459482,85036187,-905745716
-120705742,86715083,-902868435
-124233646,86942160,-901148672
-125379340,87009430,-900752481
-126267894,86994224,-900099228
-127617272,87362548,-898715775
-130129071,87389467,-897178574
-130794984,87108751,-896372442
#!,zero-counter: 52
-128082455,90862838,-900828099
-126790781,91332218,-900750264
-125872876,91755088,-899442151
-125305559,92233609,-896299286
-124844266,92649237,-892360150
-124388296,92715549,-888777038
-124223138,92734702,-885742382
-124433458,92882175,-883153161
-124851289,93114798,-881312641
-125453468,93352856,-880152824
-126858789,93528564,-880461792
-128312810,93338518,-881538614
-130331107,92926195,-883036345
-132919623,92474736,-884771473
-135954223,91934382,-886665391
-139707071,91108049,-888493787
-144239357,90109859,-890278533
-149368847,88963479,-891846715
-151744286,88080619,-892237738
-153952865,87465150,-891474203
-155085714,86455314,-890926891
-157489319,86505400,-889557772
-160730348,86968336,-887751744
-163545462,87222064,-886164214
-165904775,88866287,-884887901
-169000561,90614396,-883508015
-171644723,92681959,-883130374
-173742428,94215858,-882990019
-174731251,95671738,-882690949
-174172646,97993826,-881780799
-173476141,100343214,-880980012
-174646525,101982768,-880642970
-175397242,102765820,-880805209
-174182172,102952719,-881258654
-173012977,102952527,-881529550
-172148950,103036723,-881858655
-169861477,101484409,-883717240
-169675423,100500036,-884327036
-169416606,98734888,-885228669
-168465309,96805284,-885933814
-167143380,95190130,-886537149
-165521084,94348709,-887107942
-163939665,93635962,-888256437
-162595055,93944536,-889624088
-160811807,94668350,-890928074
-158665991,95889302,-892213763
-155083781,96968099,-893759415
-151659579,99056707,-895535700
-151697072,101175705,-895831054
-151365597,102536384,-895944919
-151514850,103689984,-895903181
-152749604,105291423,-894831632
-153802548,106853634,-893612246
-154737137,108482595,-892268216
-155990050,109222134,-891717398
-157033663,109756610,-891281844
-157301190,110952999,-890759370
-157597290,111417439,-890465881
-158215694,111987873,-890315980
-159418677,112925637,-889593440
-161494221,113893901,-888360912
-163977991,114686014,-886923049
-166279905,115619604,-885751222
-169968248,116828416,-883684563
-173015316,117178150,-881796395
-174069719,117676372,-881238871
-173270240,117478445,-881697671
-172426832,117330303,-881997427
#!,zero-counter: 55
-166593433,119016428,-891542235
-164062017,119643670,-892381366
-162028808,120793704,-891699888
-159973294,122424914,-888976764
-157340034,124101969,-885433595
-154983606,125660636,-881959235
-153881253,126868287,-878543208
-154360268,127835014,-875305025
-156209279,128874541,-872482632
-158350951,129864548,-870452702
-160080365,130754379,-869457586
-161718235,131533787,-869394923
-163783245,132363417,-870094307
-166360501,132981785,-871160415
-169366163,133345100,-872495938
-172240811,133447479,-873988505
-174830212,133150191,-875596554
-177233709,132424041,-877015477
-179254482,131471322,-878282513
-180819173,130357937,-879707050
-181997181,129016423,-881247037
-182913326,127525426,-883049284
-184155921,125982160,-884838239
-186178486,124485950,-886521461
-188280739,123315282,-887628247
-188111983,121709884,-888039985
-188054834,120442924,-888469997
-188905618,119361540,-888332020
-191131980,118912093,-887364618
-193912117,119141983,-886693335
-197662306,120529729,-885566561
-200337460,121379122,-884715254
-203784215,123751460,-882904894
-206885809,125952154,-881227109
-210102689,128871139,-879786637
-212302041,131100043,-878499236
-214178966,132576005,-877727336
-215291148,133714841,-877639726
-215870809,134745141,-877527265
-215966310,135891663,-877215396
-216176458,137343376,-877082658
-216396591,139276497,-877030861
-217536364,140890174,-877028289
-218618888,141845954,-877077517
#!,zero-counter: 15
-214165140,143911910,-880249281
-212655823,143510044,-880702015
-211244184,142445717,-881305300
-210558895,140966042,-881951801
-209846536,139522501,-882568609
-210002403,138158596,-882918407
-210622120,136940812,-883259182
-210030993,136336939,-883697747
-210143220,136020021,-884579599
-208611055,135573971,-885778944
-205792977,134454667,-887212178
-203145560,133758875,-888745004
-201801456,133585098,-889335715
-200157140,134018593,-890419822
-200217313,134924884,-890570929
-201016140,135802038,-890609392
-201169816,137093730,-890677508
-201222654,138684102,-890547457
-200412659,140541857,-890554424
-197347850,142780560,-891232356
-196075394,144862117,-891528902
-195690057,146984317,-891697590
-195023180,148357253,-891890573
-194742203,149321656,-892139163
-196084307,149745830,-891928284
-196990784,150336398,-891498915
-198896625,151585159,-890087799
-200228007,151738223,-889840380
-200630358,152059466,-889428528
-201230295,151535404,-889646365
-203029169,151762978,-888778066
-205193425,152038530,-887754218
-205549735,151528135,-887690328
-205032759,150838870,-888148059
-202342381,148937868,-889497618
-201793356,148451864,-889800952
-201334754,147996287,-890069569
#!,zero-counter: 307
-205190210,164633776,-901992050
-202023133,165185132,-901848727
-198803046,165751791,-900173893
-194677026,166553206,-897740615
-189102217,167143267,-895044090
-182428498,168392390,-891495378
-174711135,170056864,-886830464
-166503102,171700087,-881389697
-157838314,172758375,-876029426
-148787777,172520916,-871372969
-139539136,170948630,-867770271
-131548909,168379069,-865375628
-125978858,165174545,-864305830
-122902982,161847363,-864570381
-120852428,158250999,-866170663
-118534667,154891338,-868892053
-115208048,151822397,-872496728
-110337724,148577786,-877042969
-103945406,145030899,-882712404
-96644542,141669668,-889398284
-89333559,139000888,-896557882
-83029734,136873443,-903879102
-79006759,134878848,-910726854
-77474424,132283508,-917169127
-78180691,128779352,-923448705
-80299268,124485831,-930104024
-82330353,119552095,-937343503
-83215773,114766733,-944808647
-82799160,110138179,-951908991
-82003357,106585869,-958089131
-81716433,104337042,-962868553
-82177219,102888874,-966308515
-83146044,101647777,-968808624
-83857979,100332025,-970958269
-83968177,98455118,-973133360
-84077103,96477587,-975320250
-84346636,94403586,-977398126
-84341509,92027260,-979435523
-84256919,89685638,-981407097
-84141038,87439465,-983024029
-84029894,85461321,-983892053
-83946571,83680855,-984112204
-83916956,81743066,-983842514
-84410385,79890489,-983329196
-85410359,77831618,-982851089
-86962554,75328440,-982640319
-88912253,72687591,-982624192
-90874478,70298166,-982903850
-93228747,68556209,-983354546
-95829129,67666168,-983734033
-98173219,67489146,-983957861
-99944954,67826996,-984257251
-101183236,68451648,-984933560
-102206401,69353747,-985769512
-103061884,70529268,-986553025
-103855962,71834375,-987135703
-104609919,73079499,-987514818
-105237019,73797493,-987668296
-105735412,73713009,-987598513
-106800619,72395136,-987692626
-107815827,71488998,-987696786
-109202920,70588121,-988062526
-111098328,69576522,-988725345
-113609572,68508996,-989586861
-116970767,67313825,-990589464
-121088857,65894147,-991629866
-125626136,64088812,-992633525
-128156845,61106246,-993973860
-128873411,58554993,-994432188
-129347584,56543921,-993339826
-130322329,55991974,-990847854
-131431824,56492495,-987693258
-133889291,57601214,-982566272
-134181756,58501144,-978152123
-133461442,60369318,-975619549
-132447955,61484591,-974693580
-132374559,62804924,-973425138
-131855959,64179008,-972427057
-131269008,65504550,-971881123
-130228377,66664775,-971320618
-129025339,68263882,-970597245
-127979956,70141867,-970022073
-125950043,72620152,-969638738
-124954118,74569842,-969417998
-124335573,75910253,-969166750
-123896124,76361011,-969100578
-122390941,76422793,-968921224
-120731338,76154996,-968760293
-119395308,75310528,-968614839
-119102049,74138540,-968392256
-119383897,72597530,-968204792
-119955876,71425818,-968013902
-121041481,69553670,-968320848
-121690807,68606213,-968837316
-122579930,68116572,-968461974
-123059327,68013478,-968593653
-123240316,68200149,-968943178
-121513799,68595389,-971293347
-118848065,69311639,-974301452
-117447275,70869917,-976369616
-115456197,72371624,-977734805
-111728401,73995552,-979074457
-109026698,75859037,-979603986
-107786813,77884482,-979223722
-107609232,79242123,-978513156
-106677702,80076739,-977742840
-105422338,81196035,-976767331
-105069731,83183469,-974811781
-105063493,85921141,-971989648
-105752796,87765811,-969850986
-105739697,87881851,-969057125
-105538475,87571313,-968347298
-105786772,87668104,-966454122
-107738006,87781223,-963176778
-108971158,87452924,-960711696
-110586222,87161115,-958704114
-111531506,85888096,-956304701
-110789602,84675725,-955902495
-109775900,83946100,-956246643
#!,zero-counter: 36
-112253392,87823848,-952811917
-112476365,88676066,-952509384
-112193532,89840897,-952241818
-111234384,91182368,-951837709
-109879685,92463539,-950695157
-108044061,93614046,-948569815
-105723573,94754016,-945904160
-103422964,95737734,-942993812
-101613111,96255257,-940270122
-100495433,96557708,-937888785
-100089522,97165058,-935977325
-100248862,97930336,-934532454
-100566925,98515753,-933660330
-102598441,98448823,-933290034
-104107286,97781148,-933667731
-106248913,96685329,-934274897
-109099291,95117087,-934911786
-112705430,93076900,-935392671
-117088823,90724211,-935606951
-122077601,88204598,-935653561
-126531092,85671479,-935570551
-128174975,84637458,-934924277
-130471669,83873408,-932714372
-134452975,84036112,-929021625
-138520876,85420978,-925420686
-141063892,85874541,-922940615
-141621338,86383601,-922846646
-142302228,87531777,-922454608
-141912223,88875293,-921606813
-141316664,90242084,-921250700
-140945512,91655548,-920986214
-141273192,92939638,-920929892
-141778623,93501280,-920896123
-140663442,94618075,-920625660
-140148986,95860083,-920371129
-140003860,97728119,-919899933
-142306957,96564075,-918936228
-143030232,95477231,-918434993
-142374956,94916853,-918441609
-142045988,93974849,-919559419
-139802484,93663834,-921593833
-136267749,93116591,-924440260
-133678842,93498202,-926613569
-131548538,94122561,-928316462
-130173857,95299428,-929541138
-129167668,96211650,-930320324
-128691228,97055476,-930657115
-128383806,99286319,-930657060
-127112742,101196527,-930988769
-126375030,103908425,-931407531
-126482062,106463587,-931467316
-126513003,108778128,-931628989
-126178385,110853191,-931461149
-127061460,111845220,-930939899
-127664827,112235454,-929617500
-128865082,112383997,-928127563
-132369403,112980421,-925330564
-135010485,113185565,-922287560
-137207781,112630917,-919997197
-137140702,111191567,-919033009
-138044947,110096068,-917993627
-138164346,109298380,-917868733
-139149095,109322041,-917559751
-139511513,109538137,-917107548
#!,zero-counter: 51
-140736955,115343238,-917592000
-139438448,116420697,-917246272
-137711224,117695162,-915942914
-135333213,118994526,-913924574
-132706071,120184326,-911848200
-130476478,121166151,-910114953
-128986779,121641899,-908729175
-128547766,121784433,-907648135
-128851393,121754931,-906842202
-129947881,121229041,-906385757
-131558344,120362113,-906351321
-133248775,119319915,-906822724
-135304188,118330169,-907689913
-137864748,117337402,-908809258
-140912614,116276077,-910145574
-144410063,114924708,-911479644
-148053558,113443274,-912426518
-149516727,112026475,-912879219
-151189270,111674249,-911807195
-153523397,111700555,-909901666
-155040194,111323252,-908389253
-156457721,111446404,-907583706
-157727161,111773557,-907267979
-159200636,112820816,-906962279
-160522696,114626273,-905959102
-161475343,116668573,-904950295
-161820579,118258521,-904905705
-162635372,119264138,-905060174
-162133061,120276127,-905131833
-160600980,120143145,-905882562
-161186905,118969361,-906149751
-160788580,118454265,-906368323
-158990437,118292672,-907924793
-157066086,118179054,-909532166
-155324134,118014247,-911386364
-154517439,118725978,-912149783
-153720342,119551313,-912912007
-153418609,120530916,-913510204
-153958827,121484038,-913575323
-153365162,122799525,-913504189
-152372122,124130505,-913879222
-151349900,125197310,-913944492
-151002361,126154445,-913963286
-150939401,126734843,-913638517
-151477086,128117084,-912628498
-153237038,130199795,-911287983
-155482568,132386986,-909477359
-157882021,134073647,-907943411
-158787392,135067514,-907451347
-159414841,135779114,-907049211
-159623137,136233577,-906425598
-160173487,136566089,-905986043
-161706836,136597438,-905196283
-163825296,136453737,-904033205
-164872753,135751468,-903386869
-165996411,135295621,-902635559
-167137698,134877660,-901914271
#!,zero-counter: 40
-161754046,137292786,-905746987
-161215290,138053851,-904606545
-160706668,139214804,-902513466
-159507889,139911845,-900029561
-158173284,140169383,-897518418
-157186971,140481872,-895208152
-156348129,140710528,-893503650
-155703006,140901741,-892928296
-156341562,140868966,-894247730
-156879696,140607497,-895737622
-157643812,140011031,-897527702
-158872475,139128661,-899349749
-160627166,137958796,-901022723
-163195771,136640945,-902375667
-166854266,135221226,-903179446
-171028219,133809228,-903433065
-174040592,132611809,-903144689
-176999282,132453214,-901618173
-181165168,132437421,-899630038
-184428813,132803864,-897822728
-188597088,133770733,-895509485
-192897858,135392978,-892688624
-198232940,137946013,-889368194
-203104457,140767278,-885999889
-206892387,143975510,-883405564
-210554544,146802595,-881347471
-214235959,149748960,-879246743
-217523789,152037190,-877041913
-220408322,154320727,-875423642
-222544678,155741091,-874666137
-224317010,157663589,-873899796
-226100289,159729731,-873343462
-226423618,162030576,-873239879
-223884253,164212894,-873874281
-220411199,165245195,-875335185
-218734452,166299255,-876438697
-217726012,167349393,-876811072
-215652830,167639730,-877315004
-213851797,167513148,-877999601
-213343870,166883913,-878734908
-214433437,166209811,-879199974
-216411344,165630713,-879039400
-217284708,165056153,-878855785
-218104671,164809934,-878677947
-217983450,163212758,-879100850
-217224930,162528313,-879416496
-216966748,161355559,-879992434
-215521714,160233915,-880968081
-212932511,158833661,-882321096
-211186804,157993293,-883723632
-208341320,157215600,-885800499
-205521088,157352601,-887777942
-202477533,157220244,-889357139
-200358356,157770687,-890339010
-198863858,158684502,-891158091
-198352530,159596328,-891358044
-198295470,161399037,-891536226
-198171368,162919485,-891474834
-197529705,164795495,-891599650
-197954518,166827218,-891528450
-198025445,168679323,-891386396
-198319550,170898358,-891001588
-200155644,172429260,-890587284
-200963548,173133465,-890470377
-201045810,173648153,-889976041
-202489033,174335884,-888536842
-206011954,175602784,-886194780
-209031525,176541446,-884650992
-211043140,176904885,-883447093
-213570231,177446734,-881796116
-215287264,177612828,-880789351
#!,zero-counter: 11
-214569390,177877426,-882591162
#!,zero-counter: 24
-213393571,180102095,-886867865
-212119904,180386752,-887086217
-211167959,180686617,-886718242
-210961726,181529012,-885450592
-211662595,182508565,-883410900
-212484321,183305241,-881491475
-213321366,184549079,-879736846
-213867399,186210830,-877798358
-214145992,188420782,-875577886
-213907852,190543561,-873350739
-213707427,192471101,-871299390
-214079291,194126822,-869493732
-215117633,195480891,-868174160
-216526805,196306721,-867579559
-218470906,196644505,-867628760
-221623411,196908250,-867774808
-225043770,197049500,-868247451
-228017489,196779503,-869463451
-230755336,196076864,-871435863
-233918337,195229443,-873767843
-237477612,194466741,-876058453
-241051154,193638094,-878003223
-244371730,193526751,-878953016
-246100272,193752621,-878818992
-246959323,193482059,-878641659
-249205596,193062526,-877747345
-252647797,193189185,-875993092
-255099218,193210041,-874863035
-256197304,192979293,-874544029
-257740863,193171584,-874292942
-260491197,193792617,-873188384
-263065999,194156373,-872084599
-266677453,195447753,-870064859
-270307341,197473307,-867601738
-273814145,199334634,-865244516
-276005999,200009098,-863812822
-277799491,200352262,-863304787
-280583253,202142830,-861861074
-283290386,204368569,-860106772
-285375777,206805982,-858583787
-286699940,208946916,-857417770
-287359633,210886735,-856222167
-287671714,212248887,-856018734
-286683509,213874818,-856136232
-285366073,214392778,-856277734
-283383278,214656374,-856534473
-281626605,214586244,-857054873
-280506926,214264319,-857748563
-279538470,213743659,-858578150
-278330698,213041875,-859467088
-277107212,212217901,-860207380
-276320136,211375677,-860732638
-276003112,210480671,-860962646
-276500255,209394727,-861092787
-276744452,207580923,-861607732
-275541784,205417268,-862914611
-272919184,203787307,-864623221
-270256513,201754704,-866360882
-267106030,199891282,-868291944
-263577504,198120226,-870751725
-260894917,197242923,-872704793
-261411575,197974469,-872759422
-262365029,198896195,-872488465
-259602150,199773733,-873726305
-259502153,200941844,-873837423
-262044938,202761096,-873278765
-261767964,204608780,-873540205
-256671308,207740461,-874944788
-254256327,211364623,-875524780
-256127685,215373267,-874718793
-258449543,218819801,-873729499
-258988937,220377509,-873300801
-258195904,220133972,-873594954
-257329044,220007768,-873783179
-260267586,221687415,-872210814
-265053133,222869440,-869525401
-266334063,222387620,-869099863
-267405634,221394622,-868761221
-269455804,220229934,-867864700
-270516966,219733769,-867572366
-270712151,219007118,-867704091
-271162056,218784738,-867621547
-271962143,219070905,-867234729
-274180446,220129327,-866126768
-273404570,219633227,-866543321
-272378803,219003897,-867116391
-271752883,218635616,-867525607
#!,zero-counter: 24
-267672851,219241198,-872567958
-264931535,218474563,-873732963
-261244927,217271031,-874908749
-257157702,215964104,-875773286
-252302814,214699631,-876084922
-244988601,212254212,-876806369
-235147118,208320281,-878636748
-223071938,202612776,-881978913
-209458274,197069546,-885783414
-194902258,191986430,-889583331
-181475108,187336926,-893257183
-170216157,185038631,-896357921
-160829562,183925653,-899276848
-153428510,182316176,-902582782
-148214005,179650224,-906545631
-145330014,176868730,-911075934
-144233772,174545581,-916005094
-143246435,171503619,-921735634
-141441544,168263316,-928275139
-138178050,165141351,-935490647
-134691101,162515075,-942631001
-132081336,160092342,-949067942
-130816058,157725261,-954397002
-130456536,155603476,-958925629
-130312709,153735005,-962518750
-129462406,151671293,-966062455
-128373236,149877358,-970010890
-128030090,148407658,-973391965
-128391556,147555917,-976216817
-128794712,147095634,-978607909
-128702329,146771150,-981061832
-128374362,146078821,-983437293
-128750715,144525738,-985409380
-129805652,142259622,-987544647
-131664106,139323832,-989391218
-133737728,136381142,-990931394
-135556545,133340031,-991975990
-137213072,130838628,-993075413
-139411842,128874517,-993600563
-141795453,127401808,-994428073
-144059934,126051723,-995224110
-146344745,124848868,-995507429
-149128032,123350165,-995444558
-152764065,121783922,-995295657
-156299772,119922867,-994879100
-158835945,118142777,-994858533
-160918234,116545339,-995138839
-163258078,114901171,-995798024
-166295205,113044173,-996275134
-169782473,111205797,-996974559
-173521949,109259034,-997433845
-177219561,107115409,-997847537
-179389113,103658488,-998635631
-180176047,100357162,-998831808
-180970673,97748816,-998023806
-181498317,95472548,-996791679
-182739956,94785539,-994921662
-186474857,96412458,-990777786
-189394493,99245157,-986564959
-189800978,100351632,-984585668
-189339469,101693735,-984152291
-189930470,102894885,-983577783
-190946208,103892092,-983015363
-192053476,104796348,-982528618
-192594743,106133525,-981947247
-191611358,108684657,-981168317
-188702785,113063537,-980164743
-186054906,116931113,-979617032
-185988457,119306894,-979530771
-185841811,120072814,-979258355
-184306721,120569058,-979188783
-182619472,120728236,-979116892
-181175083,120573035,-979106025
-179955432,120152110,-979111007
-179229024,119376421,-979014499
-179448325,118419548,-978739686
-180587134,117297674,-978407298
-182010806,116754754,-977984072
-183118298,116906452,-977673247
-185106776,116940399,-977484119
-186252902,116074787,-978388371
-187017029,114813369,-979930332
-187034818,113708768,-980972302
-186541177,113203440,-981308390
-186085288,113463540,-981308963
-185368900,113928375,-981385950
-183918366,114653095,-981601439
-182159183,115696660,-981699721
-179511895,117177369,-982065832
-177625971,119073035,-982393239
-175816304,121225491,-982727283
-174405795,123394456,-982951820
-172571759,125645169,-983026478
-170869800,127580519,-983087607
-169467782,129380404,-982787302
-168966058,130487738,-982466889
-168391273,130908144,-982166026
-167342729,131277180,-981690273
-165640156,133035278,-980376966
-164773829,134073731,-979051210
-164801306,135084423,-977739644
-165214756,135110542,-977086759
-165143011,135277829,-976525147
-164755346,136005789,-975948878
-164336946,136739500,-975262592
-164277025,137371166,-974215947
-164996472,137656164,-973100331
-166078177,137592167,-971775302
-166630609,136879515,-971412595
-167167327,136244339,-971295517
-167809501,135795959,-971066129
#!,zero-counter: 48
-169304680,137946529,-964956273
-168824566,138908605,-964381595
-168979298,140283224,-962673655
-169014820,141387424,-960214354
-168025765,142203967,-958069222
-166661605,142763457,-956272671
-165824717,143249769,-954274400
-165912067,143768259,-951909147
-167072400,143927702,-949272613
-168911214,143793803,-946709927
-170797751,143585121,-944704428
-171817306,143140118,-943829006
-172297407,142831378,-944016455
-173255328,142235028,-944730210
-175047749,141201732,-945575468
-177550443,139861618,-946508031
-180902222,138209698,-947456457
-183995954,136331195,-948046193
-185481250,134509014,-948004104
-187693011,133260364,-946304807
-189500336,132834611,-943709605
-191578644,133448294,-940966253
-193393539,135206032,-938607110
-196762634,137036783,-935599952
-200433575,139660317,-933120945
-202552931,141669215,-932249346
-204371456,143238632,-931947508
-205062644,144735812,-931620065
-204255483,146331373,-931544590
-202975874,147952114,-931469783
-202825837,148874077,-931515209
-201384224,149392534,-931975779
-199863211,149496565,-932264770
-198681492,149499248,-932496045
-197751949,149648772,-932678760
-196585483,150277078,-932562346
-196208828,151310377,-931988543
-196321080,152514970,-931621745
-196182256,153736842,-931198435
-195836540,154467791,-930939305
-194750854,154924296,-930712558
-195501848,153077276,-931318327
-196551809,151076731,-931953538
-196846761,149557292,-932325799
-197307740,148206200,-932638229
-196966405,147521350,-932569053
-197153003,148246100,-931634408
-197943504,149450835,-931466055
-198526183,150739113,-931547595
-197072476,151160414,-933191593
-195274209,151899712,-935080764
-193213852,153401476,-936451156
-192258724,154127371,-937203251
-191440970,154802706,-937789236
-189463660,155485951,-938614205
-188830949,155870659,-938798538
-187575285,156773275,-938694674
-185075913,159844531,-937984242
-184331898,162941582,-937831689
-184781579,165119485,-938089293
-185226421,166382211,-937993987
-183882360,168068682,-937905628
-183051156,167028164,-937929003
-183491364,166589540,-937596990
-185443292,167447302,-935544546
-188363700,169012714,-932564062
-189753875,169216601,-931328639
-189992332,168581396,-931736992
-191571351,169441073,-930294447
-193589675,170119616,-928756393
-194534401,170987320,-928828181
#!,zero-counter: 17
-193445222,170757990,-929972437
-193198904,171183094,-929998458
#!,zero-counter: 25
-192034960,174164397,-929830715
-192744098,174369012,-928806290
-193559039,174540613,-926800098
-192668724,175074797,-924322270
-191434785,175729942,-921587731
-190825931,176493230,-918715850
-190693352,177224523,-915882751
-190536588,177712540,-913710108
-190370346,177842200,-912797418
-192272924,177407416,-913481076
-193554479,176815390,-914403640
-194896941,175804406,-915941136
-196989022,174351270,-917858846
-199979333,172538449,-919663184
-203605139,170538387,-921124490
-206383573,168879970,-922177539
-207640875,167436582,-922737945
-208807512,166634061,-922337039
-210649317,166391627,-920748293
-214036826,166328116,-918388829
-217824305,167018532,-916002092
-219742658,166895333,-914641133
-221477807,166904259,-913588081
-223694362,168108441,-912104325
-226746735,170343938,-909993693
-231669036,173898831,-906773780
-235646534,177163244,-903617038
-238902117,180664465,-901501426
-241595852,183761827,-900205204
-244150809,187517532,-898156250
-245961084,190668201,-896265452
-248307994,193364210,-894591247
-249616528,195168039,-894203616
-250372155,196742277,-893767400
-250451555,197950809,-893471801
-247119330,199119081,-894776643
-246035519,198728422,-895171452
-245018213,198303518,-895641137
-244140991,197903443,-896201944
-243371182,197511962,-896704237
-242636613,197108541,-897209941
-241852220,196600012,-897734190
-241241440,195945517,-898274299
-240735104,195199024,-898937463
-240393357,194196906,-899790243
-239312139,193393477,-900864191
-238811430,193061351,-901588707
-237500731,193051720,-902662301
-235931910,192516908,-904002521
-234001902,191908563,-905243194
-231605929,191731272,-906893009
-229425156,191931425,-908403527
-228744118,192455035,-908898475
-227813176,192973402,-909568354
-227044387,193889160,-909926704
-227703134,194929405,-909788124
-227412887,195966241,-909985826
-226426355,197512528,-910072809
-227108183,198510814,-909969674
-228034888,199140894,-909783019
-228296347,199736053,-909318384
-229002366,200950348,-908216387
-230921718,202586404,-906526873
-233715779,204414621,-904584273
-235680205,205659880,-903326844
-237680456,206715867,-902551519
-239038919,207800957,-901405349
-239036843,207393687,-901849586
-239634486,207007559,-901409332
-242756013,208496008,-898842112
-244670705,209493535,-897457096
-246083991,210020288,-896675517
-246649213,210562635,-896406724
#!,zero-counter: 45
-243328066,218534696,-900119126
-242825289,218784939,-899724363
-243152338,219328698,-898558368
-243601004,220037370,-896885170
-243763138,221162169,-894948999
-243933533,222602484,-892719456
-244076883,224361149,-890415753
-243858554,225901066,-888400160
-243119259,226888037,-887266203
-242637296,227465116,-886854254
-243747191,227626214,-887214777
-245207530,227231959,-887899830
-247382398,226718282,-888839650
-250636559,226135927,-889708975
-254948007,225487251,-890262315
-260481903,225040450,-890185392
-266118768,224866996,-889457884
-270458460,225310111,-887779229
-274807464,226070367,-885205114
-278477834,227158762,-882503253
-283024648,229092904,-878999288
-288289378,231532846,-874926420
-292561699,233956189,-872457192
-295986654,236758953,-870494753
-298716534,239597917,-868753192
-301138324,242005081,-867503130
-302474080,244269707,-866146243
-303061568,247464208,-864126367
-302662542,250304602,-862558056
-304474184,251613255,-862003455
-305506825,252790868,-861642611
-305199451,253526951,-861283044
-304394698,254410747,-861315184
-303179351,255365572,-861709169
-302040160,255613513,-862246998
-300766731,255699061,-862901305
-299345319,255396801,-863813433
-297837843,254604650,-864916242
-296138226,253176739,-866169326
-294722851,250889005,-867734726
-293298471,248774644,-868883170
-292312952,246795378,-869867385
-292580123,245223800,-870359240
-291622504,244425811,-871099274
-290721755,243781744,-872043807
-290350633,243540300,-872965653
-288880864,242910289,-874545200
-285919076,242095626,-876963808
-282999462,241136255,-879097597
-280324386,240766548,-880835117
-279476755,241411680,-881188656
-276737533,242636314,-882432560
-273714054,243293029,-883911968
-271861134,244787764,-884688408
-272050186,247572468,-884411556
-271162751,250023566,-884396714
-270586767,252147797,-884557071
-272100081,254202133,-883821037
-274228593,255830540,-882860785
-274915207,256479449,-882524710
-274832138,256942853,-882131557
-275910381,258122992,-880589816
-278408285,259788154,-878440997
-280977974,260692872,-877030286
-282229014,261008228,-876124475
-284027446,261242512,-874521844
-286736973,261239836,-872723956
-288398902,261413358,-872055362
-289292366,261193600,-871863527
#!,zero-counter: 43
-283345734,264660555,-879044397
-279756243,264327765,-880722024
-275968293,263750893,-881940016
-272237081,263247015,-882330377
-268348459,262048870,-882542310
-263824546,259377405,-883537315
-258256097,255458916,-885634346
-251133800,251383774,-888272127
-242183948,247201330,-891164775
-232412271,243182544,-894005319
-223084285,239517284,-896569212
-215500153,236459691,-898711817
-210507811,233730443,-900604444
-206652414,231746825,-902811819
-202462660,230273639,-905805041
-198282488,229356540,-909529343
-195027258,228937303,-913665264
-193238249,228720795,-917789582
-193086399,228496851,-921414718
-194239035,227767857,-924489451
-195984508,226432803,-927405405
-197474806,224540515,-930651334
-198462848,222252716,-934383280
-199338161,220105537,-938367206
-200714059,218122132,-942009765
-202656262,216730471,-945196138
-204829208,215645956,-947418646
-206570053,214940918,-949051583
-207743978,214725987,-950574218
-209073607,214565461,-951898867
-210831263,214000667,-953328929
-212962953,213101671,-954872407
-215175148,212066347,-956549040
-217645250,211064657,-957667004
-220293175,210297303,-958245438
-222742941,209532174,-958567266
-225306164,208708850,-958792952
-227741513,208008111,-958981323
-230141748,207326746,-958786747
-231573670,206021345,-958731460
-232515793,204547705,-958500844
-233161871,202936371,-957902256
-235214056,202239974,-956060822
-237396882,201979289,-953686438
-238806626,202591992,-951346020
-238914441,202453879,-950427833
-239325093,203428964,-949391534
-240197992,205032080,-946964055
-241343250,206813722,-944614868
-241431888,207241111,-944159861
-241704358,207387805,-943812665
-241488041,207997208,-943377553
-239241153,211350638,-941562751
-237465612,216163390,-938915118
-238249257,218098385,-938472273
-238654432,218972507,-938172694
-237564169,219271064,-938117922
-236346625,219373561,-938065221
-235468221,219337858,-937950714
-234558464,218456189,-937981723
-234126725,217689690,-938265762
-234098045,216653215,-938688217
-233371892,216284826,-938769013
-233972346,215230157,-939554505
-234328142,214918762,-939762649
-235267794,214033743,-940321365
-235915712,212686177,-941435415
-235293948,211931617,-942451457
-235251662,212105477,-943268893
-234526769,212332174,-943741950
-232536559,213366848,-944577771
-229519745,214567013,-945486838
-227195591,216249204,-946046923
-225457335,218499170,-946236239
-224786593,220636841,-946294073
-224280108,222560859,-946015764
-222636759,224565559,-946090326
-223468878,225553105,-945782701
-223293244,226334032,-945539539
-222647745,227070154,-945410411
-221916900,227143246,-944125914
-222456109,228345148,-941882414
-224050421,230580685,-938701165
-226118502,231437011,-936116638
-227484039,231755741,-935038982
-227659761,230800257,-935171076
-227209853,230101006,-935340907
-226846287,230228143,-934820581
-226872126,230232553,-934316954
-227414128,230235670,-933619935
-227682374,229752182,-933223438
-227239285,228984333,-933502495
#!,zero-counter: 47
-228596294,229276585,-931681133
-227879196,229875090,-931303831
-226784006,230607012,-930611526
-225112135,231745040,-928961285
-222708339,233055065,-926770494
-220274366,234117446,-924633658
-218412044,234769738,-922684886
-217609586,235069130,-920730482
-218248126,235227129,-918467662
-220051809,235240560,-916023640
-222494067,235173888,-913811406
-224854270,235229605,-912334688
-226517723,234942784,-912104775
-227943036,234221411,-913048692
-230186957,232994728,-914535195
-233233424,231440657,-916231698
-236844380,229827881,-917920740
-241520984,228190552,-919149714
-244468991,226654346,-920026384
-245806921,225580019,-920118504
-248536638,225916402,-917775314
-251503015,226501276,-914784423
-254848838,226877920,-912590273
-257492080,227366366,-911264290
-261715493,229763251,-908156552
-266540674,232922372,-904247993
-269681072,235415040,-902117848
-272838515,238205174,-900637718
-274918328,239901478,-899643706
-275824659,241859011,-898878130
-275676087,243345481,-898378356
-275429729,244908606,-898154871
-275662420,246412589,-897816008
-275681984,247937296,-897663444
-276519146,249063853,-897639284
-275262190,249782195,-897983451
-274288870,249889592,-898255081
-272708378,249320451,-899152082
-271818205,248664790,-899601423
-270677610,247786274,-900114115
-269822479,246616887,-900586094
-269783335,245345115,-900972074
-270436163,244328453,-901087998
-268723740,243577298,-903422869
-265015702,243246147,-906229692
-261334397,243176729,-908848728
-259672251,243976913,-909893086
-259466223,245168190,-909794194
-258178889,246234573,-910427880
-256706700,247541093,-911159963
-257094914,248991674,-911170188
-258176756,249896609,-910871952
-257833030,250807784,-910860979
-256858841,251978621,-910833704
-254939449,253908382,-910771036
-253817969,257401122,-910441753
-255608048,260809413,-909234389
-257317344,263027408,-908114347
-257209330,263302984,-907805264
-256095053,262574445,-908237665
-256472119,262986023,-907521984
-259829114,265221398,-905042202
-263609623,267122669,-902000171
-265449608,267102214,-900725846
-266506592,266443924,-899901936
-267083860,266501394,-899276709
-268819359,266821167,-897568064
-272018909,267742025,-894782638
-273417002,267928491,-893533112
-273091283,267421117,-894135295
#!,zero-counter: 42
-267691430,272072963,-897719706
-266771106,272451983,-896656078
-266350172,273348331,-894608422
-266030849,274293145,-892169209
-266170943,275065980,-889776078
-266712133,275742092,-887644879
-267212523,276436953,-885995876
-266779551,276958710,-885298001
-265730239,277302037,-885354087
-267159879,277352381,-885876121
-269073512,276733859,-886666023
-271623286,276001536,-887478318
-275199092,275418701,-887916915
-279913905,274899144,-887927833
-285564767,274457387,-887425906
-291443843,274455313,-886171331
-294867241,275114392,-884127751
-298751849,276334005,-881312715
-301896271,276820460,-878993136
-302341612,276256256,-878572474
-304497482,276733916,-877192189
-307236201,277474310,-875647711
-309437145,278456099,-875050692
-312145831,279826588,-874467110
-315265076,282360941,-872668687
-318120975,285840408,-870058858
-320684946,289673987,-867157323
-322907067,294140798,-863964529
-324966678,297406692,-861634140
-327241242,299513557,-860443655
-328694539,300292020,-860254605
-326372402,301659494,-860770014
-320006666,302783908,-863111164
-316484380,304114514,-864671893
-318134845,305183953,-864359232
-317149423,305079628,-864842934
-315996497,304358385,-865390243
-315579360,303847467,-865828794
-315742095,302644904,-866449562
-315219469,301269048,-867012763
-315288247,299400834,-868161325
-315925913,296980125,-869105942
-316314649,294330869,-869822810
-315047939,291812166,-871111513
-313924135,290592948,-872314594
-314468206,292322668,-872700909
-313575238,293169851,-873977052
-312714224,294603463,-874484275
-310268126,296171098,-875431797
-308076108,298143518,-876324922
-309006722,300242992,-875777819
-310738640,301599557,-874912592
-310990876,303770864,-874552640
-309953019,305042662,-874729845
-307420793,307276504,-875419931
-306648555,309989653,-875297763
-306323719,312649852,-875037795
-306607292,314942421,-874352653
-307209780,316184780,-873794249
-307717239,316443508,-873461408
-306341714,315940750,-874049318
-305922887,315576912,-874122337
-307285163,316213785,-872633054
-307663818,316588475,-871930607
-307998745,316741150,-871830328
#!,zero-counter: 47
-306088362,317829269,-874648743
-304863169,317664956,-874980904
-304055645,317701528,-874998552
-304380080,318137124,-874167599
-304903410,319084345,-872475901
-304990595,320680907,-870157629
-304906356,322995303,-867294658
-305078249,326177563,-863964349
-304619588,328717473,-861195368
-303532503,330610796,-859180422
-302414874,331804510,-857952119
-302331007,332724143,-857021956
-303607887,333744922,-856103993
-306012517,334694600,-855109074
-309085216,335456794,-854230004
-312666637,335969605,-853490522
-316645438,336050238,-852930461
-320587909,335779344,-852717931
-324042450,335088048,-852898602
-326417169,333915824,-853757431
-327664797,332350874,-855156640
-327828088,330391967,-857099949
-327085857,328091697,-859537508
-325870933,325425142,-862194740
-324341483,322663336,-864623949
-321787808,319934298,-866681189
-320104471,317645708,-868155830
-319824032,316241336,-868493723
-320810862,315271109,-867967415
-322468347,314631868,-867158971
-323125750,313943702,-867232992
-323642373,313343396,-867388817
-325296071,313632643,-866561286
-327079820,314364457,-865946801
-328350507,315537734,-865269212
-329169635,316394639,-864683552
-329715574,316937633,-864473050
-330555622,318228437,-863748705
-331054775,318908134,-863422836
-330944524,320396822,-862879213
-329269138,322098104,-862384565
-329376824,323438271,-861704092
-329833940,323653241,-861963680
-329081501,324338915,-861837133
-327757951,324279827,-862070045
-326495363,323542980,-862959790
-325397363,322737241,-863632258
-324642866,322048238,-864250248
-321437314,321634952,-865729417
-319779693,320689464,-866548931
-318598639,319588301,-867330919
-318158459,318400467,-867846151
-318414024,317374781,-868112401
-319572130,316410691,-868145024
-320212299,315650084,-868364860
-320313237,315768004,-869583373
-318999797,315748669,-870839404
-317549595,315291174,-871643200
-315273336,314820607,-873066800
-312738132,314534305,-874582047
-310387285,315015276,-875787735
-309070606,316014575,-876380334
-308183293,317691822,-876726202
-307262195,319000402,-877264300
-307638742,321266030,-876562159
-309482771,322797906,-875361854
-309812433,323574265,-874762565
-309430587,323436254,-874636256
-310313006,323621961,-873946763
-310814013,324795364,-872545985
-312238365,326304590,-870637834
-313462022,326880240,-869826293
-314279531,327362747,-869381008
-313660682,326055563,-870498388
-312917312,325656298,-870790318
-313266106,326010812,-870193883
-314513843,326644240,-869033155
-314399306,326038655,-869383799
-313942452,325363248,-869750281
-313641554,324788326,-870054601
-314697378,325302180,-869083190
-315916507,325902244,-868130173
