#!,zero-counter: 601
-39957054,13582516,-535471771
#!,zero-counter: 401
-40973596,10635820,-554952574
-42629069,11769391,-554922348
-43734908,12500150,-554852666
#!,zero-counter: 895
-43338541,13591523,-560059655
#!,zero-counter: 56
-44445978,14419756,-559698996
-45843234,15360976,-559903851
-46980873,16114922,-559872199
-47580344,16509246,-559748261
-48067468,16889704,-559930870
-50125533,18130223,-560081676
-54428245,19832397,-560090257
-57624447,18996227,-559626634
-67674529,20949705,-558375859
-75168372,23038436,-557669923
-80407879,24230203,-556876863
-82328500,25237908,-555952839
-80375393,25522559,-555118593
-73551289,24500134,-555132057
-64120888,23580717,-553540786
-54791608,22977203,-552832076
-45377801,22449970,-550547849
-36210581,21574546,-547569444
-26654288,19628017,-544324892
-18013123,17648918,-540897936
-10066401,16001593,-537131194
-1689439,14222838,-533606880
6298864,12571323,-530510203
14088233,10635570,-528303811
22040238,8055771,-527237902
30096261,4873729,-527615469
38599643,1012352,-529630046
47680213,-3394338,-533368872
57335607,-7828508,-539071218
68363805,-12365172,-546620310
79915224,-16419997,-555776311
90254204,-19344096,-566106290
98861307,-21611422,-577180645
105621767,-23804207,-588379044
110859124,-26482904,-599637574
115341031,-30132327,-609703889
119641748,-35250308,-619689282
123748031,-41484076,-629379462
127905908,-48380487,-639078410
132040709,-54999770,-648713607
136611529,-60691730,-658011100
142559555,-65254221,-666788725
149469047,-67898059,-674965052
157343036,-68658865,-682399776
166973481,-68342883,-688851228
177273266,-66600258,-694284006
188067458,-64085131,-698590774
199319159,-61685669,-701945028
210407502,-59715232,-704631815
220685312,-58490238,-706833779
229377157,-57933993,-708602638
235875335,-57659622,-709885827
239331863,-57134961,-710430923
240026568,-56488737,-709982382
237817319,-55132594,-708616988
226569758,-46711966,-710577470
224729383,-46055790,-721420825
220612810,-43731895,-733753263
217316043,-43773597,-746660730
213726141,-44966031,-757182277
209169122,-46447457,-764520711
204066186,-48153987,-768352853
197648846,-48554730,-769379292
190872803,-48373294,-767770432
185953487,-48202540,-763019291
179700822,-43277636,-757411650
173955813,-35565393,-752028711
168680350,-26223246,-748767353
164674208,-18231132,-748769926
160766523,-10800316,-750731138
157657963,-4133857,-753332849
155857974,370036,-756433604
155190069,2131728,-760019910
153930959,3998444,-763841569
153633912,4942732,-766552636
154037763,5741294,-767245568
153679373,6650088,-766308389
151510255,7676482,-764682237
147914986,8578869,-763460451
147349106,5130677,-763280178
148320214,522043,-763794358
150286663,-4347629,-765306416
154400793,-11147322,-768171876
158536231,-17791125,-772484211
161457903,-23304601,-778459289
156825364,-34080751,-786748657
154729218,-41696795,-796350880
148171121,-52197385,-806413274
139566154,-64628117,-814285945
127892284,-71639228,-817316895
122262412,-78056807,-817595465
121877273,-80647551,-814803735
126479268,-79107751,-810167803
135295712,-74195301,-805142443
148179346,-68027633,-800331628
164248489,-62864557,-798818244
181296421,-58109822,-798753428
196157299,-52696532,-801913044
208141154,-46622002,-806230383
217993631,-40658559,-810453637
227337460,-35911302,-813874100
236303258,-32377489,-816433441
244958912,-30116783,-818482485
254121132,-29886317,-820244936
263735646,-31005441,-822201567
273980110,-33471663,-824700685
283061784,-35360930,-828187802
283567691,-25521962,-834020446
275468165,-2975633,-841956873
275259073,3232607,-848654257
272438335,7541532,-854343628
264796167,15464660,-859256834
251372377,27321858,-863322412
233045706,40327713,-867337692
211679070,51635784,-872384867
187565970,61859997,-879216354
163196485,72591169,-887073166
143823649,79322513,-894959266
127770280,84006528,-901576778
114942321,88128031,-905383039
105483402,91975206,-907179768
97707153,97715635,-906794453
92150385,103856845,-904774691
89069223,112350227,-902172203
88537489,116647833,-901117078
90409767,117875953,-902502140
94253166,117690917,-905711387
100921376,116693969,-909744018
109505811,117170570,-913552384
120107670,118488180,-916850349
132115969,119845190,-920512946
143264058,122061475,-922909429
153607031,123100169,-926195840
161925788,123690650,-928636872
169372236,123350140,-931923401
175956018,122559825,-934977355
180685432,121646692,-937766836
182761500,120859797,-940370837
182471784,120569066,-942821187
181186539,120732930,-945312352
178773344,121702009,-948122608
175147265,122998966,-951320710
171341747,124108075,-954683423
167958123,125009018,-957926312
165451183,125719878,-960816735
163923135,126510847,-963393886
162419699,127446702,-965774763
160886150,128167876,-967853867
160086080,128846527,-969517914
159994446,129867441,-970766888
160384710,130925613,-971725441
161321179,131652359,-972514970
162808286,131911547,-973111009
164202679,131523101,-973740851
165387299,130824150,-974719221
166381095,130351418,-976151921
166728723,130247637,-977896151
165856049,130777317,-979803809
163823783,132037617,-981878755
160959604,133849389,-984142146
156949275,136240135,-985674205
152347263,137553709,-987255585
147521789,137473981,-989589394
143216804,136438236,-991742255
139251809,135009507,-992811656
136327251,133334089,-994263738
133838418,132645026,-994829558
131857342,132641738,-996055365
129460969,133527182,-996614114
126873639,134398846,-997370781
123984126,134553263,-999005769
120751727,134294375,-1000532567
117432169,133423743,-1001195529
114788108,131660666,-1001533473
113335437,129214910,-1001585832
113601166,126569168,-1002250560
114287583,124154045,-1002439920
115263511,122040872,-1002649467
116381124,120689751,-1002608925
117341731,119883935,-1002341285
117720961,118984042,-1002016259
117271893,117801798,-1001752593
116480839,116360627,-1001594275
115947163,114929466,-1001558867
115721712,113842783,-1001447423
115910221,113282007,-1001328538
116268756,113373595,-1001209534
116328543,114126577,-1001100116
115680333,114994066,-1001112484
114353442,115599696,-1001383485
112175755,116014702,-1001854028
109269813,116263798,-1002402998
106066429,116280602,-1003018796
104282641,114879172,-1003642029
103663310,113337066,-1003733727
103974262,112167983,-1003659209
104464857,111285880,-1003310863
104893356,110620561,-1002785628
105314294,111744504,-998790655
105314200,112368484,-997856825
105183570,113155798,-996971007
105010037,114017553,-996183696
104816129,114799601,-995486508
104366810,116538980,-993745567
104274328,116765540,-993417156
104139783,117036628,-993133393
#!,zero-counter: 147
92877398,131761895,-941271093
93738610,131714309,-940708093
94889701,131848155,-940038485
96179997,132440758,-938994330
97953210,133555187,-937195614
99517805,134993820,-935199180
100863428,136970419,-932723662
102378147,138478445,-931045874
103723178,140509721,-929473012
105646323,145697340,-922897494
107571698,150491122,-915543081
108339506,151982982,-912130909
109147805,151998457,-911440633
109141742,151429088,-910417960
109507181,150877088,-909422021
109538529,150336605,-909998608
109511317,149311858,-910383861
109057572,148478275,-910947952
108645042,147507095,-911381410
108223601,146549638,-911814991
107949637,145629753,-912126737
107878560,144845501,-912336318
108849915,145259275,-911086242
109079974,146085272,-910921750
109337000,146947963,-910809325
109656392,147836427,-910695848
110088743,148614183,-910629694
110573186,149227100,-910692240
111065683,149607927,-910724774
114479428,151695735,-908605790
114671850,152539612,-907558821
114115931,153843397,-904733512
113761878,155216805,-900896987
114428963,157273184,-897830876
115698540,159717849,-895115440
117034644,162247358,-891610847
118167067,164638600,-887317689
118758903,166327711,-882827194
118748510,167292408,-878353285
119207153,167728217,-874565236
120290214,167933666,-872208286
121196167,167994165,-871651222
121455050,168032616,-872550843
120896564,168243215,-874281446
119629861,168263801,-876345054
117818804,167860446,-878666599
115963692,167145052,-881192861
113916350,166233789,-883631304
111729460,165081972,-885716793
111254870,163603362,-887285179
111674969,162443201,-887650607
112705704,161818211,-886845463
113490448,161843907,-886331881
113714419,161833096,-885931411
113722022,161784852,-885426509
113848771,161966452,-884711276
113959063,161895220,-884017895
113194435,162124469,-881640143
113039684,161918012,-879056372
111035050,162489903,-876113719
109166891,163040905,-873408699
108736708,164173901,-872384192
109538868,164579767,-872394816
110293099,165118644,-872141891
111149078,165958969,-871598020
111844807,166704278,-871029336
112356134,167085335,-870484145
112338201,165700875,-872039698
113329420,165493299,-875276594
114351272,165761150,-878616804
115287664,166075963,-880473547
117183605,168066005,-881705579
118129455,170436954,-882566749
118210042,171817873,-882422667
119172161,173442696,-881921467
119237330,174253401,-881568339
119833615,175333895,-880053790
119262413,175737012,-876720466
118305739,176056869,-874913944
116498048,175756373,-873666268
114208544,174436895,-871771681
112071038,172465222,-869855334
108824817,169519569,-868185266
104871339,166210527,-866531035
99152928,162612794,-863529845
94012731,160014665,-860831199
90968104,158882492,-859630715
90013459,159232514,-859494671
91683320,159718543,-859694641
98416368,161471074,-862195999
103912911,164823144,-865111457
107160673,167472191,-866951188
110506178,170039659,-868828854
114297547,172485338,-870638759
115799367,173890288,-871439738
118132629,175923985,-872302776
119915945,177440336,-873148714
120407315,178938646,-873353573
121280071,180334098,-872966066
121950750,181122399,-872686472
122400790,181739296,-872548803
#!,zero-counter: 65
120813048,178898001,-876814147
120554314,179914421,-875668956
120300005,181200143,-872807218
121465008,182100285,-869561442
123869203,183099962,-866863972
126741585,183852367,-863861327
129326109,184315155,-860061181
131248680,184390322,-855924755
131781959,184361966,-851537466
131440971,184285261,-847217824
131607374,184473545,-844175666
131868178,185227420,-842987600
131446887,185996027,-843442822
130205865,186572802,-844659876
128822475,187017400,-846189525
127312488,187378810,-847742292
125455527,187353261,-849301336
123238226,186805377,-850830140
120960212,185746330,-852352361
118903016,184436837,-853981792
117010175,182991878,-855596007
115084482,181480464,-857384127
112856063,180136478,-859550869
110066710,179261008,-862357242
106548668,178720380,-864992424
105101603,178576472,-865810814
104209964,178204073,-866292342
103963054,177227329,-866538133
102620524,177691791,-864874547
100279722,178043975,-861280282
95767180,180890434,-857551315
93445786,182301873,-856259361
89610540,186135593,-854580152
87660868,188630586,-851584664
85307551,190985584,-849518276
83949942,191889336,-850100832
82665321,193126902,-849764572
81374175,194370686,-847532617
81121365,194412015,-847911774
82831771,192851597,-848849777
84389131,192168690,-849818619
86739442,191279144,-850982743
89125657,190332555,-852028371
92379658,190369546,-853719223
95473987,190348315,-855640609
98865344,189998716,-858101740
100234678,190825058,-859619721
101468753,192322699,-860358716
102319470,194130982,-860914306
102551734,195519148,-861276584
101615099,196147898,-861085904
101225009,196314081,-860758649
99629430,196624692,-858792331
97378768,196346059,-856413357
96243182,195954516,-855428745
95685087,194982155,-854355242
90200507,194168786,-851386255
87298192,192374706,-848979596
84003451,190432003,-847619535
76931802,189322048,-845050023
67388343,188074577,-841348624
62461075,186019026,-839120081
60712535,185245678,-838906681
61775149,185690351,-840257025
66331623,185556629,-841888804
73856005,185481839,-844873448
80814002,185634804,-847071585
87765824,185659055,-849776525
93400906,187333103,-852151087
96338876,189065997,-853286926
97772240,190764086,-853797943
100008386,192390283,-853789586
101500805,193699340,-854150126
102226765,194294330,-854142890
#!,zero-counter: 12
103691569,193794481,-856281799
102929287,194212614,-856089181
102323996,194597346,-855883571
101846490,194922772,-855731630
102517296,194176146,-856474891
103189558,193710679,-856840696
#!,zero-counter: 16
103534397,193208714,-858136059
104617641,193857044,-858124704
103942706,194419086,-856615820
104290372,194935242,-854483931
106233088,195333356,-851966864
108180746,195635487,-848453067
109195915,195784154,-843758379
108551240,195540129,-838379051
105856187,195332222,-833272454
102724085,195462689,-829692174
100815123,195975121,-828207354
100020998,196197032,-828860643
98700102,196270871,-830945704
96912299,196352074,-833622799
94733959,196272170,-836553081
91786862,195960354,-839445699
87998980,195273427,-842058109
83365664,194601540,-843964509
78460526,194257507,-845137716
73788479,194394742,-845478399
71370437,194922214,-844578555
68376513,197137504,-842210094
64837797,200703347,-839382787
60918074,203797430,-837298474
56389004,207524037,-835396302
52827802,210943218,-833555426
49196172,213827370,-831594606
44689355,216462552,-829240712
38276888,219559776,-825806170
33248634,221750881,-822937735
32525070,221765231,-823192307
31979036,222252328,-823679472
32049286,223506392,-823401181
32123578,224189782,-823194653
35012166,223948907,-824100363
39218541,222751138,-825721916
44499344,221743665,-828176561
51465020,220141711,-831778359
57218858,218700390,-834633094
61878679,217637620,-836744727
64090874,218154139,-837864816
63716371,219398405,-837862598
63103995,219953012,-837744267
62563641,220244144,-837661393
61738485,221035450,-836961359
60305391,221560646,-835378066
55966656,222316236,-832695549
50710854,222330975,-830292261
43124055,222194073,-827718360
35592401,222207788,-825039053
26309271,222662830,-821382786
17765609,222907551,-817662668
11852081,222683481,-815213941
9649032,222974623,-814258448
8372160,223720305,-814127131
8067043,224135145,-814193164
10090869,223823340,-814736020
13566100,222796441,-816670628
20069157,221780606,-820193958
28163169,220064679,-823653406
36888182,219598840,-826484955
44332563,220127206,-829081405
48855822,222142379,-830542733
52368218,224354546,-830787799
53805789,226708920,-830692283
54643804,228497466,-830561244
54333553,229721543,-830259436
55717126,228935249,-830703610
56785460,228091844,-830987515
56610167,227914407,-830210166
57532327,226932521,-830729133
58625264,225884821,-831866175
59878598,224870251,-832482303
60795937,224323262,-832983453
61707432,223738948,-833247373
62437066,223209270,-833560957
#!,zero-counter: 13
67481561,220084659,-836866326
68555968,219602347,-837306340
69622164,219147764,-837754516
70483699,218868000,-838199082
71983571,218909929,-838751438
73039641,219101283,-838957405
76078448,219318459,-838943702
81426923,219173166,-838512505
87122689,218693798,-837239119
94827782,216865800,-835730125
105564411,213927592,-834464220
117782547,210120120,-833928190
129551550,205713085,-834070625
139365271,201074924,-834695995
146610932,198324051,-835320034
150668538,197115368,-836296017
152424327,197457996,-837398794
152432462,198010941,-839534926
150495762,198843799,-843001602
147538754,199339343,-847846775
144883112,199195716,-854016975
142996704,198417555,-861147071
141817902,197450041,-868587786
141223917,197439440,-875550413
141286980,198445610,-881681402
141466746,200184907,-887025825
141254742,202211603,-891620571
139765600,204187237,-895831630
137055099,205576341,-899722443
133660243,206001646,-903670657
129728053,205350244,-908387000
124934886,203204393,-914158231
119600215,200321221,-920012425
114653479,197744318,-925499108
110739873,196068789,-929878078
108200027,195241622,-932309387
107215510,194794576,-932887917
105225477,193278086,-932119017
103767994,192983561,-932196455
101824397,192425491,-932713707
99662397,191739826,-933750973
97460338,190837492,-935293232
94946457,189692615,-936516950
92484280,188597684,-937643050
90120769,187467425,-938594878
87839705,186259515,-939331902
85869521,185145241,-940052485
84096839,184304498,-941033533
82155894,183913521,-942550661
79949112,183879547,-944558187
76979841,183853833,-946808880
73392565,183501013,-948994201
69966744,182771151,-950960884
68269138,181958936,-952025791
67778561,180418984,-952319634
68497023,179188635,-952436699
69719449,178315650,-952135243
71351930,177681013,-951649100
73005092,177489469,-950374809
74566721,178045641,-948261563
74996075,179894507,-945385855
76641195,180943656,-942720368
78057732,181313864,-939275079
79182129,182674009,-936579163
80719446,183313019,-934953547
82674733,183939264,-934105975
84382267,186013642,-929812032
87308078,188963543,-923724672
89467403,191055517,-920924001
90593100,191471436,-921070942
91632615,191479068,-920610738
92060538,191056487,-919841760
91277424,190667906,-918861077
90727887,190562971,-918358113
89725629,191002558,-917892629
88572806,191583845,-917428785
87681229,192111013,-917363578
87749878,192600312,-918358978
87757955,192930671,-920392303
87950683,193052027,-921601355
88036671,192788405,-922996041
87751312,192815083,-924157747
87405388,192935924,-924424670
88229797,193846586,-925474540
88713683,195303554,-926647209
89703805,196903091,-926537867
90452494,198312606,-926059502
91433435,199519245,-925582312
93096752,201065368,-924698936
94203442,202238630,-923675202
95110507,202611444,-923076533
94654732,202919861,-920881755
92629051,201662739,-917037583
89420093,199362210,-913087793
86241935,196020465,-910056537
82966749,192437439,-906774850
79448780,188788017,-903187733
75448590,185283329,-899676722
73984248,182103270,-897542218
72578197,180789994,-896557380
71574251,180079816,-895736934
70421554,180048437,-895210341
68989621,180838301,-895009912
67745390,181502107,-894953051
68099756,182555168,-895510129
71382353,184907737,-897170451
74771120,188768648,-899338044
77109816,191979901,-900991487
79809092,194770361,-902415934
83076834,197465453,-903341398
85830820,200668507,-903956231
86649818,202879128,-903923276
88479174,204444787,-904252698
90201763,206892760,-904546157
91230766,208689657,-904411535
91092844,209539375,-904417240
#!,zero-counter: 41
91072037,209122684,-901543780
91024394,210138593,-900828260
91220314,211225539,-899703568
91691200,212015134,-897590328
92942456,212270799,-894699356
94968406,212021380,-891785820
97192341,211675532,-888954372
99351475,211628832,-886072754
101428961,211946265,-883380507
103187324,212377409,-881109074
104270141,212769160,-879020869
104730957,212778036,-877229405
104342942,212280669,-875925749
103244246,211524473,-875198030
101468993,210761584,-875246804
98768589,209950933,-876101936
95108483,209142913,-877739300
90893353,208282582,-879971819
86525372,207227695,-882540306
84350648,206313427,-884534329
84891614,204688537,-884357857
85893210,204740680,-881599503
85543330,204874099,-878262436
83403688,205147674,-874640151
82727993,205243270,-870980395
82652149,205120012,-869256356
82299914,205952898,-869434071
82301445,206450067,-867864906
82827865,207155387,-866999727
83397391,207934700,-866822481
83800235,208434621,-866359262
84004765,208609150,-865774160
82966298,207986478,-866583581
84827311,208096031,-869777908
87265662,208574275,-873212535
89700153,209619429,-875820538
90817104,211119446,-877626960
91827016,212274305,-878381496
92262226,213160979,-878453571
92506343,213946309,-878247478
93380266,214606222,-877899708
93743879,215370085,-876395464
92922670,215903176,-874072460
92730691,216010031,-873231585
93115684,215935173,-872880673
91906467,215206976,-871520144
89694812,213571514,-869489268
86717361,210816071,-866795682
83880459,207570566,-864816821
79369654,205442609,-862245736
73723768,202923091,-858015800
67827249,201335177,-853410221
65706137,199961216,-850853155
64390785,200015883,-850056865
63571125,200450619,-850059609
63646567,200098392,-850681504
64342235,199867877,-851770156
66504261,199519315,-853693805
69442859,199743519,-855502089
71437378,200660987,-857013419
74273630,201845553,-859002106
76742981,204271951,-860933705
79435381,206331170,-862903768
81105480,208209301,-864420747
82229718,210486442,-865469869
84402548,212160455,-866119139
85945971,214128889,-866795256
85260457,214778298,-866907445
85841498,214722521,-865855903
86063475,215087630,-865323020
85962432,215132709,-865766113
#!,zero-counter: 11
87244577,215310338,-866430019
#!,zero-counter: 45
89132409,216828923,-866355545
89931944,217153785,-863730524
91217014,216946431,-860617861
92889329,216532345,-857719342
94121902,215796947,-855029415
94608349,215000868,-852510964
94601333,214493841,-850615446
94017683,214458222,-849380926
92986626,214601172,-848677799
91890048,214786359,-848577438
90688076,214798961,-849085405
89038555,214532148,-849877580
86869870,213795181,-851010376
84177776,212801782,-852501670
81179678,211507458,-854325216
78048397,210152840,-856113600
75933939,208626557,-857810634
75060572,207698319,-858518523
73378670,207412463,-857387277
71554671,207709327,-855669317
69841859,208808588,-854366786
66773881,211048104,-851629556
63862158,213832556,-849367380
61732416,215943646,-847849752
60514695,217410813,-846623078
58545503,219552025,-844723640
57234932,220188527,-843571439
58370338,220377861,-843772389
59366527,221067651,-844269914
60193429,220698097,-845224771
61164150,220807013,-846053525
64182665,220645590,-847851677
68081588,220425486,-850666811
70483185,221173087,-852500708
72559569,222169012,-853902958
74269837,223369775,-854893707
74669847,224335377,-855498383
73891325,224666608,-855389456
73170739,224292853,-854855206
71587561,225140895,-852139697
68294773,226304673,-848969259
65160484,226721228,-847073009
62708943,226576917,-845256329
59165449,226252334,-842990017
55349194,226016182,-840784406
50644343,224900163,-838682930
42926992,223500740,-836097317
35019363,222504989,-833124489
27878037,221947880,-831261716
25116152,221124424,-831103614
24678402,221539302,-831367513
23573364,221634195,-831571689
27827102,221464849,-833517159
35801733,221181338,-836856651
44855211,221780972,-840407027
50576468,222342472,-842394742
54935634,223215228,-844050295
58701386,224551461,-845845787
61420876,226182105,-846695517
62844347,227705759,-846951883
63735099,228805340,-847189048
64187755,229865035,-847107013
#!,zero-counter: 38
64987255,230351589,-849557860
66149882,231104872,-848790661
67125464,231614070,-847701817
67692431,231943746,-845595781
68127904,231917572,-843312414
68741250,231720084,-841249055
68576664,231411791,-839052607
67562218,231522999,-836432090
66467411,232169870,-833350397
65620512,233105413,-830140660
65423816,234017483,-827386123
65627299,234610059,-825526763
65274538,234934386,-824515489
64610635,234917254,-824251164
63214059,234729114,-824586430
61101277,234471619,-825380132
58999494,234131669,-826723568
57027050,233785121,-828755357
54730169,233260964,-831535353
52233736,232536908,-834885934
49655033,231904891,-838332502
47046564,231407030,-841034241
45646536,230829564,-842524454
45340114,230012295,-842490767
43507086,230819748,-841558375
39056846,233083314,-838404260
34591309,235495428,-835771212
31666760,237434426,-834456632
28718581,239477610,-833522510
25205484,241920812,-831287133
21576943,244997631,-828680795
18958406,246390946,-827361702
16682390,247592727,-825920624
13497922,249490775,-823848300
11801094,250713951,-822351928
11133826,251418595,-821906820
11543173,251427982,-821731412
12634852,251356475,-821673779
14104949,251029723,-821644322
15831901,250525721,-821863107
17730252,249738165,-822313381
19358554,249037271,-822914946
20412345,248419146,-823764398
21350252,247928802,-824614507
22607567,247191352,-825527538
25393111,245859945,-827379417
31136313,244709793,-830972572
37205257,242841976,-833988901
41951792,240860243,-836810128
43906706,241387048,-837538777
44878858,241687956,-837551674
44708067,242517866,-837537091
44059718,242958970,-837232007
42980005,244402653,-835670401
40073307,246018598,-833105995
35236176,247541044,-830154058
28820714,248194741,-827181962
21044642,248527532,-824075917
13577310,247779195,-821134152
6272776,247676467,-818111309
-229509,247006272,-815717816
-5592761,246329364,-814332258
-8783238,245711364,-813626185
-9440879,245039913,-813971213
-6477651,243859083,-815902755
112349,242459644,-818677970
9408003,240834624,-822272241
17971943,240018722,-825180675
24853495,240854526,-827341027
30485121,242547287,-828985278
34460645,244045327,-829709434
36720716,245785450,-829924644
37657446,248233055,-829790514
39032782,249706605,-829568005
39644238,250426658,-829455232
41317061,250055479,-830126710
42017966,249673137,-830581932
#!,zero-counter: 22
47687076,245754960,-835212913
48966341,245462194,-835494754
51052734,245240596,-835835049
54724558,244667202,-835928995
60596999,243410044,-835738502
68002961,241014901,-835579970
75190531,237500624,-835612178
81858505,233036215,-836121020
88561053,228055192,-837438254
94575030,223514355,-839405282
99371196,220170968,-841802978
102610294,217413914,-844905099
104204444,216116383,-848103395
104980347,215432444,-851675886
104415876,214819054,-855898206
102919118,214689892,-860513066
101751967,214818228,-865371861
101851107,215066225,-870312081
103048692,215580527,-875320416
104299419,216660381,-880289580
104856810,218189867,-885471267
104494208,220393482,-890780671
103306091,222923302,-896062385
101166623,225330233,-900913488
98690078,227524689,-905006938
96155594,229740004,-908280307
93977988,231848881,-911016011
92470532,233496187,-913589927
91561372,234572807,-916319475
90894944,235309788,-919285006
90679019,235556543,-922375312
90365207,235263768,-925522962
89014605,234720349,-928439428
86590066,233958999,-930938861
83416831,233085199,-933094628
79819896,231979411,-934854453
76654269,230650694,-936207620
74531760,229404420,-937205114
72908143,228390654,-937651178
71878042,227655076,-937453071
71463089,227212639,-936933963
70525328,228231717,-936044972
69555784,228800058,-936254632
67826797,229444702,-936519643
65758415,230095567,-936799312
63948650,230783309,-937039846
62645031,231550592,-937090391
62201794,232343792,-936777197
62667424,232895195,-936246393
63694409,233275197,-935737903
64893113,233512635,-935336881
66130944,233539063,-935016561
67205605,233385479,-934746935
67653602,232764693,-934572629
67325152,231816148,-934432542
66547649,230756123,-934381320
65214459,229815366,-934507085
63519825,229108392,-934967440
61415245,228858427,-935830769
59161525,228798844,-936964464
56957392,228659684,-938203059
54955532,228412519,-939425254
53852283,227624482,-940654869
53359579,226627109,-941253425
54514050,225743384,-941470175
55851616,225576998,-940755902
56797109,224970106,-938907402
57155085,224676299,-935222706
57220966,224473804,-931481212
58160519,224567470,-928886568
59616402,224896573,-926618790
61729533,225923537,-923894320
62725576,227451855,-921546145
64039171,228167959,-920742654
65747333,228690219,-919695736
67157328,230458186,-915762176
67798045,230811680,-912009681
68388340,230241174,-910584287
67875149,230178806,-910193578
66791835,230270681,-910002426
65830165,230339946,-909802709
65867063,231330021,-909905291
67095951,232507862,-910904125
68272781,234063559,-912836773
68537635,235038275,-914097992
68298571,235951220,-915092182
68634027,237249633,-916711368
69039706,238920191,-917781171
69692575,240079773,-917952308
70752828,241051000,-918017521
71750077,241673406,-917817916
72744793,241751415,-917571568
74067582,241890001,-917062433
75329480,241897192,-915751530
75689570,241123142,-913278916
75562340,239568731,-910626060
73467759,236515674,-907643758
70903008,232943543,-904158804
68371726,228949436,-901774758
65030274,224220361,-898991423
59722352,220018372,-895312632
55161057,216075795,-892656945
53852367,214517523,-892042832
52940536,215333216,-891929141
52114317,216004535,-891579564
53871482,217628654,-891974105
57912580,221369308,-893790286
61580543,225113700,-895646539
64051316,228401929,-897630537
66727690,231087974,-899747201
69264344,233597997,-901784856
71987624,235367881,-903032333
74102421,237592831,-903270044
76231175,240058243,-903966110
76389018,241661315,-903969614
77645559,243297544,-903240758
78377058,244314771,-902759191
78743464,245312869,-902289456
#!,zero-counter: 36
77403924,245392251,-900175645
77148168,245945398,-899885548
77090003,246557348,-899453145
77295415,247035671,-898925666
77511020,247387370,-897882583
77758829,247262637,-895686469
78829556,246818707,-892800643
80659919,246659502,-890065290
82842583,246724280,-887663768
85218924,247068572,-885664353
87124900,247531908,-884055999
88382360,247925842,-882837910
88897463,248145633,-881929320
88738686,248033450,-881394580
87908282,247558538,-881115428
86865535,246718854,-881146176
85662579,245600846,-881509754
83668594,244214304,-882232265
80806848,242743437,-883077067
77132285,241483250,-883772589
73316766,240326400,-884765808
72395247,239971446,-885395122
72168737,238999273,-885584052
72739714,238050318,-885868898
72859564,237767650,-884839875
72701011,238234441,-881213832
71539902,238341369,-875980567
71203868,238302518,-872305375
70522363,239060890,-869377801
70294273,239230869,-866603180
70650514,239510582,-865764375
71149330,239477957,-865394160
72034842,240110319,-864261536
71660415,239951611,-863849975
71258791,240324813,-865052044
72236534,240646908,-867078074
73716489,241598124,-869284910
74895685,242479266,-871409230
75366016,243290975,-872938169
76199372,243830163,-874441676
76654000,244613801,-875730478
77284473,245624466,-876529098
77906270,246426258,-876766871
78826172,247277522,-877304007
79460137,247716460,-877542187
80254110,248082713,-876220685
79392613,248939956,-873591974
79175622,249476894,-872670216
78928962,249368915,-871810221
78324558,248387536,-870899761
76718601,246937299,-869406706
75977891,245640813,-868962159
74925933,243919558,-868610414
73592331,242242552,-867833468
72252628,240724321,-866747024
70598205,239713923,-864827149
68896360,238558060,-862069576
65716604,236831945,-859670845
63097631,234931879,-857395566
60076988,232632778,-854897363
57166427,230218173,-852462505
55490893,227848209,-851533627
55266480,226308161,-852187007
55059779,226156627,-852872661
54630148,226009149,-854136228
56643800,227014350,-855551711
59759048,229170073,-856951662
62252241,231917148,-858377393
64023682,234323429,-859268884
65946589,237313700,-860463393
68924648,240968246,-862068066
70675712,244648129,-863431624
72114250,247764191,-864937547
73304314,250945650,-865802934
73283983,253056659,-866102166
74728398,254431571,-866032641
75574154,255545025,-865879597
76494605,255553257,-865694790
77476912,255386707,-866048132
78156280,254670333,-866401743
78815245,253799060,-866837930
79319379,253124540,-867248921
#!,zero-counter: 51
78647425,252572437,-866762677
77729528,251813209,-864139576
78128084,251410381,-861660194
79069885,251175166,-859541435
79625954,250895900,-857158994
80156543,250738903,-854836821
80318264,250606560,-853353137
79652248,250396302,-852649920
78454833,249935041,-852523711
76934365,249444122,-852971470
75510743,248843750,-853938246
73908269,248170586,-855407795
71967841,247403707,-857225153
69875779,246622548,-859150444
69460236,245754896,-860159016
69488497,244883963,-860827242
69480355,244635632,-860348117
68514095,244232919,-859271508
66649528,244300968,-857672430
65134693,244429971,-855672939
62750602,245363000,-853116906
58535623,247521966,-849574130
54892022,249412426,-846324575
52566865,250696385,-845246466
51324798,251931984,-844600888
51220232,252616612,-844447677
52529036,253268605,-843818583
51132396,254154434,-842185702
50881698,254214152,-841599718
50604985,254257574,-842949504
51446421,254526224,-843961141
52962714,254924298,-845612521
54708028,255134071,-846940706
56717661,254756352,-848406048
59280308,254969401,-850777025
61690135,255403587,-852625758
64080108,255927179,-854128296
66257716,257301071,-855756517
67626214,258784301,-857399237
68626352,260470747,-858278997
68442541,261997121,-858310699
68146309,262679290,-858054605
67978024,262897481,-857623520
67944823,262816619,-856732016
65673713,263295298,-853354134
62780075,263458361,-849359500
60309617,262929813,-847393138
58004833,262391983,-845988663
55881598,261487763,-844615452
53428800,260074419,-843330038
50847630,258846627,-841823448
44752821,256701336,-840100497
37156530,254278370,-837966341
28985183,250970893,-835992202
22189619,249049422,-834048291
19150399,247701872,-832870805
20015583,247245513,-833161990
19182713,248098829,-833559870
18794754,248830310,-833660625
22461788,249663066,-834112992
30059272,250661023,-835696002
36410792,252281667,-837915876
40101957,253908315,-839680499
43493512,254842065,-840959924
47931609,256418434,-842109433
52047825,257499543,-843812031
54130874,258620705,-844781859
56424256,260293605,-845775539
57635960,261628296,-846205768
57345518,262218157,-846121818
58175422,263926413,-845673246
58891997,265246176,-845678278
59383498,266376775,-845623144
59965199,267398138,-845737357
61364451,266571773,-846508060
62103608,265980289,-846903167
62552652,265283333,-847373863
#!,zero-counter: 17
63025256,261919023,-848900084
61850983,262089500,-847940880
60562613,262388283,-846365532
60280341,262655555,-846481694
#!,zero-counter: 60
64083515,264527178,-849714932
64419202,265341630,-849449355
65618070,265881160,-849419299
67750192,265847127,-849266095
71189398,265164246,-848141643
75805719,263870469,-846113132
80353211,261722479,-844217151
83601670,258570707,-843063301
85370614,255679049,-842117561
87276918,254131268,-840668031
89521186,253752585,-838826596
91574507,254280633,-837041996
93685859,255709524,-835307995
96016097,257551711,-833478353
97591634,258865395,-832205305
98106475,259682037,-831860919
97959888,260160692,-832495315
97633307,260521633,-834022582
97645259,261092235,-836406950
98568813,262065584,-840024492
100351374,263780672,-844879725
102151019,266093696,-850710392
103119421,268321960,-856842280
102507486,270621015,-862637417
100479110,272304363,-868118394
97263594,273142081,-873495405
93724838,273173750,-879077188
90403082,272716436,-884695307
87670575,271877046,-890137361
85918023,270651066,-895416875
84926069,268996386,-900408801
83862897,267417637,-904336044
83068585,266035829,-906963441
82653951,265151106,-908278956
82640542,264474650,-908620803
82440581,262012524,-909277276
81451841,261335090,-910084258
79868342,260580529,-911174820
77488390,259574626,-912549451
74078770,258274484,-914056677
69778976,256745014,-915713842
64882776,255028018,-917598569
60235971,253220187,-919805366
57681199,250653951,-922422017
56480165,248615213,-923628128
56961300,246816358,-924365841
57954660,245651814,-924485479
59253730,244970377,-923126152
60545116,244593208,-919792264
59177211,244571235,-914252385
60346822,245619062,-909171649
59448026,246019046,-904228665
59605732,246833143,-901768661
59343228,247992234,-899898476
59848109,248606124,-898136161
60358401,249002238,-897451522
60927439,249189745,-897082406
61442658,249265431,-896658189
61243426,250181036,-895598108
61054791,251010109,-895705721
61754559,252434102,-896686272
63102702,254633005,-898708566
62980386,256878827,-900509146
61999276,258400435,-901817137
62024194,259511235,-903135082
62142086,260185770,-903719840
63503281,260267458,-903810868
64761540,260648411,-903769823
65728607,260793979,-903327438
66719197,261013184,-902644748
67405502,261169223,-902097417
68011151,261463759,-900920932
68247794,261808720,-898354915
68049932,260807280,-895126811
66792822,258714555,-892457247
65210295,255322655,-890125219
62778122,251939784,-887184244
59327778,246456552,-883701632
53678945,242024072,-880476194
49976342,239318964,-878725712
45025216,237692987,-877919561
41605133,236816878,-877519193
42168370,237352005,-877365244
47096658,239667555,-878483813
51761436,242434869,-880473348
54559985,246018313,-882224433
58368553,248897150,-883966677
62136699,252482794,-885778385
64827682,255912940,-886952585
66728023,258791977,-887567241
67784797,261553673,-887857450
68014086,263091769,-887817732
69211622,264234429,-887338374
69790944,264930391,-887014846
70340126,265341026,-886768155
71034042,265707902,-886584899
71706390,265938872,-886528145
#!,zero-counter: 65
71642895,267916139,-885286172
72120114,268974821,-884432911
73549822,270117263,-882393403
76381414,270682894,-879155481
80806969,270919291,-875147908
85824146,271026462,-870665832
90069174,270772662,-865914309
92856382,270070149,-861467236
94467198,269209497,-857751643
95261402,268464639,-855129007
95395098,267987164,-853611162
94659725,267463003,-853055298
92986177,266709688,-853219929
90556722,265676618,-854039710
87460165,264416390,-855593783
83611964,263244975,-857936905
79114709,262333467,-860728086
74259695,261678576,-863821635
69347522,260939154,-867167204
64629439,259854489,-870275767
62766443,258634438,-872485720
62493591,257412576,-872901015
63289934,256766918,-871290185
63256883,256541637,-868392435
62998957,256367640,-865925869
60619732,256875796,-862616058
58633939,257619259,-859589191
56794641,258106415,-857283422
56164771,258537050,-858083204
55083277,260611648,-854860278
54888988,261800594,-852707923
54632771,261945670,-853187260
56689725,262559415,-854638309
57709900,262819696,-856306039
58893153,263659104,-858926690
59830970,264518751,-861567176
60807342,265031116,-863023701
62162554,266375801,-864487270
63569876,266789270,-865739185
64651036,267241928,-866270262
65566298,267685882,-866395367
65719639,268725836,-865863271
65346865,270181095,-864510585
65010152,271898355,-863330824
63984616,272872946,-862607094
62406329,273136220,-860611824
59230382,272816138,-857963771
54675970,270600373,-855742102
49434493,268144203,-853340050
42969223,265169042,-851677017
36359592,262400849,-849213402
30383562,259363708,-845678601
25127688,257157569,-842681110
23917368,255772647,-841850449
24469956,256079615,-842789084
24391893,256794799,-842682509
26889460,257471338,-843052464
32615482,258599522,-845132296
38044848,260286384,-847364630
42718216,262137159,-849432632
47541642,264847775,-851484703
52109731,267544507,-853557024
54699869,270143059,-855473646
56861339,272121731,-857116117
57778906,273917346,-857364461
58819365,275492852,-857444144
58864110,276371517,-857471621
#!,zero-counter: 74
64165517,274703428,-860755995
63707779,274134230,-858930933
63608363,273206795,-856896085
63714797,272251663,-854970396
63592080,271318320,-852966178
63013942,270537374,-850811887
62462380,269766738,-848855440
62190730,269402338,-847681440
61308515,270015354,-847652721
59886027,270289738,-847872535
58001716,270330282,-847973565
55739267,270026951,-848016187
53233938,269532694,-848253870
50395839,268867257,-848562190
46809623,268261792,-848609865
42489355,268049806,-848224563
38878404,268677556,-846725497
35404905,269476513,-844549837
32576567,270473761,-842090141
29535035,271913870,-839488572
26825295,273193320,-837643767
23681511,274953596,-835661466
21060887,276518633,-833423796
17464093,278079821,-831223649
15842569,278619144,-830410804
13915415,279248033,-829530420
12406632,279621679,-829087355
10775923,280570819,-828577419
9240248,281472001,-827936478
8367562,281917447,-827517305
7897873,282232888,-827557834
8533159,282763955,-827167910
9689852,282889280,-827055367
11981023,282662659,-827364073
14698197,282406051,-828224934
18012839,281335793,-829968695
21782704,280830389,-832166885
26019924,280322115,-835284559
30603527,279767581,-838619644
34789527,280442792,-840790883
37885836,280967126,-842772800
39501558,282059452,-843770235
39767698,283276336,-843823187
38756028,284026082,-843709717
38095159,284293620,-843509254
37341001,284746115,-842319990
35225417,285334688,-840086425
32558966,286346236,-838440722
31219477,286797633,-837912077
29631581,287340004,-836806740
28976805,287858326,-836110042
28160997,288275471,-835264229
27509570,287693995,-834985572
27587068,286459948,-835037628
27564870,284835662,-835162632
25161894,283541146,-834303021
22320656,282808057,-832952332
19611307,282832698,-831642581
16747572,282751646,-830720112
14159365,283213962,-829375398
10656778,283291206,-827498317
5804111,283123609,-825347884
2552552,281865231,-823284531
251094,279803317,-822286459
-2586548,278028119,-822022640
-3563323,275577789,-822445518
-3923539,273406079,-823848820
-2506152,271863705,-825169902
-1713616,271117673,-825854277
1081992,269533139,-827941944
6635083,269108309,-831003786
12726567,270272011,-833644146
16333823,272311797,-834877585
16634583,275240515,-834670383
17100388,277895939,-834672335
20631583,280565681,-835378208
22272193,283336707,-835703297
24316242,285859084,-836253482
27423545,288455378,-836921908
29414872,290387672,-837570080
29791299,291807696,-837746994
30044723,293057585,-837367499
31564236,293028509,-837394318
32034495,292041274,-837380465
31275841,291956535,-836804402
34202489,291181460,-838680730
#!,zero-counter: 83
42296604,287646716,-845592948
43806890,288484243,-845399168
46983617,289714852,-844984609
51224047,290613528,-843774308
55923590,291172572,-842000871
60570841,291373154,-840101768
64411085,291262202,-838203927
67484290,290838422,-836538906
70659477,290412735,-835349959
74783425,290027755,-834846479
79279415,289849749,-835034431
83953111,289877116,-835920029
89098463,290033614,-837432653
94669895,290011154,-839766094
99979638,289846043,-842957971
104343726,289733377,-846529886
107318812,289678249,-850262478
109097353,289594612,-854135673
110028056,289369886,-858118688
111004620,289145447,-862103485
112821962,289166023,-865897865
115714802,289592087,-869175419
119748950,290101417,-871639419
124742084,290571858,-873404219
129887958,290634880,-874782629
134522783,290230651,-876163196
138150945,289307558,-878290464
140142920,287895610,-880625274
140970714,285630683,-883578334
140718233,282776728,-886250819
140249067,279340258,-889183335
139689168,275779535,-891775640
139599037,272295781,-894151995
140251754,268928842,-896651644
141148580,265777011,-898864209
141595423,262885916,-900678152
140961259,259598939,-901950101
139298676,255879956,-903342011
137134602,252141386,-904376322
135234125,248408140,-905323447
133228295,244987237,-906211586
131497067,241814353,-907030896
130339280,238705786,-907837504
129446321,235359118,-908686468
128613202,231941992,-909749510
127670326,228821434,-911064224
126538051,226135874,-912342522
125018205,223746887,-913460417
123178004,221666171,-914463406
121111557,219971038,-915438634
118946951,218776071,-916438287
116938710,217965072,-917614551
114825949,216848152,-919189396
112295048,214979475,-921240088
109526070,212586769,-923474836
107120350,209955606,-925611756
105076980,207779160,-927417798
103205781,206078546,-928743641
101746543,205083113,-929843801
100923967,204837434,-930985896
100396813,205264350,-932128768
99780456,206058117,-933028263
99117130,206971183,-933737511
98167000,207740097,-934426363
96874961,208080042,-935284430
95194771,207723931,-936362613
92905658,206868534,-937786162
90387180,205852047,-939524955
87532004,204794509,-941455796
84335326,203623795,-943482440
81888019,202277807,-945283316
80704048,200802684,-946459528
80768745,198895319,-947038737
81270328,197541903,-947026254
82393107,196286362,-946475803
83712509,195304107,-944752501
85231941,194949704,-940500541
86381482,194261109,-936774694
87077635,192850821,-933157285
87053852,192376655,-929501894
87533839,191805501,-927675485
88165522,191361307,-927335926
86478810,193628118,-926320288
87071360,194486719,-927824367
86813140,195969240,-930327554
86480596,196711360,-932868840
86374791,198074685,-934315061
87125176,199451977,-935483280
87974860,199691160,-936201801
88848713,199780990,-935968052
90635683,199592207,-935534215
93398407,199775443,-934771103
96524199,200551179,-933339756
98887454,201728556,-930654065
99902932,202511693,-928146397
100200084,202064594,-926136038
99706906,199662720,-923486031
97341951,196174045,-919629473
93316461,191727404,-915506861
88605759,185254451,-911964853
83738385,180404025,-909239390
80374275,177350433,-908112582
76972595,175500810,-907857305
74108208,174827587,-907594698
73026072,175124113,-907676218
74767874,177058799,-907634787
80257574,180398879,-908889728
86095177,185142854,-910385991
90172514,188929118,-911867561
93620864,192679633,-912501990
97050141,196116633,-912844866
99839441,199381273,-913357749
102078677,202576753,-913768943
103291240,205134351,-913432329
104393199,207401491,-913102659
104515433,209231277,-912799640
103918321,210732267,-912315689
103490413,212224111,-912010044
103295335,213276287,-911863834
103498697,214573130,-912059986
104669137,212901484,-912457623
#!,zero-counter: 46
105139648,214619485,-910699408
104836224,215576379,-910270891
104445824,216499821,-909774098
104184993,217479092,-909201525
104134601,218336519,-908588322
104465471,218968986,-908067458
104738345,219104599,-907258866
105125668,218721106,-905878074
106211490,218238762,-904001384
107825958,217701664,-901768514
109783110,217168543,-899168324
112120678,216817092,-896323924
114544798,216577285,-893459196
116621449,216236038,-891106317
117897196,216003876,-889618408
118250730,215723465,-889132944
117618171,215178827,-889434557
116136897,214352648,-890213900
113959787,213116963,-891360295
110952901,211530775,-892690599
107347455,209689420,-894040675
103336851,207739609,-895150246
102031971,205703400,-896374009
101552051,204723414,-896609859
101646151,203344069,-894697754
101211868,202673282,-891111781
100915145,202237715,-888935516
100505372,202397427,-888081106
100637485,202584051,-886865859
99041474,204220476,-883521070
96966227,204792544,-879408385
95785509,205292913,-875975959
93977989,206121643,-873194330
92731568,206122238,-870573425
92395946,206849685,-869371329
92906338,208383048,-869057257
92470796,208828929,-868739893
92573480,208752803,-871153059
93500309,209928161,-874035655
96018270,211623890,-876479827
98636730,213710268,-878655072
101360203,216182210,-880627992
103250509,218169674,-881898552
103289718,219523482,-882230356
104002097,219549211,-882704500
104805112,219058553,-881849189
104494140,218125486,-880008103
104395496,217844800,-878918022
105465300,217201458,-879010242
105281364,216907734,-878714984
104739214,216396055,-877019663
102994437,215613979,-875156321
101910378,214013624,-874305314
100083220,211632101,-873102363
96339607,208021068,-871205532
93550762,204467456,-869537178
90526487,201455881,-868059677
87003284,198068050,-866362455
84360534,195664859,-864992032
83247957,194408295,-863982470
82970529,193810159,-863945366
82106552,194341523,-864095727
81345699,194823736,-863844799
80744092,195477631,-863511035
80624685,196058201,-863246369
82243378,196894862,-863939775
86131487,199356111,-866243515
89686451,202550823,-868814903
93252956,205562925,-871292076
97532541,208465216,-874489423
100979534,211213171,-876880922
103160715,213385314,-878451079
104575828,215103319,-878969914
105961471,216725891,-879731752
106439374,218053668,-880305909
105981790,218427436,-880282759
#!,zero-counter: 63
107588937,219010502,-881389778
107379015,219665102,-880775426
107460034,220488797,-878961386
108906852,221260844,-876102167
111354399,222190673,-872951220
114049577,222709329,-869925661
116068598,222788534,-866929005
117048719,222479554,-864216316
117044312,221943045,-861958190
116290039,221476768,-860385587
115059164,221031219,-859786857
113475765,220620593,-860220494
111514317,220164269,-861533388
108756352,219418531,-863461549
105168549,218360417,-865606004
100993274,217214416,-867756043
96859864,216005074,-869824362
95955758,214866929,-870686000
95168223,214146082,-869962355
94203023,213535382,-868304887
91653689,213457483,-865742208
88656504,213951971,-863152305
86627692,215201099,-861657580
83496399,216517952,-859937459
82267276,217699048,-859023752
81192944,219116231,-858231630
80363293,219989178,-857245675
78410002,221126316,-854802879
76561985,222302247,-852704745
75227239,223101877,-852050713
74050644,223369159,-851281504
73992753,223410373,-850795277
76463003,222761926,-852179337
78707029,221797504,-854506130
80431035,221589557,-856339425
82968081,220386920,-858005374
85905582,220657659,-859962905
89224687,221623990,-862166966
90581712,222891724,-863253664
91731781,224383498,-863990234
92914408,226356442,-864694323
92795704,228051153,-864578060
92156479,229505339,-864059322
91541294,230007643,-863966362
90486144,230699937,-861801489
87257648,230834829,-858403527
84197464,230807036,-855672021
81961234,230115041,-854203714
79664079,229632971,-852564559
75762294,228841809,-850314051
71659050,227922483,-847948186
66542474,227150369,-844954729
58169318,225366678,-841660971
51262581,223708302,-838737081
44199012,222361441,-836887348
39108572,221936983,-835749071
39123305,222051613,-836237280
40584698,221706289,-836870396
46136243,221056562,-838763961
55886695,220567757,-842385472
65059676,221990140,-845980453
71095778,223881988,-848341856
75678791,225781714,-850158551
80431732,227734277,-852077939
83785954,229192985,-853127757
86147544,230846642,-854050245
87060378,231977103,-854268294
88223577,232558030,-854368137
89010481,232760816,-854516944
#!,zero-counter: 57
92581488,230415690,-859642986
92169521,230543384,-858223395
92971696,230995089,-855848014
95232335,231919119,-852798615
98091691,232712755,-849531540
100835320,233342230,-846209922
102917111,233588972,-843230118
103834379,233536769,-840709971
103163151,233141519,-838510268
100783431,232548841,-836267542
96885803,231640256,-834092738
91863162,230990095,-832275140
86699047,231073856,-831136361
83050951,231257107,-831516346
79740631,231666685,-833182132
75781839,232055534,-835557461
71667063,232453339,-838228605
68044850,232683706,-840710186
64913954,232627015,-842979325
61864283,232522289,-844697761
59157003,232200795,-845769486
56630677,231787565,-846401718
55119943,231470538,-846187080
51838867,232121942,-844580587
47990976,233689666,-843176079
43303303,236070102,-841482606
39036525,238374478,-839433482
36426654,239737082,-838483582
34153586,241021331,-837737566
31196038,243035804,-836212701
29595469,244154534,-835436860
28956341,244396606,-835314297
26679519,244999818,-833785556
22919631,246605722,-831445949
19510633,247306132,-829474800
20448497,247468993,-830100865
21762358,247293152,-829931915
23075574,247089415,-829926736
24549267,246735849,-830210122
26238057,246190890,-830742706
27933973,245369451,-831345898
29119653,244569043,-831918282
29844761,243959844,-832451828
28574577,243311185,-832708030
25659090,243070269,-832059388
23812998,242194493,-831606794
21687382,241112301,-831244313
18939657,240315807,-830672681
15650063,239895478,-829952432
13897630,239278577,-829845551
12722694,239350165,-831018109
12659451,239932847,-831033581
14262397,240740889,-831180482
18420976,241698463,-832066663
24023813,242744346,-833856793
29017119,244647581,-835517652
35763050,246350035,-838036178
42175188,247212056,-840640664
47066689,247791218,-842312714
51342957,249339906,-843078000
53681427,250599346,-843361050
53052337,251529591,-843050932
53075106,251654387,-842805314
54319871,251331276,-842874282
55095512,250946102,-843235627
56054836,247970664,-844513198
55244463,247144836,-844093499
53856539,245848291,-843584875
51877705,244416779,-842841526
49593121,242978014,-842245174
47146416,241897943,-841446323
44986444,240829404,-840713366
42147262,240330999,-839599978
40173030,240047916,-838831859
39872575,240447320,-839241739
#!,zero-counter: 12
43403948,240779916,-840111909
47564835,241141144,-841639910
52974549,241406786,-844471772
56071363,242188080,-846293663
59162844,242064752,-847940395
62204687,241468796,-849369215
64508673,241111281,-850494187
66882598,240385437,-852019558
68265722,239861524,-852883738
69069977,239577306,-853266391
70101500,239787608,-853840725
71081872,240384910,-854520016
71714981,241757516,-854923999
72736810,243613568,-855091034
73683022,244949857,-855420687
72839730,245830346,-855308441
73650417,245018096,-855378642
72487834,244555074,-854326377
70838627,244560503,-852631622
68884364,244221645,-850921777
64362612,244374199,-848684894
61445810,243913999,-847179650
57793741,244514457,-846067769
52922611,244954062,-844134960
47771357,245332156,-842289406
45751592,245307678,-841583791
44448237,245986353,-841395481
43819831,246614865,-841365506
43612995,247448187,-841124928
44448207,248807111,-840470139
47403969,248662046,-841282759
48452395,248013628,-841726988
49067284,247453364,-842205204
#!,zero-counter: 30
59111769,242373218,-847940976
60911489,242114421,-848364522
63830623,241404119,-849639495
67165128,240455583,-851097556
70699400,239076256,-852102896
74483693,237358960,-852593125
79988093,234687748,-853060046
86510609,231436502,-853495477
93209527,228308164,-853773069
99851622,226004844,-853405420
105608521,224857323,-852429027
110205866,225248459,-850997473
114497084,226350200,-849575565
117891951,227370105,-848864859
119581287,227769149,-849271778
119526503,227235386,-851057210
118326625,225878109,-854137338
116783869,224181763,-858260572
115645788,222928093,-862841571
115792581,222222807,-867630248
116881093,222329567,-872498410
117884139,223149445,-877235506
118196098,224473407,-881585413
117657084,225783584,-885491055
116352401,226694217,-888950694
114717623,227299849,-891774324
113545234,227937318,-894225119
112703827,228684140,-896507844
111590656,229528066,-898519653
110545042,230235142,-900339406
109519015,230842186,-902046651
108255876,231344584,-903684213
106684805,231643864,-905456856
104902727,231790500,-907376289
102652245,231860789,-909470372
99655496,231796342,-911448110
95896913,231165891,-913435251
91701476,230228465,-915276027
87774327,229271660,-917105676
83717212,228393433,-918924514
79326187,227530219,-920385049
76270061,226321584,-921078192
74311538,224569116,-921444533
73979550,223233326,-921712529
75030623,222257875,-921468861
76650570,222113857,-920488126
77754298,222246046,-919138738
79038657,222462801,-917234857
77960836,222960193,-912705108
76500429,223817186,-906943357
74735144,224810227,-902744072
74281164,224219197,-900017117
73369044,223918391,-898333548
70646100,223484595,-896020390
67709580,221732957,-892875109
65429364,219824295,-890474340
64447658,218465239,-889876800
63240646,218639160,-888826633
62302063,218974068,-888236534
61560313,219241700,-887685035
60851247,219602992,-887205239
60289569,220083869,-886743456
59988917,220532392,-886322768
59262415,221672721,-885708801
63062569,221941395,-887331330
69629706,224545599,-890070053
73645668,226892131,-891979254
76655860,229449277,-892379719
78815906,232421434,-892722124
82830274,235501977,-893352347
85271381,238789208,-894044101
86866953,241680810,-894485367
88749704,244050271,-894848821
89220283,245682096,-894708858
90578816,246845561,-894511341
91430161,247840916,-894305330
92372013,247528758,-894084446
93439082,247025669,-894177948
94084595,246277407,-894185826
93438825,244643195,-893445542
92885716,243380294,-892732281
91708948,242904091,-892205671
90241576,243072110,-891304266
89707666,242865858,-890785617
88874039,242431585,-889992966
88404680,241677497,-889032544
87919214,240248298,-887792409
86858483,238957368,-886306999
87270298,238370349,-885684687
86319199,237545886,-884941410
85108265,237444075,-884375478
83609544,237099262,-884232123
82339532,236648911,-884082154
82005927,237072906,-883563529
81395352,237703941,-883534954
82591963,238450436,-885399301
86186548,240769146,-889369858
89922677,243588021,-893504073
92075153,246514051,-895742789
93840651,248070694,-897414580
95995308,248450854,-898477064
97629174,249074337,-898922042
96974291,247208026,-898490560
96216436,247321994,-897949686
95590214,247639974,-896352970
94655497,248133537,-893822302
94120399,247964020,-891581094
93193933,247768631,-888729604
91468550,248297405,-885397961
89547378,247637434,-881896817
87797999,246693881,-877616157
85584251,246001703,-874498086
85002942,244956199,-873459179
#!,zero-counter: 59
87165980,247060812,-871339170
88214994,247878151,-870977509
89723181,248437467,-869874789
91705311,248882182,-867784011
94014296,249196448,-865005686
96204559,249364213,-862083657
98310939,249263414,-859394199
99987528,248837826,-857050969
100884472,248175582,-855048569
100926722,247328457,-853470286
99877655,246431006,-852087532
97761720,245270938,-850795095
94862515,244081719,-849659376
91608362,242930617,-848515774
88967242,241761389,-847907233
87254052,240756863,-848140661
86085227,240021810,-849044818
85152026,239510510,-850152131
84336166,239162797,-851207222
83499332,238790182,-852288387
82342215,238251023,-853486195
80892027,237615792,-854918082
79278067,237021451,-856602095
77749516,236452048,-858357310
75935426,236077633,-859810406
73888072,235605504,-861015640
73000422,235171477,-861719073
71021150,235911270,-860617547
69813611,236543903,-857905736
65445262,238034987,-853720007
61181033,239964505,-850357788
58776663,240117835,-848582384
55936435,241270690,-846833955
52740744,241443590,-844511705
48151987,241230617,-841638673
42752610,241576038,-838864465
37744270,241692625,-836656643
35466102,241332390,-835535455
34588751,241707890,-835347011
34025790,242134075,-835495253
32885664,242798529,-835436567
31915433,243304908,-835180144
36298237,244723680,-836876089
41390021,245827933,-839100663
46962697,246472688,-841498465
50975283,247534187,-843352645
55428749,248267910,-845070574
60378353,249471721,-846936077
65984350,250869681,-849358052
67861049,252429816,-850620005
69216088,253533122,-851098436
71060315,254967767,-851801687
71287226,255763444,-852074992
72277695,256537154,-851937925
73064874,257109881,-851991987
74345468,257692837,-852065201
74969894,257936708,-852139000
76793161,256518436,-853083057
77141766,255616236,-853262236
76097701,254481332,-852872230
75258734,252859804,-852183740
74410752,251485077,-851227561
73415045,249964600,-850495734
71958792,249299085,-849866579
71501730,248777018,-849525135
70660034,249341933,-848962619
69794510,249251648,-849058223
70347509,249326091,-849978627
72217195,249724978,-851398349
75556832,251108690,-853958378
79028526,253442457,-857202205
80405042,255351206,-859067778
81620232,255946387,-860809411
82938252,256812995,-861756400
83772850,257056617,-861771458
83369084,255551877,-860936221
82948115,254436431,-860226948
82456943,254005267,-859293877
81383652,253755185,-857920238
79327229,253247784,-855499037
76247414,253377235,-852547957
72392073,253503970,-849032126
69224292,254107824,-846261689
65358263,255281478,-843580615
62339435,255900484,-841060591
60585226,256211381,-839890454
61736140,256176846,-840392149
#!,zero-counter: 16
64056422,253875292,-842754512
63944235,252096567,-842373182
61747921,251578609,-841175497
59879860,250683789,-840160620
57944441,249489675,-839526610
54281270,247660267,-838318468
49925212,246538267,-836812084
46478269,244412816,-835657678
43485288,243068292,-835009924
43360306,242374430,-834899785
#!,zero-counter: 14
45390222,243289062,-836766315
47445279,243418076,-837664019
49064332,243798624,-838308602
49763384,244281033,-838669201
#!,zero-counter: 94
57518690,243395955,-843787923
58760519,243907105,-843660647
60591233,244075314,-843796738
63071710,243838604,-844081671
65568009,243253346,-844262606
68182091,242102676,-843882846
72104758,240233549,-843236223
76937332,237887337,-843159845
81924934,235135125,-843827787
86679423,232794795,-844674984
91529081,231870805,-844618044
95957485,231882434,-844044927
99088292,232565036,-843452994
101181399,233517317,-843254451
102592098,235144559,-843189304
103772763,237375742,-843180881
104850552,239575040,-843454593
105533811,241290542,-844344869
105667124,242718468,-845879956
105466009,243778234,-848065926
104843205,244362842,-851016876
103594125,244529541,-854573857
101304095,244344726,-858593081
97745428,244075527,-862931066
93487324,243997950,-867439372
89305328,244300063,-871744061
85668228,244656479,-875603133
82797603,244853708,-878900945
80448012,244723150,-881890392
78648838,244350482,-884909321
77423838,244044430,-887971338
76743239,243938166,-890651957
75983486,243876002,-892878930
74793035,243665966,-894463910
73136464,243351781,-895632242
71301527,242604938,-896336798
70173112,241300295,-896699353
69510506,239947348,-896921589
69562199,237972340,-897279218
69137061,236381908,-896542574
68835357,235455997,-894940773
67339241,235467209,-891466786
64170609,235951563,-887455728
64946659,235796694,-885036344
65607583,235222423,-884302097
64475848,235834469,-880668891
62998484,235960305,-875163880
61455189,236514295,-871611042
62421064,237333193,-870483505
61646943,238234206,-869582313
60728436,238953179,-868846140
60656611,239584563,-869284067
62642407,241450377,-871707172
64978230,244015540,-874027795
66855656,245698509,-875747908
68906063,247321779,-877639462
70320882,248357762,-878106081
71939117,248151381,-877862766
73588421,248596905,-878092960
73429178,250339742,-877308813
73148218,251217095,-876687580
72626219,251769079,-876585680
73320565,252514669,-875161108
72911732,252907729,-873377335
70658891,252495038,-870498974
67238817,250313601,-868347494
62169683,247370535,-865515379
55102475,244740305,-862525838
49801707,240390426,-859939515
42473149,237665326,-857186503
35927534,233942922,-854500283
33171790,231860825,-853195243
32305042,230819753,-853180508
32276452,231482960,-852985342
31155013,232367022,-852454913
30995455,233406958,-852018060
36683882,234117061,-853290700
44307493,237131339,-856062878
48300563,239293571,-857823947
50710116,241763252,-858828748
53592787,243676498,-860456468
54977423,245946529,-861380896
57689800,247488797,-862011636
59819268,249335257,-862830051
61306862,250902865,-863299457
61507026,251809493,-863307295
62826157,253064043,-863134752
62858088,253851051,-863052363
63461955,254637604,-862807367
65189759,255392196,-862724840
66024017,255370578,-862817248
67085664,253700931,-863150901
66801161,252568533,-862373187
62890349,250857975,-859553273
59676758,247937915,-856163997
57206893,246114195,-854141604
55248853,244131847,-852991705
54702405,243244011,-852755844
#!,zero-counter: 76
57673328,246249205,-851446549
58633424,247033218,-851121168
59473673,247449644,-850761401
59909036,247401858,-849925564
60135913,246525545,-848745308
60118694,245587703,-847243683
60265192,244624492,-845940087
60146618,243920853,-845077079
59978611,243841137,-844417531
60742971,244321517,-843580388
62529044,245246192,-842207363
64955300,246223386,-840099004
67906941,247060207,-837320875
71071125,247734794,-834259964
73656175,248018067,-831385150
75077102,247787752,-828989166
75468355,247298736,-827291875
74937897,246920240,-826240245
73471741,246537364,-825935771
71139458,246275561,-826179077
68348317,246065719,-826699788
65072573,245780177,-827521042
61322354,245444946,-828474158
57949051,245439876,-829487130
55904166,245716544,-830302077
55328309,246051511,-830919087
55917790,246231816,-831388884
57001530,246257776,-831828320
58296622,246200535,-832381698
59541189,246121799,-832905434
60361369,246027426,-833575649
60719526,245929357,-834519333
60889216,245898087,-835931207
60756502,245921584,-837801588
60122321,245969978,-840037832
59353999,246195663,-842640696
58533343,246635386,-845327749
57443900,247186022,-847481798
56062816,247435052,-848963177
55308055,247375072,-849888454
54999376,246783572,-850498661
55510518,246243910,-850803509
55638241,246071569,-850371982
54547260,246334127,-849437017
53111076,246349822,-848470226
51543354,246605448,-847206608
50302315,245468348,-846060059
49429489,245173637,-845757919
47530408,245230175,-844284831
44583543,245112144,-841847407
42359074,244476834,-840132256
41222238,244267873,-839163599
40887985,243818670,-838856150
38213581,244526942,-837246361
35418072,245012004,-835663986
34629558,245532659,-835526488
33868951,246234958,-835389339
32287607,246837067,-834709003
31703563,247322919,-834511243
31626289,248613534,-834709673
35913148,249535662,-836639875
41328769,251571103,-839020672
45618898,253454735,-841066988
47682108,255418307,-842291023
50036117,257558265,-842977718
53067295,258624517,-844041126
55386624,259770067,-844880992
56660897,260313614,-845174382
58843393,261087436,-845909453
60116413,262067250,-846182976
61676866,262025456,-846269110
61055965,260404319,-846366881
61239364,259474017,-846512355
60981928,258806916,-846565197
59904509,257785585,-846678073
59605877,256686814,-847350491
59905897,255896717,-848032155
60297960,255156031,-849598398
61171817,255597422,-850946666
61878266,256419006,-851508987
62523533,256976130,-851690796
63676621,257683829,-852011301
64665616,258503782,-852658018
64881485,259229705,-852800142
65268669,260244133,-852905870
66058335,262193998,-853258387
65467442,263493412,-853141304
64948197,263918320,-852723414
63965966,263775858,-852032460
60872348,265250740,-848442370
57524766,265873904,-844362082
54248430,266014254,-841103588
50633228,265701465,-838701196
48412675,265073513,-836593036
46522659,264792250,-834735437
44464984,264467459,-833449636
43577368,264153000,-833089940
42685335,264015152,-833103604
40594583,264351622,-832621755
38855958,264243678,-832056926
#!,zero-counter: 171
47943421,259978373,-839218789
49597912,260804864,-837444472
51335329,261376210,-835871730
53670534,261839537,-833740127
55875766,262324692,-831448007
57514003,262990239,-829225239
58634562,263493010,-827253689
58945512,263945755,-825409870
58573479,264234046,-823991963
58017824,264118393,-823285893
56863573,264096764,-823029940
55021673,264209899,-823104645
52592893,264638283,-823386795
50079867,265051484,-824052160
47381679,265392223,-825199744
44340353,265551992,-826749357
40977651,265570578,-828530167
37500777,265810388,-830065270
34491643,265796361,-831274505
32433528,265632276,-832470927
32169008,264880614,-833201110
31355140,264944568,-832521896
28460193,266143586,-830738142
23778540,267665975,-827968540
18155352,269514782,-825017984
13930143,271315620,-823040643
10512748,272713250,-821664381
7390353,273918823,-820273207
6489498,274178680,-820824518
5568081,274815829,-821551624
4211115,275778079,-820993002
1169660,277624547,-818372983
-1352197,278743121,-816243247
-2374904,279431425,-815886726
-1184551,279450732,-815902782
-122787,278969822,-815879432
1242616,277982642,-815901534
2349837,277142501,-816442719
5471563,275833190,-818405045
11414216,273767257,-821651147
17041137,272664217,-824494316
22688335,271414789,-827405808
26507082,271623645,-829294197
28027730,272835496,-829833580
28599377,273661627,-829862775
29412578,275042777,-829775053
29110104,276291857,-829275559
27992744,276752315,-829075460
27898934,277242341,-828661251
27493320,278026586,-827435026
24084627,278967633,-825070130
16976523,280439587,-821927284
11964994,281128056,-819702505
7102010,281282265,-817756370
2338539,280810330,-816068901
-4408856,280016389,-814215392
-9377800,279267429,-812978859
-14039343,278875191,-811988977
-16548840,277379461,-811714032
-17843536,276638790,-811619540
-15965848,275473995,-812109531
-15172618,275032053,-812416907
-15532799,274564115,-812667849
-11401267,273312934,-814604685
-3692431,273857542,-816930105
4811238,273845969,-819564911
10238602,275815491,-820779130
13902807,278555172,-821664889
15561626,279418387,-822476174
17573779,281365045,-822450272
19211220,282886915,-822134918
21549458,283905004,-822232468
22365791,284433981,-822137702
#!,zero-counter: 50
31137544,279680332,-827680370
32156144,279441964,-827854762
33811396,279369528,-827989925
36947412,278839717,-828663563
40830386,278354496,-829454193
44638580,277710035,-829980627
48022411,276646718,-829928249
51798273,274844686,-829750784
56209550,272144150,-829960702
61325891,268571555,-830937004
66970735,264509269,-832431988
72480371,260810944,-833943497
77735862,257521862,-835444044
82852238,254879961,-836966470
87645204,253584295,-838706647
91850728,253530317,-840635433
94871959,253892009,-842659536
96004411,254565276,-844311337
95363398,255125109,-845787014
93783426,255323664,-847710583
92084321,255209016,-850214430
90528180,255445414,-852936879
89566802,256007886,-855794811
89245168,257177500,-858785082
89047237,258870935,-861754767
88691808,260835553,-864435786
88086202,262718783,-866734272
87419654,264277574,-868598100
86377584,265660825,-870308412
84754904,266992599,-872069064
82764535,268356678,-874115672
80704516,269619225,-876502568
78762019,270752061,-879212051
76896912,271446499,-882085231
75111965,271547372,-884825632
73267008,271264767,-887182715
71700928,270386070,-889182282
70342921,269307719,-890744006
69056959,268257291,-891994725
67514989,267529929,-893002891
65585834,267158250,-894082725
63068031,266875646,-895324524
60126952,266520762,-896605488
56549941,265797071,-897899608
53124853,264879002,-898528366
51028126,263427354,-898645902
50104760,262208118,-898851159
49885412,261065034,-899036736
50063089,259835026,-899165187
50904767,258649460,-899181578
52063216,258240906,-898597592
52527756,259144070,-895552898
53845314,260747084,-892745324
54643737,261777409,-890664087
55540196,261571149,-888792750
55866054,262100609,-887492997
55970639,262016548,-885536304
54523119,261179239,-882698121
53348565,260853195,-880326106
52143066,260935081,-876752448
52353982,260598756,-874919038
52216859,261449307,-874978940
52187972,261604395,-874423583
51812779,262266317,-873943279
51565858,262796451,-873339254
51101125,263204524,-872857249
50378543,263679657,-872474355
49583186,264148010,-872390540
49118749,264701029,-873192004
48955903,266243375,-874422125
50251352,267908987,-876243097
53955461,270476636,-878481937
57501532,272746127,-879585763
59416319,274824990,-880080218
60878773,276649376,-880331384
61287029,278022112,-879964029
62539580,277453248,-879779450
62551320,276719969,-878706230
59499805,275820016,-875731306
54627396,273946115,-871974269
50649079,272603319,-868876013
45930726,270646037,-865983599
40254985,268825876,-862924747
34544646,266157225,-860004541
27549339,263663156,-856784327
22297599,261845241,-854735211
19942948,260704905,-853903376
23610982,261035897,-853702238
28863268,261753337,-855366496
34719980,263964779,-857575500
40115442,266282047,-860310281
43745102,269211811,-863322050
46432180,272315932,-865561591
49024530,274056381,-867237692
52342334,275639500,-869000860
54574321,277229440,-869739575
55747164,278167004,-869881498
57128737,279118627,-869798115
57891758,279213405,-869896706
58863871,279175938,-869985399
59585256,279207340,-870100235
#!,zero-counter: 50
62143711,278640623,-867872125
62263596,279407872,-867003156
62327731,279991517,-865179552
62955544,280038790,-862432892
64303548,279723752,-859222336
66154291,279047808,-856086315
67309403,278207373,-852910544
67756348,277206920,-850333557
68025903,276554395,-848902217
67266437,276014318,-848855281
65630224,275660461,-849083592
63888726,274997324,-849399383
61763640,274156833,-849931035
59283061,273092095,-850555928
56446554,272164824,-850822283
53706552,271158010,-851128582
51122276,270205882,-851507760
49200022,269330096,-852357021
48964427,267930328,-853613362
48170511,267222701,-853010557
47156092,267999805,-851673369
45475243,270059320,-849750097
42826642,272366736,-846461667
40437030,273367901,-843286342
38503463,273821704,-840978831
37303396,274532664,-840518913
36851377,274944346,-841134376
41386352,275996104,-842356073
43735403,277591474,-844043679
46386725,278564534,-845537045
47676901,279618673,-846253779
48364895,279825804,-846510675
48880601,279214207,-846821075
47761896,279564529,-845285053
46236084,279289822,-843954705
43866421,279364023,-842589326
41468640,278571377,-841073370
38205378,277986552,-839359045
32672397,277229959,-836871200
27290574,276989553,-834023556
20800686,276143681,-831224108
13799549,275450489,-828505929
8965812,275194457,-826499096
6883474,274930033,-825943607
6411934,275681998,-826064347
6127585,276146554,-825759049
6899784,276317423,-825931899
8862207,276633085,-826609690
14827024,277592947,-828741947
21716660,278196552,-831636315
27827403,279667867,-834620282
32885085,281261980,-837221360
36069686,283262467,-838610967
39199863,284529253,-839929810
40625198,286362059,-840281820
40800317,287409327,-839918407
41733967,287668452,-839683678
43066477,287803846,-839809370
44062637,287799340,-840038980
#!,zero-counter: 36
46880858,287216211,-841993255
47782059,287582708,-840496271
48739339,287641168,-837958228
50502328,287486714,-835099879
52677376,287345941,-832220251
54234101,287101510,-829242821
54697962,286851395,-826128638
54155681,286709145,-823285085
52810123,286737995,-820992787
50813545,286968689,-819379484
48612745,287158401,-818743676
46350768,287253760,-819187357
44064758,287263119,-820404310
41454353,286816427,-822109983
37789564,286082550,-824144090
33530043,285112858,-826488453
29084513,284013153,-829039157
25006683,283042423,-831396120
22251963,283008140,-832635083
20698015,281953805,-833685008
18861201,281991647,-834064807
16651311,283171525,-832685902
14263971,284392592,-830974542
11545236,286272907,-829074108
9518134,287690694,-827836672
6904841,290194879,-826227920
4955129,291929313,-824197564
1786091,293468150,-821983730
-758860,294214680,-820661502
-3261617,295543895,-819975691
-3666722,295719095,-820565590
-3600395,295790535,-821229553
-2028811,296102697,-820991050
685703,295347738,-821524443
1721819,294469690,-822351963
3726319,293337338,-823684900
7171817,292054536,-825852960
11797973,291119748,-828418584
17069549,289949399,-831240468
21314529,289908915,-833600397
23543413,290065860,-834526928
24089454,290710946,-834496429
24603607,291366544,-834518339
25876555,291920396,-834668158
26089577,293090614,-834458991
24756606,294165611,-833888257
23072921,296001897,-832627027
21949238,297420919,-831091795
20403687,298483869,-829925091
17299502,299690297,-827539493
10745656,301138167,-823959013
3273274,301998936,-820754143
-4344677,302188742,-817883685
-11872446,302261769,-815158085
-19665395,302462086,-812899117
-25811361,302107914,-811433861
-30886048,301331906,-810679231
-33673222,300345694,-810883221
-33973774,299323295,-811481395
-32920197,299044952,-811935726
-30778757,298339003,-813121108
-24605411,297607731,-815014582
-14354488,296507370,-818524795
-4702693,297883421,-821647904
1049900,300246771,-822953324
3163230,303065382,-823042365
5924549,306128719,-823286450
9715051,307820515,-823924782
11654853,309219170,-823746636
13103574,309758826,-823587787
#!,zero-counter: 35
23769408,304096497,-829856674
25592373,303658940,-830115483
27606873,302888965,-830452819
29661926,301551172,-830851766
31909414,299696487,-831207227
34631075,297243171,-831535124
37762039,294215115,-831993840
41341630,291030219,-832527537
46030097,288370249,-832302430
51665510,286139459,-831239446
57217587,284412024,-829581551
62162068,282939710,-828192961
66509851,281977718,-827520654
70334445,281672946,-827689558
73628554,281766242,-828810672
75829167,282107234,-830815860
76533772,282775757,-833196647
75989875,283655969,-835734986
74974258,284627533,-838424899
74067015,285507355,-841077760
73571490,286374971,-843598356
73482223,287153118,-846080844
73444369,287804417,-848834034
73054128,288700020,-851864755
72299570,289734427,-855156829
71011086,290894577,-858595395
69076152,292161359,-861983645
66776267,293437285,-865328187
64443471,294715366,-868600080
62116161,295847968,-871662731
59798765,296553537,-874393945
57676749,296776406,-876660100
56251011,296568552,-878570138
55276333,296178706,-880158221
54357962,295686966,-881456700
53276266,295239791,-882759360
51867953,294924133,-884202738
50557352,294462721,-885151471
49559060,293504774,-885569183
49508060,292242748,-886217871
49627796,291196388,-886789003
50243173,290301793,-887109037
50793002,289633420,-887203678
51691090,289012632,-886715422
51999300,289146132,-884491148
51012833,289838496,-880677574
48368832,290367054,-875757182
47013520,289277436,-872403216
44971103,287728051,-869503262
43117825,286955885,-866359240
42059884,286003540,-864562260
42290131,285890956,-863762680
42441710,286275545,-862818088
42300631,286888494,-862017941
42222633,287545188,-861243167
43480650,288740985,-861690004
44804646,289646873,-862977840
45213610,290468363,-863693413
45023096,291196840,-864208776
45266074,291827362,-865288561
44850001,293636374,-866351008
45458849,296183030,-866974039
48657176,298672282,-868176916
51387613,300087306,-869165974
52977778,301083377,-869528472
54095550,301770744,-869541693
54875032,302042783,-869677150
55708882,301960302,-869739908
56750946,301852073,-869645006
57275705,302098024,-868671294
56458749,302258714,-866732505
56176281,301858651,-865249252
55988542,300992303,-864631768
54770792,299811980,-862978691
52578125,298088026,-860667993
49974577,294759003,-858559697
46798544,289448684,-856683983
40413375,283747344,-854065701
30295572,278476765,-850219061
21905746,275218149,-846404990
17588328,273347581,-845312379
17769923,273814155,-845940702
17252724,274590473,-845951179
16170796,275343914,-845957688
18277815,276418341,-846435942
24819063,279137562,-847774265
31583250,282101751,-850055149
34814953,284287363,-851191804
37403666,286173509,-851728412
39911687,288571722,-852432199
43045255,289993317,-853822659
44669469,292085233,-854718934
47317688,294147158,-855943503
48892299,296758421,-856813377
49359846,298348844,-857050540
49843274,299728028,-856982372
50193866,300463261,-856839698
52186591,299941896,-857121202
53064928,299564692,-857513456
#!,zero-counter: 27
56772528,295682692,-858816998
55815244,295170531,-858220314
55275963,294949068,-857318993
55852368,295082323,-855859302
58421967,295417279,-853876656
62105730,295952641,-851214603
65980022,296294047,-848042645
69259337,296484618,-844497564
71834749,296401074,-841059063
74140615,296497652,-837899453
77331390,296679693,-835504979
81410014,297197388,-834048584
86296764,297811520,-833938216
91492935,298373386,-835201114
96850432,299021634,-837723846
102239843,299777761,-841075321
107212812,300916985,-844692567
112187880,302186862,-848663672
117188477,303331385,-852769713
121541428,304006609,-856760132
124804714,304339073,-860694117
127976795,304271117,-864983979
131007435,303689078,-869805059
133581376,302472901,-874997262
135814188,300415369,-880621535
137527700,297311352,-886193301
138868905,293395630,-891250336
140090367,288801836,-895280805
141536354,283418183,-898832529
142556245,277798417,-901645296
142969997,272595142,-903717349
142955833,267794404,-905048360
142735376,263262312,-905740510
142331505,259268630,-906628844
141780790,255768547,-908297742
140875667,252921634,-910052823
139670003,250621246,-911152575
138336307,248615243,-911637473
136794523,246202843,-911652266
135022991,243254876,-911241457
133022616,239553476,-910745715
130270890,235647483,-910476855
127883956,231834092,-910793802
126316209,228524527,-911632187
124922341,226073549,-912586381
123223186,224423863,-913107440
121625811,223585125,-913098665
120300606,223151252,-912585169
118939893,222669386,-911654656
117252772,221885950,-910369477
115096861,220532113,-908491028
112644344,218928121,-906170121
109449422,217028189,-903486720
104280769,214877561,-900118945
97880876,212932858,-895491309
92832532,212159723,-890423853
89510100,212993213,-885932410
86789674,214860685,-882057159
83859070,216821246,-878312124
81020318,218649818,-874763453
79196910,220376523,-872227447
78225149,222069756,-871302368
77499309,223102364,-872312103
76106418,223182605,-875080754
74789700,222445579,-878359961
74513887,221360981,-881085838
74857556,220066127,-883503716
74949836,218980746,-885899307
74849479,218259837,-888348653
74262873,217927474,-890646729
73737639,217734972,-892746184
73421800,217728915,-895075687
72916866,218008768,-897683753
72128315,218326116,-900303426
71170557,218321410,-902746572
69813653,217975743,-905029501
67900888,217185232,-907118405
65576157,215978726,-909066697
63089004,214701306,-911094427
60666117,213629953,-913112546
59156508,212659009,-914314214
58598218,211866032,-914978676
58665380,211463297,-915542178
60382850,210158458,-915985532
61288061,209644522,-915888177
61885163,209659132,-914643843
62870509,209557048,-913849023
63765469,209772903,-912866079
63736138,211012333,-907047092
62908464,212891938,-901113453
62675129,213699714,-898233399
63327503,214249879,-898114605
64056968,214702732,-898026334
65028867,214943383,-897766655
66204347,215002804,-897627019
67460376,214794810,-897502347
68602776,214551380,-897450000
69532954,214379109,-897488475
69788462,215445681,-897586176
69935821,216491804,-897981582
71981030,218355241,-899109183
72742917,219767484,-901755396
74358749,221529892,-903189589
75681847,223106024,-904031885
77044316,224269950,-904358105
78344446,224600846,-904188495
81106836,225720644,-904093595
82180756,225852824,-904183163
83967828,225818813,-904032818
85380595,225797592,-903042981
83982438,225245573,-899257637
81315438,222946229,-895218796
78018360,218822000,-892359306
74229212,215355840,-889254701
67065624,210243074,-884818658
61178683,205929829,-881364977
55710251,203365998,-879908398
52402344,203053660,-879802256
49883608,202787574,-880099921
48183340,203241288,-880160264
47932824,203367964,-880694089
52149408,204770328,-882783804
58386533,207458981,-885302502
61917061,210729813,-886517958
64741601,213195601,-887959580
67927605,215599751,-888712623
71524482,218676285,-889462282
74333256,221633107,-890857880
76777510,224612580,-891678679
78147377,227262753,-891903055
78356911,229069999,-891807864
80338043,231014212,-891770750
81245589,232605610,-891798344
81978289,233597142,-891441850
82579062,233783494,-891634518
83599360,232984556,-891367016
83368297,232123489,-891113119
83112088,231487786,-890755937
82740242,230897612,-890426880
#!,zero-counter: 30
84651633,234155557,-889794266
85218006,234655951,-887876918
85892435,234362538,-885376944
87257232,233709778,-882899369
88970772,232888017,-879974954
89955561,232166356,-876551652
90712522,231527649,-873280401
91738703,231536011,-870886539
93067377,232138320,-869562635
94023670,232636790,-868739747
94174854,232702108,-868084909
93709844,232480671,-867786087
92647578,232055935,-868054196
90887904,231386306,-868866852
88501677,230334707,-870358271
85513982,229091451,-872377350
82011794,227866072,-874748848
78229382,226838757,-877228184
74093810,225962513,-879443390
72837477,225103573,-880278156
72373285,225068177,-879115162
71174073,226464567,-876791778
70366353,227404313,-875387959
68306672,229623237,-872459227
66344511,230834143,-868556485
64425217,232448881,-865702330
63654237,233382961,-864658217
64576863,232961933,-865181603
65405046,232971805,-865985601
68332386,234002153,-866208042
70884863,234740940,-867982109
73613773,235527858,-870513488
76491740,236437599,-872837320
77745860,237143256,-873707828
78930222,237451770,-874322009
80353476,238282650,-874826296
81813652,238455930,-874414565
81022332,238804148,-872723221
79777687,239320270,-870951052
77606381,239403729,-869408604
74013534,239236277,-866897911
69178421,238133144,-864064661
62017892,236828334,-860672320
54701984,234933196,-857392246
45441983,233810934,-853908505
36997761,232519448,-851248630
32264570,231310785,-850374900
30558568,230649595,-851156831
30224320,230956531,-851758319
32515702,230699106,-852881862
37430543,230634415,-854612002
43939808,232157727,-856912893
50203075,232848857,-858633818
56320517,234492740,-860291814
61093823,236509851,-861801460
64587801,238740729,-863175713
67132685,240887974,-864176143
68806204,243077828,-864536964
71086183,245095794,-864850860
71982842,246496619,-864788612
73034354,246822952,-864914272
#!,zero-counter: 30
75101271,247936452,-866652486
75219699,248289388,-865044383
75238207,248295813,-863036206
75560478,248320172,-860823173
76191173,248159801,-858477854
76555438,248011840,-855801949
76889909,247778350,-852940157
76929043,247476685,-849836897
76035479,246931822,-846687313
74058950,246406673,-843846623
72293396,245863997,-842079678
71237664,245304224,-842357263
68895249,245284107,-844127464
65432244,245263921,-846475834
61715886,245155996,-849147162
58123775,245110912,-852022724
54713538,244821758,-854972414
51094276,244381825,-857553669
48597805,244098492,-858933197
47952939,243555864,-859162069
46643098,243563937,-858436125
44761535,244384331,-857204619
41835714,245949079,-855096266
38820769,247628021,-852865857
36011356,249472521,-851220049
32123426,251805827,-849398050
29685846,253189490,-848069212
28616171,254373831,-847751054
27189426,255990127,-846649027
26429374,256888077,-845471524
23690904,258821370,-844135882
21994708,259443153,-843095391
20500048,260054756,-842257875
19033713,260449331,-841309113
20029753,260317180,-841421429
24504227,260407434,-842603236
28581363,260134096,-843966096
33176932,258576529,-846182494
37825423,257179535,-848683284
41442526,255827799,-850759238
43185517,255640367,-851832987
44124642,255836295,-852392586
44997523,256279264,-852873368
46244735,257122922,-853260820
47242595,258269107,-853446163
46502536,259552174,-852959519
45894282,260669131,-852511077
45887986,261639262,-851781801
45598120,262204835,-851001295
43750692,262956898,-849496560
38963619,264148105,-846946996
34784692,264412818,-844859861
30793689,264842860,-843235922
24114434,265528312,-840893181
16806233,266540314,-838334929
9352820,267158367,-836116770
582188,267674859,-833861727
-8274008,267314102,-831768271
-11764478,266306762,-830967422
-11266372,265090733,-831549828
-9835090,264376626,-832030872
-8356685,263197668,-832738932
-4264960,261807366,-834304514
2790214,260547496,-836411714
11539131,259131777,-839067088
19735255,258861570,-841306335
25454176,259506550,-842505384
28859431,260722185,-843557282
31463140,262055977,-844023863
34698621,263475680,-844338627
37078674,264617868,-844739137
37528785,265711706,-844754303
38430632,266111980,-844817813
39348815,266199316,-844997058
41873476,265456821,-846040007
43321383,265235176,-846127090
44195351,264787309,-846538760
45028049,264340616,-846875484
45754175,263890798,-847241820
#!,zero-counter: 25
49476476,261937633,-851223962
50158369,263062536,-850310485
50970290,263739032,-848792289
51757231,264127195,-846564673
52499801,264287993,-844019503
53052151,263971796,-841576202
52872415,263763938,-839030784
52187317,263857541,-836428804
50653058,264621032,-833345461
48990008,265628237,-830401858
47933717,266516611,-828176136
47304927,267085558,-827062915
46417634,267371498,-826930095
44923162,267601337,-827455745
42817569,267921548,-828366678
40596857,268013985,-829523233
38339126,267889239,-830803624
36009067,267521507,-832368244
33573405,267287206,-834309092
31096026,267197684,-836647151
28460962,267225477,-839153557
25477709,267410929,-841634285
21842628,268009563,-843581983
19079518,268817695,-844010079
17592054,269609759,-843172804
16926378,270109835,-842234242
15285185,270753810,-840975643
12938383,271922699,-839371250
10029499,273112918,-837548893
5725306,274662499,-835366389
1341167,276255027,-833577974
-2949023,277726812,-831832385
-5856595,278639413,-831189903
-8112119,279196112,-830873555
-9960624,279200410,-830500783
-14430288,277412943,-829036828
-20094305,277022697,-826819781
-21745733,276801989,-826360931
-20873607,277164102,-826550977
-19587259,277138137,-826443220
-18447772,277172096,-826631072
-17348266,276809361,-827028113
-15708976,276231000,-827994466
-11115677,274912744,-830851274
-6816225,274069092,-833397593
-3091642,272688493,-835481558
1041154,271449024,-837230271
5637139,270588631,-838995932
11504747,270014451,-841493275
16510209,269212123,-843946860
19099064,270336954,-844809286
19165354,271376434,-844656301
18474002,272120499,-844504867
17701148,272090335,-844401205
16205103,271487502,-842853350
13587667,272166858,-840712213
11335809,272722966,-839638045
9976039,272937564,-838860330
6277930,273070205,-837157459
1440955,273176742,-834989596
-3028750,272494666,-833502503
-8790398,271168696,-832041010
-15443825,269563045,-830461325
-22176087,268135885,-828966918
-27782885,267223570,-827780736
-31258777,265651255,-827249501
-31045255,264661568,-827723028
-26675912,264509181,-830042295
-21837931,264453639,-831911888
-15846648,263430718,-834310546
-10847733,263827223,-835585142
-5269697,263779872,-837212912
-2386370,265009029,-837905591
89701,266416708,-838449996
1963533,267165500,-839070697
3453380,267741100,-839263281
4132403,268590753,-839190468
4242781,269637259,-839009330
3351834,270113828,-838966497
3175029,270623375,-838880175
4054329,270695489,-838918270
5550777,270211527,-839229400
7049867,269443674,-839787285
8396067,268609739,-840393365
9708550,267674236,-840976480
10790984,266757852,-841462420
11344023,266117342,-841846597
#!,zero-counter: 28
17813001,264073927,-846230328
20892257,264080679,-847091817
25707003,263962253,-848666511
31168094,263273423,-850025876
38165008,261877003,-850887964
46020686,260224819,-851248606
54450754,257775465,-851485136
62872495,254848297,-851855258
69966331,251942478,-852271386
75376878,249093859,-852936205
80007509,247190951,-853227256
84079733,246552920,-853028289
87608464,246442968,-852893533
90848309,245846375,-853688897
94000705,244648102,-855858228
96935856,243817497,-859046215
99370306,243090091,-863053246
101658003,242549601,-867503024
103974255,242643111,-871831118
105629435,243523299,-875692347
106125713,244838327,-879266907
105560550,246232758,-882833290
104708262,247604629,-886445648
104502834,248842550,-890233882
105009857,249729228,-894127562
105438985,250319651,-898004354
105126028,250598294,-901612265
103572376,250810874,-904754164
101387468,250922102,-907389486
99431643,250990812,-909602091
98349567,251341632,-911425453
98122281,251709508,-913087676
98248624,251629070,-915134294
98302145,251159699,-917342223
97670694,250888189,-919214448
96089984,250745540,-920809752
93526346,250706992,-922084922
90398483,250716607,-922942482
87171929,250626177,-923471431
83796887,250055831,-923969042
80144933,249259103,-924703124
76287001,248500955,-925843573
72165190,247613657,-927284448
67678057,246892201,-928592578
63684650,246033927,-930111152
61549342,245133399,-930748636
60619700,243788514,-930991051
61097827,243167131,-931049553
62423723,242382510,-930291672
64363653,242290549,-928801174
65314158,242880415,-925358502
65033222,243771131,-920538737
64518125,242983271,-917303826
65000161,241757890,-915703892
65926680,241533816,-915360132
65542796,242566592,-914279134
65235915,243571291,-913423485
65188005,244534333,-912411155
65161736,245565936,-911353812
65076244,246671021,-910290516
65013299,247614935,-909529746
65747067,248350542,-909536940
66957821,249193427,-910662285
67582163,250598895,-911536599
66711092,251715100,-911504129
65859997,252494410,-912219107
66126339,253977114,-913476144
66423826,255242122,-914076096
67274567,256174938,-914024894
68742634,256532283,-913608649
69687989,256290948,-913186239
70849154,255654913,-912922279
72405705,255028733,-912634516
73790237,254330617,-912300433
74551617,253714492,-910791951
69993213,253927476,-906572434
66942002,253643893,-902249307
64601767,252316317,-899817334
60780817,250830202,-896986262
53703300,248558511,-892795146
46421729,245165418,-888154733
41343202,241783335,-885416751
36793431,240339539,-884076322
33812490,239422154,-883935964
36213871,239990653,-884913173
43135767,241862947,-887559476
48799998,244208871,-890011485
51853346,246462835,-891203435
55087455,248804409,-892088902
58132192,251700876,-893575083
60706032,253403108,-894597117
62840267,255522240,-894930106
64631218,257699017,-894943282
64989173,258821785,-894729142
65989384,258876003,-894404120
67715431,259206474,-894098212
69936851,259833554,-893516648
72367328,260694566,-892708363
74273004,262150413,-891685447
