#!,zero-counter: 1194
-39376027,13991815,-564899220
-39914589,14522978,-564811079
-39134455,14069190,-565097327
-36484861,12333108,-565434941
-31145824,8791908,-565936875
-24019443,4024062,-566344325
-21291578,2218775,-566491502
-19774792,996894,-566574484
-19078516,291349,-566623567
-19543139,761656,-566562683
-25904781,6229556,-566039639
-29726525,9371970,-565826485
-32506375,11765883,-565718612
-33907914,13819460,-565555855
-37632893,17979237,-565120076
-40606924,21973243,-564887397
-40427431,24025652,-564705978
-37972128,24436685,-564922283
-34978854,24090410,-565177078
-33529355,24319535,-565373206
-32547736,24420691,-565309804
-35838095,27621719,-565162709
-40170987,31105560,-565302706
-46105112,35050330,-566410469
-55414662,40449862,-568704676
-67768395,46909380,-572011656
-82113579,53550951,-575551710
-97075768,59486730,-578646418
-106752376,61120439,-581114409
-110595142,59057293,-583705198
-109644236,54761400,-587271175
-102302985,47095529,-592565192
-89884532,36226892,-599805428
-76457594,24634795,-608865478
-64270859,13564226,-619194126
-55651913,4420815,-630087828
-50363679,-2818375,-640600225
-47286190,-8646871,-650025697
-46884974,-12477185,-657923872
-49490298,-14098653,-664094307
-54202586,-14187338,-668693206
-59929852,-13472905,-672195024
-65993556,-12272791,-675148589
-71119971,-11249980,-678239812
-74145454,-10636552,-682118928
-74853703,-10134506,-687147579
-72882513,-9528359,-693124854
-67942464,-8575188,-699819295
-60192593,-6925152,-706855782
-50500877,-4143890,-713974979
-39872548,-234505,-720812621
-29160244,4759555,-727178032
-18918753,10510881,-732976451
-9319471,16539722,-737952731
-536065,22301938,-742532463
7467693,27374408,-746071857
14738293,31477871,-748552623
20963211,35021625,-749969384
25888080,39497380,-753086349
31975550,43345311,-757622378
37738652,47308142,-762870224
42762937,51548569,-769351128
47266063,55473278,-777209309
50214733,58946512,-785379884
50605466,62398618,-793454536
48828590,64941003,-801113261
44886284,66239047,-807271452
39101226,65827904,-811422720
31912428,63245824,-813492790
23969757,58330290,-813284294
15615288,49192082,-810114351
4656506,41407185,-805421048
-6008510,32207705,-801125573
-16464489,22631172,-797945693
-26086882,12951336,-796126103
-47396514,18973338,-794682444
-55996259,12927123,-795098335
-56337422,4351127,-794314258
-57081848,4553768,-792250823
-55269452,10874139,-788422327
-47418352,18507482,-783808682
-32593737,23490332,-780483655
-13390474,25854336,-777813273
12886828,22262925,-778304160
40048061,19595988,-779333374
68300354,18086894,-780570919
95540598,15972060,-785102639
119207157,11154366,-793126668
132074954,8410928,-801827142
139845592,5238490,-809673263
141089340,10031282,-814604176
140672965,17862619,-817326958
140455968,26612971,-818864142
141015149,35709808,-819930099
142646176,42767075,-821152836
144813335,46814159,-822691872
147495196,48396849,-824136573
152688097,46538250,-825181352
157995943,44376159,-826253461
162551431,42913158,-828137586
167325983,40974027,-831054195
172448499,38978023,-834463280
178303216,36584717,-837853399
184900746,33561297,-840831380
191281547,30275266,-842968151
195943820,27199135,-844190344
197914864,24962569,-844594761
196864931,24035356,-844408393
193007296,24512962,-843916857
186354773,26498002,-843512127
177310994,29375436,-843415916
164504533,34891806,-843723175
151023981,40285092,-844494807
137660094,45729976,-845219703
125334843,50859995,-845539703
113338301,57143406,-844250765
102989289,62959716,-843111183
94098928,68520368,-840507064
85297777,75373089,-837140145
74928672,84924174,-833043078
66087552,92285815,-828589931
58288466,97370775,-823321871
49460757,102191278,-816996245
39968691,106971676,-809271314
26926745,116024775,-799488390
17642058,121132102,-789794242
9594806,123912649,-779936897
1163812,125290686,-769930042
-6611749,124434133,-760182639
-13772038,122280678,-750543335
-20473724,119872038,-740745662
-26569999,118023744,-730831572
-27693803,113846498,-721238558
-24220928,108534700,-712050907
-21117041,106220014,-703167589
-15696460,103260451,-695896965
-9595482,101248127,-688814590
-5620850,100473742,-680648985
-2569063,98839447,-671379586
-1322376,96890857,-660760107
-1945415,94723599,-649423189
-3957367,92037647,-637780307
-6181178,88588901,-625988950
-7035018,84533160,-614385027
-5529204,80362742,-603072885
-1273271,76865557,-592257367
5563750,74650315,-581794738
15213223,73816769,-571547843
27237296,73986252,-561594802
40241846,75016827,-552230864
53557921,76342309,-544159639
64757622,78184493,-537635432
73658393,79822577,-532468419
80637353,80957555,-527972374
85145367,81770005,-523116631
87413642,81885979,-517495923
87851673,81004806,-511546355
87615905,78915834,-505691972
87227356,76269631,-500368659
87191582,73614098,-495463766
88599637,70677721,-490675701
91005139,67791421,-485896133
97571673,64090795,-480794394
101257268,63817352,-474119716
104881336,65174844,-466112264
110544061,66241996,-457994182
118037393,66492720,-451016363
125940617,66045688,-445799154
131701644,65493356,-441965201
135543519,64811179,-439387914
137945400,64155643,-438174612
136186827,64660386,-437408935
133982517,64854527,-436640432
132675842,64607560,-435154581
130532842,64542470,-433211065
130549915,64128881,-430990322
133069295,63819865,-428416529
135045157,65191890,-425140940
139411181,67044025,-421515110
144570159,69763328,-417696886
148831746,73526012,-413871146
153685790,77365482,-410630983
157794623,81571252,-408138404
162018121,85207611,-407261118
168012172,84560680,-408348320
170242415,83598395,-409963645
171098919,82040826,-411329808
170159471,80704147,-412251401
168686224,79518947,-413105450
166869995,78563915,-413715727
165496893,77584058,-413977447
164950348,76493887,-414148274
164752030,75622895,-413866392
166203179,75161711,-412547343
167912561,75607082,-411545961
169857300,76436752,-410281244
171834444,77392881,-408723920
173115766,78252161,-407124706
173878807,78592022,-405804272
172993447,78594660,-404796968
172061443,78590139,-404964329
171265316,78572484,-405496119
171910107,77603032,-406107728
171505181,75972233,-406262004
170213142,73780317,-406107210
168375905,71360386,-405511894
165578179,69109429,-404488241
162623101,67176516,-403098681
159693314,65871382,-401609503
157408305,65255562,-400150190
156449539,65247421,-399031046
157163716,65978278,-398098948
158900206,67412565,-397527920
161382792,69128430,-397263481
164237134,70735455,-397218666
166930841,71993647,-397371470
168979733,72919769,-397636726
170283829,73424279,-398098792
170690974,73623099,-398557726
170541903,73672988,-399080515
170197366,73654266,-399618483
169852884,73828052,-400094052
169804798,74174055,-400767461
170100703,74735392,-401502499
170689560,75457761,-402158517
171322590,76403312,-402683741
172103391,77424156,-403040286
173053112,78391085,-403240742
174124373,79190268,-403531963
175178856,79730120,-404167006
176158283,79997829,-405274894
176993163,79976782,-407153439
177635625,79694160,-409596722
178000406,79210713,-412686991
177856952,78748251,-416006484
176925178,78580470,-419203030
175389131,79015185,-421894731
173907689,80157186,-423868265
172975369,81916265,-425089538
173125626,83910652,-425886158
174444883,85950663,-426460416
176511742,87962270,-427318470
179167433,89744293,-428934568
182150028,91331797,-431362169
184959150,92764110,-434078804
187259263,94240335,-436964096
188796095,96044253,-439821517
189783815,98086159,-443072538
190420885,100285883,-446772345
190864211,102533523,-450655295
191300496,104675577,-454539085
191826981,106631330,-458249920
192537936,108354908,-461806133
193590148,109854817,-464934506
195046488,111066544,-467690888
196788854,111889901,-470149668
198708448,111954347,-472604260
200407249,111329903,-474887968
201549655,110451730,-476824584
202461973,109624913,-478059498
203487271,108943944,-478564798
204748162,108389674,-478648536
206271693,107992596,-478476861
208218318,107719508,-477962062
210696050,107521523,-477174578
213271635,107452430,-476258392
215825024,107541677,-475384511
218230180,107802809,-474820061
220586184,108288963,-474612640
222962503,108841197,-474883662
225370329,109304778,-475572824
227752043,109615726,-476798671
230205920,109768518,-478515797
232909978,109793915,-480686850
236193191,109585046,-483085039
239852068,109090290,-485728024
243134222,108557876,-488391713
245473503,108158262,-491221222
246971428,107945057,-494232045
247879412,108037726,-497477507
248467998,108498932,-500921287
248820845,109196875,-504636674
249063006,109996635,-508458001
249262640,110739846,-512263939
249617971,111332101,-516105564
250367180,111631674,-519947236
251434552,111724666,-523509269
252964136,111481793,-526765655
254973374,110800182,-529881209
257366856,109794440,-532253571
259785429,108521344,-534372748
262217150,107203539,-535911488
264749479,105898001,-537105570
267355026,104653637,-538090991
269926919,103515317,-538945912
272540554,102307320,-539769797
275136428,100949409,-540880307
277652406,99607895,-541938219
280134560,98278222,-543207121
282623508,96926476,-544529987
285169368,95403684,-545969401
287525892,93636672,-547778133
289457333,91801835,-549534832
290873503,90135366,-550785521
292006478,88502091,-551950332
292922034,87007031,-552364374
293797784,85513847,-552397317
294722947,83932617,-552387778
295840344,82401950,-551807374
297350586,80630013,-551277061
299145330,78762218,-550683366
300835084,76966849,-549821127
302044663,75529295,-548718349
302895607,74525566,-547533991
303406533,74036868,-546515346
302339463,74342350,-545600412
300889136,74911052,-545331746
299342365,75512774,-544941030
298307523,75834717,-544621934
299271097,75299364,-543333653
300500405,74916405,-542677222
301640973,74556000,-541962992
302429477,74237160,-541507828
303998439,73691125,-541498980
305043324,73549820,-541802037
306367284,73423280,-542092774
307760856,73327468,-542268498
309186668,73207722,-542306507
310540442,73065049,-541954315
311634051,72846614,-541385174
312266279,72500772,-540833332
312861827,70511567,-536944374
313934115,69895016,-536598361
314921325,69311463,-536436657
316040121,68782215,-536247814
317305011,68398107,-535860419
318784427,68133128,-535126538
320368486,68010045,-533964807
321969533,68058325,-532392448
323629591,68187988,-530536227
325390358,68370663,-528412292
327203004,68479792,-526235272
328907379,68545514,-524001860
330460856,68415939,-521851152
331769837,68148792,-519812024
333060596,67679811,-517871793
334319338,67216745,-515738503
335548823,66877488,-513324924
336680676,66777367,-510571064
337726911,67047901,-507619035
338729069,67694686,-504780716
339566088,68599892,-502283733
340101183,69466651,-500278151
339910914,69928588,-498854769
339063592,69597826,-498011931
337350741,68601853,-497645153
334827795,67313161,-497339351
331528339,66181952,-496770280
328956083,65276078,-495995461
326877619,65278422,-495335307
324668992,66155189,-494991625
322616824,67165611,-495384279
321024716,67672250,-496412735
319884230,67565382,-497908406
319521441,66742414,-499514198
319995919,65376456,-501287512
320954537,63771751,-503088523
321899945,61834274,-505021362
322319458,59389383,-507081865
322539268,56051973,-509305713
321575019,52358228,-511230465
319219141,48637221,-512922326
315604400,45160639,-514531527
310938613,42266921,-516017683
305653910,39938339,-517709826
300232999,38124057,-519927192
295037911,36617104,-523010560
290353166,35223477,-527116957
286889212,33586361,-532156769
284857892,31581862,-537773544
283636009,29455448,-543911620
282595214,27472933,-550366521
281389882,25880772,-556494359
279888456,24839539,-562143222
278316883,24201597,-567473232
276459791,24098393,-572677088
274114312,24680752,-577841490
271608965,26057818,-583178995
269107764,27806175,-588734196
265750079,29901271,-594160946
261252955,32130321,-598547707
256463256,34290023,-600966835
251591776,36729133,-601222651
247654027,39331451,-599888111
245254937,42068361,-597849888
244457424,44870055,-595715955
245363043,4718917,-918489083
90361830,14613438,-917973766
938155
88743650,12123015,-920501946
88570828,12787613,-920040959
89731394,14357097,-918489083
90361830,14613438,-917973766
#!,zero-counter: 117
105599203,26582427,-885495291
106059517,27032802,-884663615
107200866,28067063,-883186560
108709733,29252905,-881305687
110141489,30656697,-878750465
111207122,33086832,-872624468
110152058,34762090,-865432982
110402971,37484866,-862337456
110808271,38687448,-859478961
111218701,39575420,-857538224
111471745,41441831,-856768071
111013849,43815098,-854682604
109911586,45909088,-849645311
109374949,47456492,-845316852
110001673,48608235,-845766245
111484525,48701139,-845380320
112577107,48973985,-845386601
113543973,48913943,-845314038
115343622,48312715,-845409995
116572241,47855084,-845363891
117874761,47397898,-845311419
119093491,46988061,-845378445
120273029,46557365,-845390993
121336386,46223449,-845401564
121983675,47829570,-846585115
122777615,48879775,-846511899
123620639,49622082,-846785438
123668530,49479941,-847785182
121661500,48221213,-849551317
117661851,46588721,-850654440
113503501,45445637,-850077784
109820729,45748022,-848309743
106395342,46042969,-846441440
102744097,46394099,-844730147
99130974,46952802,-843431657
96155664,47695126,-842492394
94654534,48721285,-841893042
94509987,50176610,-841765213
95362831,51826378,-842293738
96586570,53613452,-843546395
97789914,55539492,-845520196
99160480,57813173,-848090015
100737517,60825873,-850785136
102851473,64567964,-853308061
105696687,68337628,-856044908
108744653,71539587,-859373197
111281456,73467539,-863314454
113038703,73890001,-867669021
114437229,73308529,-872244819
115659280,73043589,-876351792
117450136,72748580,-879577115
119445799,72457157,-881751517
121520332,72825927,-883488295
123334685,73894864,-885085733
124409133,75183291,-886413605
125088256,76505743,-887404705
125549151,77824504,-888074259
125814380,79035748,-888362038
125984973,80060556,-888394000
126342944,80748969,-888759381
126888397,81135259,-889525630
127754526,81238605,-890805520
128478636,81006446,-892429195
128643118,80616454,-894233050
128243834,80120680,-896088835
127385340,79477729,-897832730
126041611,78440917,-899428275
124249344,77163080,-900934984
122173809,75830001,-902601917
119895309,74669764,-904514316
117485687,73711276,-906651809
115877691,72540782,-908082895
115202882,71509803,-908581320
115239153,71190380,-908841379
116205612,71214161,-908328791
117523471,71330185,-907625147
119191191,71714733,-905855280
119895586,72663379,-903538302
121267770,72889140,-900096397
121718263,73424471,-897414874
120726164,74864323,-893176988
120150953,76265445,-888392637
118404259,77114752,-884403699
117681171,76861903,-883259581
117498044,75877208,-882507851
116766428,74230915,-881123252
114822858,71247568,-879614425
114000900,68580076,-879165418
113604452,66091627,-879954444
113351743,63663586,-881157229
112298664,61467303,-883350920
112169834,60147154,-884835077
112824273,59528517,-886302208
114846380,60036339,-887727867
117785561,61838342,-888993709
121350445,63846123,-889575121
125202802,66754126,-889284287
128404302,69667499,-888672260
131654176,73234540,-887780176
136525210,78424657,-886690829
138402825,83065346,-885683954
138900357,84600547,-884997955
140527940,86202619,-884102701
142078228,88155284,-882626094
142647311,89647818,-878424143
140968546,91073311,-873506307
139170962,89418750,-869161257
138069414,88306631,-866790399
135684119,86422987,-864677470
133478332,83818752,-863057426
134147508,83656852,-863755010
134733909,83064512,-863795074
131758167,81328633,-864899896
131347917,81771403,-864871763
#!,zero-counter: 30
134317012,84012582,-865074991
134818143,84931817,-864313888
135556663,85969670,-863331059
136726235,87340877,-861627990
137935487,88383938,-858258932
139195995,88708129,-854246801
141036853,89239954,-850198039
142888498,90065524,-845702368
144545487,90989672,-840620325
146383392,91596709,-835741344
148584101,92096075,-832144834
150499276,92742474,-830220945
151661892,93316488,-829681667
151819037,93597514,-830255095
150789657,93573250,-831787906
148770591,93200528,-834078373
145702409,92769414,-836606286
141418319,92151212,-839200166
135873680,91248328,-841569580
130245699,90050700,-843792269
121468425,84858912,-846616173
121592269,83752375,-846590963
122042931,83361988,-845552301
122247541,83854796,-844672509
121694069,86661865,-841958902
119150006,88532423,-836260022
112648607,89591652,-830411116
107265875,91177122,-827387804
106443860,89621758,-827055570
105777604,88782153,-826884295
103818276,86697019,-826305410
103483076,85527118,-826290212
103224217,84866490,-826572015
101892918,83315255,-827166599
102492308,81459418,-828636790
104941566,80110239,-830506443
108182940,79548211,-832357231
111236031,78770184,-833952718
114044517,78771506,-835793476
116055116,79573552,-836825453
118278035,80716130,-837627190
120114361,83090652,-838255986
121545258,86492896,-838864124
122149122,90737876,-839447957
123124371,94731343,-839577015
122601685,98921058,-838791824
121363812,101395746,-837854862
120413416,103366848,-837232769
120133074,104425524,-836531958
119187883,105588736,-834961881
116957358,105439844,-832540548
113556322,105347671,-830626803
110439603,104664431,-828897258
108378218,102699621,-827634540
109395236,100970193,-828181285
110301851,100452891,-829095927
109912542,99688921,-828927168
109833834,99614741,-828622826
110124291,99174727,-830165844
109894493,99648993,-830087507
#!,zero-counter: 28
110956904,101939003,-832665072
110621672,102437804,-830980141
110348192,102607106,-827585309
111516738,102770382,-823523565
113589683,103196028,-819447974
115389721,103574187,-815380677
116013340,103595679,-811664171
115635235,103399935,-808824293
114851943,103509471,-806961784
113856479,103459078,-806118291
112582162,103322868,-806291714
111101635,103147697,-807517018
109273654,102995049,-809547390
107125511,102587734,-812251117
104802625,101839675,-815369743
102184927,100809503,-818840825
98617771,99801807,-822432749
94344301,99285093,-825805132
91856288,99081968,-826656216
90405080,99593163,-825950098
87500365,101641519,-824454740
83604935,103965190,-823362333
80292552,106503114,-821973170
77115379,109084116,-820379273
74257126,111013581,-819169295
72055243,112257126,-818034756
69358530,114314396,-816913949
64625437,115727284,-813818530
59673245,116569698,-811506553
56776778,116949627,-811044096
53620622,116783943,-810230397
51542132,116253121,-809790791
49991565,115993978,-809917713
49195325,115004421,-810898439
49653672,112249111,-812526969
51063884,110317892,-813862360
53452380,107546071,-815118059
56291804,104639199,-816660983
58831999,103410476,-818066068
60374343,103933903,-818406095
62886183,105062811,-819190343
68124699,107726810,-820255723
72665528,110951716,-820860494
74931664,114545833,-820965243
75451897,116947210,-820969271
76578773,119313780,-820881171
76990227,121039963,-820452155
77866299,122819024,-819716608
77389730,123718914,-819469144
76831025,124481502,-819261145
76549945,124940280,-818742686
74587422,126075999,-817286843
70315290,126673161,-814809141
66098857,127110928,-813168418
64281720,127003851,-812640855
61333819,126805175,-811173890
57738777,126464184,-809648758
58732432,125552168,-809770220
60841634,124006524,-811368539
61321754,123333395,-811950271
60626229,122610059,-813752973
60086388,123111750,-813837443
59760510,123611572,-813940212
#!,zero-counter: 15
65686092,121226203,-819060479
66896523,120641961,-819528403
68276195,119970232,-819995477
69600800,119239714,-820443908
70822275,118561015,-820850474
71864383,117981112,-821218677
72843283,117476964,-821480135
74180576,116743175,-821800891
76200453,115583209,-822099341
78942273,113914180,-821880953
82207001,110844945,-820864282
86450704,106806671,-819541807
91653190,102595896,-818216605
96885039,99891235,-816182379
101550998,98471534,-813746502
105061597,97690427,-811778649
107540884,97662224,-810488251
109383600,97888338,-809898421
110313268,98188497,-810127387
110046658,98024791,-811655336
109144464,97301967,-814556766
108336150,96453329,-818433000
108432447,95853942,-822543897
109781803,95748441,-826030828
112307283,96143622,-828638846
114983759,97047212,-830494261
117213799,97943857,-832341119
118679209,98454018,-834678602
119435496,98406177,-837714598
119936747,97976181,-841281263
120303351,97331759,-845267139
120545787,96615813,-849558402
120835061,95896146,-854023563
121096435,95395079,-858441148
121140964,95176608,-862162041
120807426,95123900,-865222812
120107979,95204727,-867974722
119144391,95361964,-870781005
118017590,95505853,-873778782
116689225,95796718,-876689418
115137009,96116807,-879457238
113215084,96429295,-882086409
111086267,96576920,-884654654
108639311,96287236,-886928292
105452847,95440025,-888896011
103795980,93470692,-890780778
102561797,91738666,-892084558
102554800,90098018,-892803427
102472174,89242472,-892303294
102204910,89482380,-890360719
101278133,89409719,-885380709
98325785,90477475,-879972494
99482311,91756912,-879476115
100921814,92485077,-878569773
97550128,94445155,-873892117
90117432,94402696,-866929634
85776989,91526803,-862351640
84751583,89650416,-862012917
84685216,88384978,-862464984
82846670,86792506,-863044842
81600892,85292755,-864144738
81145277,83913964,-866566689
81855067,84045239,-868615125
84814880,84785659,-870665569
88803973,87180165,-872309996
94775644,89835568,-874509637
98861255,92783281,-875388012
101998285,95205811,-874774957
105239627,97970756,-874075338
108174878,101276944,-873607941
110632630,104347441,-872760522
111761076,106067470,-871850747
113211030,106888166,-871383946
114956887,108037342,-870015587
114901751,108800575,-866079745
112059309,109696623,-861368775
109271909,109755056,-858519181
107442629,110251086,-857017499
106054032,108713760,-855221619
106642290,107221666,-855001430
105585313,106662825,-854544159
102096245,105721386,-852679266
100958988,104419794,-851569608
100481893,103489594,-851130439
#!,zero-counter: 43
99761003,105074954,-851925114
100044593,105892870,-851141713
100598089,106606162,-850295245
101473203,107181651,-849239879
101592817,107565499,-847271795
101569349,107338504,-844264782
102143591,107274406,-841315432
103255003,107535278,-838867306
104669732,108143958,-836918631
106300484,109153681,-835154061
107920357,110409959,-833380501
109187529,111385049,-831604224
110010475,111880010,-830095734
110407949,112118173,-829226509
109504655,112209306,-829685092
107699977,112053594,-831051214
104852156,111901882,-833002489
101050860,111907124,-835150062
96568672,112080602,-837387876
91924801,112806573,-839125205
89861892,114043030,-837890722
86601559,115694923,-835112183
81973297,118724992,-831755529
76116488,121374579,-828916655
72432352,123311174,-826964779
69442493,125370408,-825718820
68192465,126037203,-824715255
65066802,127652785,-823448353
63550400,127754639,-822825278
62850236,127859299,-822979084
57115043,127338866,-821620864
53304160,126546274,-820439121
50984977,125680059,-820082942
49883310,124540336,-820070720
49213029,123532757,-820385636
49507601,122807128,-820765161
50091837,122050688,-821266217
50925106,120895727,-822131724
52893022,119131942,-823497042
55264398,117731361,-825359521
58156555,116526126,-826913321
62175921,116065041,-828498924
67892235,115654777,-830518286
74498219,117211325,-832613762
80119873,119330593,-834153186
84124820,121700468,-835181853
86588904,124730236,-835431448
86991702,127651308,-835149388
86604686,130022722,-834707295
85551014,131762504,-833996716
84851364,133150073,-832670220
82129915,134762236,-830239728
78412128,136271969,-828399223
76463274,136582208,-827827030
73613453,136841835,-826147588
71188394,136031721,-824502250
68056810,136127189,-823228943
64821385,136119476,-821953196
60739651,136427352,-820308494
57346400,135454779,-818945911
55544129,134409113,-818510793
54855569,134103295,-818614306
53624956,134047594,-818657740
#!,zero-counter: 12
55841680,133077136,-821809128
#!,zero-counter: 19
57192241,133902531,-823894007
57696720,134648250,-822303226
58174674,135506338,-819999489
58756001,136352626,-817580285
59335239,137108685,-815184204
59848421,137848982,-812830898
59992329,138623788,-810742874
59712827,139141756,-809038781
59061410,139518745,-807683842
58106364,140009190,-806507639
57357096,140615086,-805918091
56900750,141179421,-806019311
56066279,141631677,-806862774
54703497,141880834,-808127003
53061480,141894324,-809966051
50558911,141959053,-812113277
46645462,142164800,-814230159
41859893,142448951,-816206417
36443325,143107811,-818194842
30466807,144174329,-819955231
24805635,146543903,-820403560
22993695,146622417,-819651867
20888303,148080779,-818483407
16703367,152363657,-816222629
12929122,155571777,-814665209
8887770,158774036,-812539967
2877934,162967286,-808486241
-1437631,163539761,-805571772
-5806974,160455859,-803175823
-15393879,161273720,-799714664
-19793933,162364275,-797618064
-19153873,162361144,-798566227
-17432232,161787455,-798787873
-15571393,161437000,-799071890
-13621764,160993764,-799405127
-11990112,160024572,-799922158
-12390312,158135676,-800819676
-12554957,156130964,-801642090
-11024215,154231901,-802472016
-9387685,152153452,-804026718
-7839128,151024300,-805388013
-6283816,150619725,-806350946
-3621564,150422193,-808153389
1062136,151078141,-810775163
7247568,152531060,-813020868
12808178,155379868,-814366806
16506711,158665313,-814634533
18714447,161044344,-814845117
18784156,163612769,-814671255
16829202,165720560,-813949733
14774506,167120984,-813363239
13555535,168462737,-812393327
11532886,169654580,-810404808
9084006,170404798,-809095459
6433771,171278497,-808489148
3339444,171169290,-807604152
697157,171179861,-806540035
-2342864,170324473,-805200153
-6577685,168936785,-803998764
-8921255,167763599,-803376556
-9709820,166993486,-803059818
#!,zero-counter: 28
-4542408,164176317,-811531242
-2478880,163443701,-812098519
413726,162273871,-812732892
4065607,160385593,-812973252
8252966,157969992,-812539676
13847388,154999908,-811452938
20743151,151580978,-810396668
27431021,147841120,-809663533
33167110,145252127,-808599244
39701192,143405012,-807086306
46482088,141629012,-805987505
52210594,139870891,-806015932
55527831,137881494,-807544354
56086531,135805731,-810161725
55792020,134141336,-813247400
56451654,132662805,-816726706
58660689,131713156,-820307631
62785473,131332176,-823970539
68213943,131519764,-827726777
74115274,132250451,-831651454
80018252,133603012,-835480178
85197298,135525820,-839101937
88718802,137077104,-842637746
90228225,137675171,-846325181
90402804,137599468,-850192294
90099268,137189592,-854366812
90217940,136611709,-858883745
91276153,135722947,-863661249
92879083,134653110,-868434636
93926359,133492665,-872715471
93875039,132540757,-876116976
93531358,131935250,-878410127
93660465,131635953,-879598504
93977357,131556430,-879931033
94046728,132926112,-879663000
94389381,133986412,-880784725
94050324,135255565,-882629138
92597945,136380863,-884562895
89845838,136852679,-886806821
86202543,136488950,-889058823
85235599,133809995,-890992665
85073423,131516190,-892326444
86190747,129509167,-893093153
87083015,128070800,-893347114
87457649,127757155,-892122705
86221816,129386691,-887691018
85433659,130729070,-882570687
84531893,132517529,-879275286
85412243,133106216,-878797163
86759644,133850354,-878153689
87730281,133891303,-876742812
83662021,133959936,-873466513
76496616,130881279,-869583468
71892639,128857155,-868138648
70751925,127579150,-868454575
69929837,127052866,-869179905
68580717,126715126,-870041950
68300862,126705889,-871398021
70219813,127739458,-873722123
73209287,128822806,-875578483
76281583,129736606,-876654068
79137594,130776691,-877134907
81971925,132564549,-877133927
83379557,134208698,-876670068
84904855,135388420,-876135821
86782232,136933567,-875331818
88390342,138670029,-874448363
90124373,139824352,-873469442
91799910,141017442,-872345738
92535653,142271603,-870282920
90641922,143149567,-866979536
89419766,142134247,-864354681
86859508,141466108,-861976709
83190420,138600403,-858857865
79769574,137019923,-856417861
78556043,136404997,-855405588
78975688,134868146,-855691551
79475556,134659367,-856204555
78344268,135203000,-854804097
#!,zero-counter: 35
78621255,136614733,-854346795
78178768,137382162,-853759112
78005014,138210732,-852919814
78316286,138762309,-852032756
79182592,139027977,-850814861
79879238,138978847,-848306574
80765272,138471286,-845068634
82238400,138053604,-842224952
83983451,137967430,-840077474
85372014,138333443,-838201263
86259154,139036122,-836434540
86935869,139927831,-834699111
87837789,140906723,-833300293
88725583,141919701,-832547123
89358934,142796087,-832599382
89258689,143424498,-833382807
88320895,143707478,-834798008
86845561,143712809,-836571718
84827660,143691838,-838618739
81660989,144020237,-840598896
77519177,144510165,-842196540
73148244,145425695,-842936247
72006017,145649778,-841853440
70393672,146461433,-839813101
68633451,148182625,-837599979
65995469,149783010,-835425096
61920400,151241038,-833233965
57818874,153284269,-830936751
56572952,153238904,-830271426
53352451,155190319,-829494514
48452154,155283403,-828040820
41211741,155523862,-826898491
35278393,154304763,-826544624
30552289,153609567,-826859071
28791923,152130240,-827886976
29841969,150312870,-829151411
33137457,148373196,-830651603
38956514,146605742,-833329216
48441724,146734059,-836276140
57241336,147961738,-838169583
62993074,150256854,-839440100
64568310,153639136,-840091564
65832542,155636271,-839786920
67440257,158471508,-838975220
68778077,160985577,-838312474
69207644,163130894,-837253875
69140065,164726230,-835980212
68271093,165757004,-834800838
66349862,166991060,-833482354
63525124,167844222,-831090472
59768489,168218094,-828599886
55843816,167914611,-826359090
52347425,167643044,-825113899
51177280,166719807,-824916306
49975940,166123777,-824705831
47471837,165967563,-823950174
46921590,165428332,-824048223
#!,zero-counter: 38
47306841,167117118,-826920166
46016572,166735870,-825454249
45049702,166366892,-822430055
45117546,166339768,-818739889
45206803,166453645,-815453612
45432221,166581703,-812823510
45930608,166720047,-810926155
45838347,166893319,-810015298
45043185,167023252,-810107005
43333629,167184585,-811011885
41080739,167101529,-812707027
38813842,166871465,-814808314
36957550,166467845,-817278019
34809290,166063309,-819935693
31499507,165666278,-822753014
27393168,165507318,-825599602
24972176,165803933,-826802005
24327139,165043121,-826789811
22478941,165931067,-825829978
20215485,167187412,-824474462
16402560,169053341,-823216478
13411804,170842994,-822169049
10986411,172278607,-821132038
8608947,172969557,-820311513
4487486,175480835,-818793415
1277064,177260030,-817681088
-5084228,179853885,-815079884
-10063430,180465357,-813225010
-13263252,180925370,-812304831
-14416114,179855244,-813215357
-14038220,179125292,-813593330
-13355451,177976099,-814190411
-12594711,176656706,-815171632
-10512558,175263033,-816372450
-7768870,173927268,-818045774
-3425891,172562200,-820196135
2343535,171407246,-822354394
6760193,171784645,-823758720
9922042,173374022,-824557679
11772043,176654631,-824748367
14062485,178982313,-825194307
15401950,181520168,-824998494
17255951,183811407,-824531135
17671286,186647913,-824145788
15266258,188065312,-823398321
13657397,188539195,-822804500
12675954,189184902,-821821010
10501229,189966492,-820431822
7752066,190608944,-819422295
4090668,191184447,-818345561
802149,191382127,-816839834
-1314569,191002154,-816084652
-1925638,190543743,-816369002
-2892600,190245097,-816270137
-3355846,189815883,-816225114
-2327291,189313254,-816706250
-1615319,188748883,-816973322
#!,zero-counter: 30
4187944,187828784,-822420800
6412626,187439951,-822680455
9204143,186829803,-822915031
12501101,185975018,-822750690
16287704,184607647,-821536879
21474354,182317332,-820192209
27987620,179331203,-819427431
35126942,175627083,-819473248
41489098,171358228,-819989645
45727598,167543183,-820251875
48959051,164352705,-819557089
52355428,161981862,-818246097
56860722,160204897,-817136101
61671549,159444164,-816997713
65834687,159353218,-817859899
69156968,158910648,-819849851
71452406,159144134,-822218422
73815038,159145176,-825124478
76333989,158945807,-828633795
79087829,158451948,-832798269
82444678,158011244,-837264020
86081355,158399400,-841937954
89221471,159451348,-846923065
91432767,160755196,-852065824
92540334,162257307,-856986852
92754342,163997123,-861363140
92856866,165703796,-865143283
93217038,167162576,-868673248
93912897,168312883,-872197495
94982429,168794897,-875966735
95928438,168760803,-879716369
96377502,168633806,-883177297
96743412,168567412,-886113444
96476877,168612710,-888473447
95681016,168814092,-889980206
94671468,168954187,-891492241
93186905,169063597,-893311752
91230873,169167943,-895383150
88759045,169265292,-897786470
85227090,169343146,-900447524
80873467,169041538,-903354393
77320719,168253309,-905608803
75841580,167084326,-906605155
76509287,164741782,-907737704
79244478,164164404,-907356248
82875173,163934373,-906021993
85166878,164962396,-903746292
87562943,164084955,-901824552
88193054,164690715,-899146160
87389625,164541101,-894824481
85544711,164437132,-891206113
84973958,163490928,-889842294
82875922,162630928,-888403824
80876214,161159436,-886687203
76722978,157767089,-885613055
74907551,155739775,-885199516
73559913,155217788,-885386804
71923869,155400763,-885552320
70696921,155831757,-885810821
71243570,156636567,-887128167
73899164,158366131,-889486330
76590813,159891056,-891088571
78853056,160605802,-891951719
81274220,161842147,-892577234
83595555,163031290,-893228749
84329103,164129564,-893056247
86061190,165258315,-892673716
87987795,167773191,-891842252
88554973,169230890,-891231201
89638630,170099972,-890384054
91108114,171008529,-888839565
92946922,171483313,-886531919
92634778,172362532,-883679682
90670415,173287943,-880516307
89437534,172639715,-877621350
86652532,172704682,-875130491
86262434,171209169,-874754770
85472496,170885339,-874027888
83938367,170727642,-872551329
83128102,170107827,-871510627
#!,zero-counter: 35
81025524,170955200,-867140646
81948535,171573072,-866415043
83194231,172198327,-865522668
85097321,172694853,-863999309
87769138,172973581,-861166694
90747340,172742636,-857462508
93537172,172161466,-853615116
95629345,171321400,-849991168
96599803,170152446,-846485661
96476873,168779847,-843058059
95921775,167396592,-840037926
95659127,166263025,-837900979
95922357,165598432,-837009598
94885135,165197327,-838415426
93394349,165006156,-840445551
90939970,164684052,-843395976
87639136,164098699,-846919762
83733685,163320985,-850527627
79606028,162437567,-854211732
75391610,161400543,-857742166
73028224,160649780,-860001846
72651583,159363591,-861234315
72941412,158132391,-862245031
71863870,159691614,-860904203
69603495,162951728,-858589474
66889860,165518034,-856102308
64868350,167410455,-854586667
62511815,169699440,-852167100
59283649,171497510,-850073638
55148962,173510822,-847636324
49900753,176633575,-844611087
44502193,178152604,-841445256
40221018,179396711,-839259661
37868123,179950674,-837437093
37187168,180154411,-836323716
38710357,180514336,-836447184
40105630,180450085,-836315745
40998897,180025621,-836283976
40245004,178576068,-836344795
38577462,175847672,-836923997
37352895,172602398,-837817763
36515570,169127733,-839049705
37413863,165622483,-841006856
39499719,163341148,-842647041
41511683,163255794,-843918749
45081222,164081325,-845685776
51263779,166322125,-847943083
56743627,169680072,-849960377
58220133,172507658,-850537939
59422217,174709247,-850903186
60023518,177345860,-850741212
59945619,179006850,-850564058
60211926,180423570,-850435701
61091750,181556912,-850342109
63046496,183142339,-849904985
65736821,185517307,-849093811
66635170,187924269,-847718220
65288006,189986856,-846313494
63867346,190462649,-845988674
62513851,191506383,-844552511
61472389,190466540,-842531552
58745439,190172781,-841112421
57066442,189819697,-840544251
54491596,189177886,-839868559
52465917,188475247,-839323845
53031467,187724577,-839503391
53747670,187191583,-839904345
54280145,186409265,-840013808
54839638,185731058,-840227337
55220423,185059058,-840450301
#!,zero-counter: 19
53984242,186191926,-841872607
53584111,186592843,-841650584
53380675,187026520,-841333931
53273076,187517528,-840945157
53597645,187805343,-840573405
54054038,187894751,-840021690
53310588,187686485,-838734626
52430301,187199437,-836837785
52810917,186882785,-834892813
53604502,187005360,-832981798
54241712,187329512,-831038832
54893498,187713917,-828882594
55410151,187952781,-826575692
55286119,188089223,-824495157
54815549,188240902,-822983319
54060864,188527109,-822057308
52672584,188763088,-821681850
50453284,188762196,-821839426
47865997,188683311,-822694084
44759195,188611947,-824261226
41203852,188561617,-826617225
37295892,188696608,-829635185
32726115,189278048,-832639790
29113280,189598490,-834425415
27558983,189845673,-834264004
25857014,190605130,-833236181
23591010,191725664,-832127315
22049904,192614798,-832018500
19339559,194689280,-830058967
13546636,196670618,-825867014
8810377,198695528,-823383983
7459410,199716119,-823213825
5296564,201299117,-822233222
169541,201299585,-820309253
-2993536,201121448,-819342224
-4483685,200331875,-819619184
-4481233,199296915,-820281721
-3201163,198241683,-820813088
-1830226,197042855,-821867564
573015,195694993,-823835473
5746202,193601292,-826326085
12465855,192735507,-828712155
18094704,193459051,-830572499
21393330,195295502,-831210984
24505913,197157528,-831906145
25815594,199391802,-831841704
26496580,201689737,-831235399
26881923,203952998,-830675583
25702793,205551746,-830223736
24363242,206445124,-830109019
22993982,207627352,-828781994
20149477,208155884,-826584854
16384606,208497209,-824517425
11910058,208991229,-822794025
8883466,209190209,-821645642
5856693,208909007,-820613349
3146920,208945172,-819688092
1680773,209506925,-818982830
862098,209164943,-818602416
1598748,208085184,-818777540
953503,206822319,-818992280
1381050,205348102,-819339230
2074976,203979896,-819894029
3111267,202998766,-820481501
#!,zero-counter: 44
6126479,203478287,-825836070
5147521,204122936,-824123671
4706772,204693840,-821602176
5104292,205427835,-818755797
6390904,206018393,-816043432
7912869,206476854,-813542389
9179873,206753087,-811489645
9669294,206769892,-810119342
9588291,206745743,-809575656
7105289,206690609,-810838555
4302597,206784852,-812364102
982719,207099952,-814407728
-2827052,207576356,-817123227
-7585137,208268723,-820160252
-12994676,209122011,-822874300
-15308303,208190816,-824531230
-15984320,207150534,-824323917
-16132031,206324624,-823613200
-17290841,206039418,-822908824
-20602951,207060288,-821928563
-24102922,208822472,-821211479
-27842304,211343625,-819953504
-30957729,212899573,-818771879
-33096533,214412297,-818541236
-33778020,215424376,-818810712
-32898061,216299103,-818551908
-33002506,216263856,-818123693
-34665351,215555781,-817439947
-37533080,213982557,-817010733
-38567679,211469671,-817440462
-37532724,209201691,-818409459
-35626009,206783257,-819481967
-34275436,204993608,-820324245
-33401413,203804561,-821066684
-33896556,203878676,-822030863
-31924704,204818527,-822764364
-28599162,206795022,-823549939
-25095842,208928646,-824353343
-21133931,211523988,-825146463
-17223223,213558123,-825945798
-14581846,216171442,-825789993
-13054801,218870472,-825493815
-12509467,221134240,-824960533
-12293618,222843453,-824437549
-13281230,223677687,-824019378
-12486825,223723950,-823575692
-12042570,224427689,-821534366
-13444429,225101131,-819034275
-14607486,224718070,-818584705
-15366608,223854028,-818391732
-15218992,222348639,-818164472
-15891403,221474116,-817912887
-16880920,220392938,-817747181
-17135846,219030514,-817732178
-17391783,217955141,-817713754
-16773767,216897027,-818064120
-17216257,216194921,-818184057
-18385523,215683439,-817885429
-18873894,214765966,-817452826
-18472831,214522189,-816916221
-16770860,213697136,-816241897
-13758089,212795754,-815109356
-9422975,211519530,-813544835
-3959957,209892768,-812020379
1763834,208059472,-810621054
6921569,206059191,-809116245
11842318,203984266,-807337033
17335754,201660173,-805527749
23454887,199194295,-803741636
29944598,196651131,-802230488
36894839,194000855,-800964394
44564484,191096160,-800063759
52975585,188257209,-799349297
62392696,185466253,-798502523
72735740,182780555,-797406956
83245433,180418381,-796141335
92722397,178374567,-794732135
101046563,177287536,-793232822
109322273,177167870,-792198102
118187488,178008735,-791956882
128120261,179381258,-792895487
138729891,181351760,-794671517
149088708,183155519,-797074026
157463774,184551189,-800238119
163324196,185939153,-803895636
167637431,187161863,-808195090
171442528,188046518,-813463213
175121375,188592624,-819711123
179026284,188851522,-826812282
182825259,189767570,-834205483
186026501,191385042,-841525294
188217599,192944634,-848531897
188844871,194043252,-855108372
187383297,194178792,-861666507
183948396,193534763,-867323524
180108520,192153349,-873019075
176757473,189853523,-879080354
173300543,187685386,-885024952
170361800,185985738,-890344044
168055571,184531654,-894902678
166116836,183304297,-898706705
164400949,181954294,-901816754
162685274,180391393,-904148585
160588080,178109069,-905843945
157588118,174732276,-907105374
154312035,170498578,-908682905
151676186,166367933,-910289171
149812571,162911922,-912465008
148242566,160409439,-915063799
146475203,158714614,-918006427
144160125,157533825,-921076740
141339123,156594896,-924090116
138228289,155886681,-926819581
135221644,155288548,-929050242
132912566,154369058,-930825639
130776448,152692215,-931989766
129090715,150776308,-932517903
128289960,148884676,-932988463
127972761,147475442,-933735827
127808605,146605465,-934603183
127580538,146102406,-935475868
126748867,145776619,-936271766
125302943,145342881,-937215631
123197803,144688479,-938347677
120640119,143680498,-939667220
117420855,142363029,-941053295
114185202,140816132,-942694935
113019210,139156296,-944052455
112879337,136883272,-944407636
113737048,134962117,-944377682
114338938,134117064,-944414203
114900272,133723019,-943766474
115745120,133738384,-940491669
116206197,135000673,-933903888
114960075,135874151,-927208894
115237283,135066540,-923636930
114060257,132754880,-920830512
111722702,131330521,-918261934
109397757,128947769,-916548262
107946700,125553298,-915983578
106214117,123545874,-915552258
104952506,122143752,-915678754
103945597,121172062,-917163424
104118384,121637977,-918889620
106073623,122508335,-919899154
109324848,124065014,-921118536
112151039,126157072,-922526080
114210933,128550536,-922606156
116999307,130849427,-922279761
119960796,133760054,-921776992
122455243,136709462,-920997210
125208518,139634254,-920058292
127729559,142159160,-918957448
130988389,144745445,-916967527
132905578,146837708,-915313190
133787745,147946533,-914197136
134906502,148600962,-913024735
135115891,148711223,-910122424
134219806,147354479,-906582775
132384460,145570605,-903866288
131227377,143127806,-902286188
129859641,140994944,-901348395
128777082,139109622,-900217168
127557389,137717706,-899050401
127293238,136859800,-898701088
#!,zero-counter: 31
125749680,144069527,-890026821
126021727,144949343,-889325286
126468665,145972874,-888519188
127578460,147250275,-887111950
128974221,148202570,-884606725
130510163,148250979,-881135562
132685547,148152783,-876916528
135328992,148266517,-872317788
137608364,148427152,-867825257
139122371,148491246,-863772369
140087188,148472327,-860591436
140967711,148727340,-858905246
140024951,149380802,-859332800
138068652,149091700,-860648317
135364982,148412342,-862639134
132180946,147400965,-865090744
128942726,146165050,-867489060
125364263,144726058,-869691271
121161321,143092194,-871544756
120324086,141149263,-873015027
120323311,139433928,-873562247
118959867,138743787,-871710702
115728998,137822237,-867411441
112355939,137220625,-864191336
108874796,137474420,-861475229
106986665,137669491,-859424771
105809103,137769830,-857922445
105673532,138344116,-857621873
105532277,137981665,-856862333
102273812,137831966,-855083229
100270543,136937238,-853829652
98967884,135434729,-853616192
98440137,133881849,-853992729
96812057,132184752,-854548910
96869986,130791827,-855080423
97765955,130220856,-856237275
99182813,131046270,-857970013
102795473,132923574,-860185679
107403990,136042311,-862152844
111297123,140192514,-863391818
113465504,143418325,-864053045
114840793,146079987,-864442771
115761368,148861756,-864504706
116506381,151077835,-864144573
118065617,153711267,-863453998
118782342,155440768,-863032625
119750058,156043361,-861192781
118287729,156044982,-859313807
116201975,155130357,-856986242
115678861,153589199,-856151790
116114366,152728216,-856968222
115677165,151888001,-856645854
115227331,151211141,-856111814
#!,zero-counter: 25
113580008,153074726,-854738352
113281124,153716186,-854218359
113600992,154251622,-853267356
114192659,154609571,-850816078
115499718,154830891,-847338424
117488145,154900004,-843807478
119327852,154690643,-840580388
120685463,154432520,-837748646
121674514,154374428,-835483753
122640628,154747287,-834133075
123386954,155405178,-833659721
122251705,155785321,-834751945
120948765,155216084,-835611721
119173713,154388449,-836739900
116999911,153366799,-838312974
114236271,152305374,-840349381
110676861,151323491,-842791481
106345498,150546979,-845822756
104113245,150153884,-848250291
103557186,150358882,-848057778
103644044,150924359,-847086157
102630854,151029341,-847158827
102577046,151618658,-846383286
102319843,152637079,-844636433
102106268,153169774,-843791600
101088420,153755916,-842608304
97121232,154457386,-839443273
93745084,154225111,-836987887
92607977,153892664,-836922515
89401591,153296671,-836088045
85591444,151573407,-835468187
83914665,149732657,-835254882
83651994,148254459,-835382308
84421540,147527621,-835714358
85445317,147224717,-836559969
88008324,147781089,-838138081
93782623,149387021,-840797380
99470369,153067144,-843922185
102686057,155714169,-845712476
103582530,157755867,-846071982
104532254,159427913,-846160619
105984410,161311691,-846060702
107045869,162692786,-846322176
107689932,163717134,-846111013
108084180,164365456,-845443761
108789616,164524112,-844587978
108913532,164616257,-843682138
108318512,164715564,-842163389
107341133,164431765,-840479859
106468655,164370231,-839406071
105710313,163796508,-838385477
104420375,163205605,-837328449
102377231,162897930,-835868689
99811109,161929012,-834932460
98263714,161183810,-834602980
98888932,160718215,-835033538
97699371,160812317,-835471432
97141074,161270651,-835491437
96713314,161720337,-835477500
#!,zero-counter: 12
97218441,161245984,-837164388
96902649,161684424,-836925021
97557245,162441534,-836291565
98395536,162598139,-835847719
98500884,162499993,-834754585
98016378,162253223,-832641331
98480965,162233819,-829975193
99521423,162623387,-827275683
100721868,163128917,-824616666
102034754,163860977,-821907549
103563392,164613424,-819167733
104881127,165165348,-816604806
105412865,165416095,-814363983
104776671,165236716,-812539644
102975793,164787060,-811242528
100639503,164213815,-810728649
98294167,163773578,-811142471
96091668,163497723,-812584255
94127903,163364129,-815095173
92368421,163393147,-818466731
90396330,163340272,-822223595
88105586,163046866,-825845561
85845953,162517910,-829231862
83704928,161939963,-831753484
83606466,160788072,-832742797
84183313,159874774,-833329484
82220667,159989409,-831554486
79063815,160810741,-829509087
76297074,161544843,-828058838
73627556,163017891,-826923953
70668462,164636073,-825247133
67876391,166377083,-823718144
66522156,167578390,-822883150
65759172,168705145,-822111223
62501920,169241920,-820158075
59367333,169364892,-818956375
56596777,169313605,-818034111
54679656,168742257,-817579121
55002802,167564153,-818706005
56009409,166348475,-819847808
59567853,164711167,-821839723
64507218,163665759,-824123467
69544433,162730350,-825955461
74355849,162502771,-827944737
77734746,163257465,-829500428
79722714,164607262,-830010618
80906648,166064759,-830127193
81244555,167770897,-830167613
81673435,169454361,-829504163
81313319,171136934,-828515651
80098670,172183350,-827951026
78731834,172786686,-827098437
78289215,172729396,-826485851
76938732,173057818,-825379937
73299052,173284823,-823388854
71013882,172762960,-822432550
71450156,172131872,-822952428
69256310,172337842,-822159783
67657815,171875681,-821278170
#!,zero-counter: 15
67521886,172038668,-823669535
67174468,172531118,-823693955
66545049,172702787,-825006101
66180184,173079175,-824839402
64917961,173914853,-823707862
63008792,174028490,-822064893
60945732,173937152,-820478859
59042543,173660471,-819141429
57154550,173641600,-817625171
55581232,173897263,-815652618
54652818,174380553,-812924877
54470514,175366965,-809690245
54947642,176508553,-806421781
55546163,177499517,-803693524
55599391,178321047,-801806029
55305819,178791544,-800698837
54366092,178933731,-800268742
52764523,178991460,-800506448
50579038,178912130,-801245899
47891385,178803812,-802439185
45045079,178648317,-804469312
42604394,178450948,-807361020
40712777,178223037,-810857828
38757598,177912626,-814271590
36474493,177758654,-816921997
33912121,178141468,-817716580
32775441,178100046,-817900352
30591256,178736589,-816816077
27519793,179919919,-814926821
25106173,180887789,-813855736
23261159,181715001,-813572364
20420854,182704090,-812416911
17475446,183636139,-811178311
15112728,184559672,-809802241
12773912,184863508,-808609575
9548830,184719746,-807405039
6910590,184099351,-806225365
6435680,183700218,-806017380
9698220,181794578,-807970650
12202962,180231160,-809945377
15401779,178324453,-811850382
17369027,176780961,-813218584
18385063,175741397,-813859108
16384350,176434223,-813680271
14801431,177649614,-813761847
15058838,180352661,-813348064
17214750,183185674,-813104344
19317631,185656244,-812659290
20437378,187867329,-812384791
20655489,189416639,-812238662
21010311,190641159,-812098728
20805621,191445528,-811851144
21369121,191382935,-811951788
20415642,190864760,-811232755
17994740,190643291,-810135677
16876074,190186675,-809692134
15583429,189127482,-808920709
15240009,187811775,-808774201
13384769,187366717,-808395722
12440274,186622333,-807916623
11361572,185849613,-807330884
9928223,185092991,-806661673
10540781,184347646,-806717895
11983698,182671891,-807248190
12900280,181921685,-807714595
15313006,180906838,-808364476
19054706,179892638,-808238555
23946459,179045774,-806191089
30757593,177669518,-803093080
39171788,175464802,-800261505
47589517,172301219,-798160186
54596256,168541077,-796883687
59482871,164688671,-796522638
62566194,160796840,-797252849
64587012,157262154,-799164840
66168765,154450867,-801601817
67731857,152775248,-803935635
69232875,152169222,-805703464
70605835,152215365,-806951843
71152955,152667374,-807964622
70816074,153014068,-809106484
71096171,152800472,-810563163
72135609,152608347,-812017648
73455364,153033601,-813483509
75170877,153933169,-815268527
77544134,155369847,-817639210
80491569,157158771,-820555895
83519083,159317201,-823849546
85918701,161128855,-827434851
86956570,162443322,-831242438
86350700,163292010,-835316195
84581313,163563898,-839456791
83139978,163424382,-843355059
82841662,163550802,-846482325
83176353,164067258,-848998743
82642610,164607715,-851215939
81394036,165126702,-853310463
80574352,165791971,-855256776
80324431,166476920,-856999739
79754473,166863788,-858635755
78744475,166868905,-860206267
77763202,166731227,-861681596
76992419,166460152,-862770757
76596430,166349423,-863349024
78248124,166270296,-863514274
78604627,166284594,-864251700
78688627,166174253,-864962542
78603132,165856725,-865649321
78364884,165542545,-866438430
77974581,165294740,-867450010
77346892,165061814,-868824681
76393924,164938234,-870642709
75006202,164888345,-872961905
73160464,164647219,-875964610
71045025,164324726,-879250416
68583404,163826326,-882160729
66985777,162375549,-883696162
66188843,161015466,-884467280
66483331,160057082,-885055839
66671595,159331122,-885315148
66365560,159484887,-884342263
66263153,159835718,-883154988
63645634,162594868,-880008605
59470477,161397866,-874086403
52909549,163128608,-868762447
48967785,164100177,-865393389
44060539,163572163,-862708660
39641991,162158726,-860794008
36542101,160473408,-860016549
34293280,159547733,-859675377
33216004,158807255,-860270631
33030651,158841479,-861558634
35633339,158366423,-863263885
40626492,159070230,-865425139
46137760,160051216,-867496062
51204308,161581119,-868993967
54575745,162909074,-869830974
56803395,164004451,-869950589
58982739,165572706,-870100790
60180733,167310332,-869947211
61155338,168756205,-869595112
63142176,171221025,-868731959
64438449,173507866,-867804579
65686183,174780716,-866567473
65825900,175203596,-864518022
63908378,175293079,-861925302
61762635,174818466,-860117929
61007225,173958909,-859904212
60485115,172922500,-859622283
60522659,171617293,-859522391
60798306,170918909,-859816859
60045282,170409225,-858969331
59429873,169319893,-857927981
#!,zero-counter: 30
61143852,171501435,-855798650
61644331,172444334,-855014724
62699180,173044522,-854135519
63819066,173178645,-852677911
64241044,172704442,-849854172
64327309,171872846,-846233848
64345427,171378443,-842721798
64668123,171340423,-839620095
65484897,171572193,-836903619
66837245,172022965,-834518505
68226228,172593964,-832531649
68850034,173013213,-830971562
68599772,172992748,-830032233
67445759,172771388,-829841972
65676979,172302057,-830401222
63678683,171920321,-831508746
61024055,171946237,-833113686
57695032,172130969,-835276080
53717135,172546089,-837695103
48709699,173435297,-839933204
43295969,174574062,-841656968
39803881,176402170,-840833669
37338478,177540905,-838842585
35304995,178463777,-837267277
33204412,179423406,-835375309
28359045,180848223,-832578501
24163078,181486672,-830364369
22763262,181565048,-829982135
22325027,182193913,-830575531
20105611,182737928,-829887428
16854279,182306387,-828941264
13379086,181286047,-828566008
10832669,180147172,-828718429
9325914,178967217,-829248413
9589522,177736025,-830311930
12378228,176707544,-831745552
17212523,175577432,-834384840
24694012,175623726,-837718368
31513626,177735139,-840059327
36232119,180100442,-841404871
37640218,182780354,-841042873
39415752,185730617,-840817717
38978265,187650642,-840299454
38277919,188858420,-839660765
38487217,189492502,-839041457
37286818,190899809,-837227146
34924453,191712747,-835358427
31767420,192441040,-834232752
29300800,192660170,-833264719
26423459,192936296,-831836218
24100690,192431752,-830181532
21656469,192386432,-828981156
20074083,191519933,-828054582
19185181,190715709,-827417669
19748309,190013297,-827514134
18966909,189621291,-827154370
#!,zero-counter: 27
20337638,191342865,-830328763
21651660,191724454,-830229226
23083329,191708240,-829663476
24044956,191354088,-828102651
25120927,190680495,-825899688
26570169,190094496,-823585643
28043236,189818656,-821519623
29621389,189902432,-819958860
30952508,190151590,-819012776
31660249,190572793,-818910369
31624150,191015370,-819364869
30798117,191286959,-820214968
29581843,191273382,-821278205
28280796,190937139,-822462579
26649047,190355047,-823817107
24498238,189585319,-825316240
21859331,188860039,-826856973
19446008,188458068,-828527004
17428887,188398431,-830224403
7036658,187636187,-832628495
5991078,187568054,-833127165
4278484,188292642,-833094979
3099051,189141669,-832714872
1993364,189705405,-832531827
1017862,190494595,-831986662
152210,191192616,-831438186
-1868599,192788770,-829895872
-5269458,194838704,-827047292
-7658181,196536521,-825066834
-8290952,196814819,-825000194
-8153597,197091029,-825055071
-9397731,196777035,-824185065
-11704646,195664367,-823632377
-14323799,194053899,-823532356
-14228121,192383605,-824152781
-12658085,190907254,-825381130
-11090277,189794597,-826619654
-8327092,188398628,-827990019
-5484112,187648405,-829975347
-1209755,187908998,-832114143
2383250,188913465,-833553340
3247205,190633157,-833602150
4211058,193437236,-833048166
5536504,195896218,-832569367
5694127,198330161,-831762607
5519773,200839366,-830566727
4195295,203239535,-829121065
2803863,204721729,-827990035
1773202,205507434,-827257370
1122845,205814784,-826675506
-909872,206868713,-825347999
-3407050,206834593,-823919481
-5739339,206539218,-823019193
-6573238,205805072,-822895748
-7546696,205255673,-822673501
-7813857,204501793,-822655257
-7275665,204033192,-823109404
-8312580,203283279,-822936406
-9382385,202873764,-822462311
#!,zero-counter: 28
-5973420,202451049,-826366857
-5219568,202668749,-825015176
-3861408,202818900,-823224502
-2336011,202797541,-821565544
-1045308,202484072,-819883631
-453966,201761743,-818098467
-658246,200556705,-816697808
-1244367,199170462,-815998793
-1876081,197960068,-816202695
-2700060,197324131,-817201623
-3947532,197230791,-818767132
-5910745,197647898,-820656098
-8449469,198325625,-823055655
-11689526,199061333,-825545588
-15062589,199494416,-827252194
-16213936,198683979,-827604218
-18029336,199103031,-826580658
-20281595,199816875,-825596400
-23405576,201060938,-824532928
-25268068,201816284,-824359836
-26973337,202504374,-823657084
-28648894,203783942,-822487586
-29626272,203981229,-821889249
-30962179,204078493,-821223056
-32175445,204318489,-820617384
-33075751,204269067,-820340163
-34085195,202825428,-820692858
-35260107,202293781,-820352131
-35475760,201416401,-820452676
-36557481,200316086,-820703387
-38147191,198459150,-821129596
-37826637,196457345,-822136757
-36584625,195638883,-822960630
-35277111,195359886,-823452654
-34096203,195276285,-824361002
-31394685,195357031,-825683118
-25590544,196032499,-827733030
-22140319,198090922,-828606014
-21356053,199913112,-828442920
-21267914,202316063,-828015850
-20352872,204097003,-827737794
-20429786,205741880,-827236838
-21119676,207431073,-826586684
-22090825,208249932,-826248155
-23447401,209284046,-825320819
-24996978,209749294,-823800528
-27327886,210380832,-822462416
-29830552,210768085,-821082337
-32248914,210217773,-820100521
-33604628,209301862,-819603369
-35852089,208641396,-818640205
-36880875,208079847,-818175672
-37734524,207026521,-818115981
-38743156,206756329,-817896408
#!,zero-counter: 13
-33245235,204357775,-820654050
-31909757,203834972,-821069843
-29936104,202955182,-821554031
-27314777,201886701,-821626166
-24427227,200775282,-820535276
-20374122,199395255,-818808220
-15243227,197720464,-817199652
-9342352,195378138,-816241775
-2784774,192364622,-816051983
4222679,188944011,-816390404
11480587,185225167,-817185966
18516093,181771955,-818312117
25033467,179228959,-819153825
31158402,176939472,-819911336
36516119,174792418,-821105502
41020751,173429533,-823050607
44921427,172972945,-825833874
48228129,173540894,-829073091
51190742,175009277,-832326239
54762279,176765152,-835651172
59090613,178744023,-839112071
64061213,180758049,-843081056
68922878,182778466,-847688925
73361891,184394023,-853025777
76822795,185857390,-858820616
79479634,187200474,-864676371
81442907,188442207,-870355721
82918063,189678967,-875950730
83899102,191047008,-881371807
83980271,192638694,-886524123
83518410,194201182,-891192018
82886476,195419568,-895355586
82067812,196387738,-898960649
81511478,196914861,-902286157
81607184,196944110,-905406812
82548483,196492830,-908677118
84054801,195846429,-911630730
85850847,194940960,-914387935
87215005,194100215,-917068309
87551025,193518785,-919300589
86811770,193239455,-921349231
85435083,193073975,-923584495
83045626,192853639,-925158883
80110117,192029014,-926794848
76671927,190759614,-927793478
73546427,189607509,-928919829
70901793,188679315,-930794324
68122142,187937442,-932978181
65370411,187274181,-934949973
62779289,186240471,-936815705
60171534,184674253,-937960913
58909680,183088187,-938284115
58002745,181000232,-938868553
57531294,179163396,-939304017
57803252,177762479,-939671509
57645905,176365141,-940291738
57097940,175131716,-940316501
57053271,174558862,-939144468
57695498,175134535,-936471871
56879182,175165490,-930663461
56842894,176864733,-925564615
57228305,176129932,-921888510
56581860,175657603,-919430060
52541755,174328352,-916823692
47086031,172514376,-914617078
44298649,170684729,-914197213
43483539,170464074,-914251867
42191367,170471976,-914611718
41104445,170806901,-916212240
41781845,171469441,-917788165
43366212,172401212,-918507465
45952388,172591120,-919030112
49135162,173542930,-919881235
51477644,174591538,-920466942
52493824,175627471,-920214648
53671982,176684151,-919649808
56093243,178958857,-918973506
58577822,180717501,-918299552
61247738,183029178,-917285606
63635003,185399379,-915999316
65152969,186921092,-914744999
66561942,187670106,-913886163
68647127,188432730,-912475570
70316564,189338527,-910384267
70679630,189864502,-906852379
71148250,189262444,-905440303
72217533,188538563,-905840976
73076220,187788222,-905598051
72383701,187595009,-904233069
72325279,186766641,-903044845
72050861,185905789,-902389054
71483187,185168449,-901584045
70378473,184052722,-900662695
69434650,183305560,-899714491
69335293,183052539,-899143603
#!,zero-counter: 27
67131100,185070632,-895557147
66960267,185705051,-895025011
66905503,186329809,-894326382
66871130,186848263,-893577649
66634513,187032483,-892728140
65542116,186251594,-891365400
64587433,184692644,-889469008
64553487,183307982,-887414823
65076268,182409307,-885574003
65964505,182303720,-884213474
67372073,183048416,-882908947
68846728,183937212,-881500368
70152760,184725550,-880110700
71133392,185200482,-878871081
71721030,185108484,-877788649
71792807,184626657,-876995573
71013008,183780104,-876680282
69369312,182882414,-876835928
66800867,182048783,-877565754
62748891,181484376,-878867329
57489433,181387978,-880323783
51839159,181631869,-881924486
49441884,180997679,-883523477
48381835,180318593,-884420419
49641447,179578817,-884802290
51686672,178872884,-884553105
53385726,178868312,-884058536
54229304,179611227,-882495004
52759626,180598092,-877516674
51755466,179823507,-874062521
50672828,178635162,-873373773
51191155,178135201,-873747914
51080492,177028990,-873761759
48935177,175977267,-873186498
46668824,174782532,-872542287
45750885,174544761,-873728537
47055569,175368106,-875196349
50182739,176485668,-876810481
53123006,178126074,-877928220
54907465,179241807,-878660411
57119182,180614923,-879164386
58578783,182602058,-879656187
58797683,183805347,-879645299
59352874,185322324,-879378733
60775923,186844141,-878858987
62415343,188369469,-876813384
62595773,187935364,-874733463
60772174,187617708,-873056220
59000347,187342763,-871086708
57428345,185890594,-868649243
56972265,185168765,-868558243
57229908,184377300,-868678265
56813261,183755076,-868291627
56287906,183166908,-867665595
#!,zero-counter: 31
56227743,187516963,-864135933
57039275,187837670,-863547077
57840922,188160159,-862299190
58471360,188099449,-859373781
59386562,187932327,-855723882
60633031,188011675,-852386387
61906967,188317048,-849429216
62966620,188733311,-847012162
63660141,189401785,-845311336
64009203,190267979,-844299288
64072112,191123124,-843948076
63640351,191866394,-844102089
62681902,192263058,-844795456
61430345,192328538,-845882056
59943620,192013413,-847172983
57997386,191325694,-848702993
55525656,190283632,-850552419
52562243,189041125,-852644948
48894999,187837348,-854838518
47117006,187134293,-856263300
46263797,186343557,-856346835
45382316,186024565,-855860779
44442248,186227876,-855992170
42619946,187001945,-855080787
39656530,188909113,-851968995
35364344,191786080,-848200124
31435063,194239279,-845547122
28699012,195750431,-843576532
27176787,196944730,-842351107
26232201,197389265,-841900764
24181855,197865545,-840795165
20145836,197854031,-839105968
17336353,196924529,-838367195
16030706,196143993,-838279081
16221828,195143850,-838999229
17105660,194120000,-840402927
19365095,193067802,-841937208
22984984,192838971,-844002755
27480126,192646902,-845841271
30893139,193743687,-847449931
33305588,195082433,-848353462
35597468,196577380,-849342399
35653813,198142991,-849589575
35565050,199178770,-849584238
36599098,200775037,-849369779
37423158,202123052,-848897079
37385246,203009174,-848405682
38080405,203075108,-847271049
34747477,203798492,-844314019
30365674,203516372,-841498141
30163357,203361812,-842248965
30350876,203138398,-843132608
31501150,202284964,-843205966
#!,zero-counter: 12
31335064,204307967,-843741688
31683593,205489016,-842892008
31715217,205538764,-841774480
31735106,205410993,-839854751
32349181,205241369,-837559037
33274101,204946638,-835357292
34049293,204803550,-833205554
34649160,204851327,-830773699
34761407,205043564,-828119799
34394380,205545148,-825646951
34750035,206022106,-824204481
35264842,206566054,-823972398
35077026,206938868,-824729214
34182279,207223638,-825840036
33124815,207392603,-827268865
31622398,207373171,-829126653
29562520,207066571,-831037757
27435198,206406435,-832723358
25274103,205638265,-834204377
22847966,204776697,-835711267
20190242,203923531,-837380955
17877521,203259365,-838897637
17010013,202953624,-839074978
16346073,202543282,-839250020
13372349,203933226,-838621308
11171417,205945092,-836591926
10350905,206498566,-837243150
7559155,209193129,-834090209
3361210,210905669,-829575916
538216,211388129,-827307741
-39532,211694321,-827455188
513137,211757164,-827715110
-1914916,210864905,-827336095
-4277182,209819472,-827646090
-4780091,208629548,-828378703
-3862910,207673660,-829339910
-2647505,206831981,-830559089
-820316,206009699,-832235064
1994428,205601537,-834184645
4430530,205403726,-835588896
5628224,205663659,-836238229
5652991,206857052,-836683545
7029096,208415149,-837176860
8967914,210384848,-837431882
8404212,212172666,-836913351
10211873,214476082,-836609485
12118180,216600928,-836193999
11316111,218217710,-835744203
12141552,218092493,-836238432
12187866,218154517,-835373049
8368104,218878421,-832693768
4532837,218844291,-830710539
3861698,218544291,-830902499
4141604,217822720,-831360568
1998234,217902793,-830026772
594158,217864614,-829130482
#!,zero-counter: 23
3004381,219849884,-830504058
4294800,220087466,-829364452
6059520,220238691,-828090229
7958159,220341064,-827105341
9694203,220394991,-826289810
11221782,220389667,-825477475
12565994,220353723,-824529211
13908523,220108053,-823259747
15075950,219760383,-821769990
15676213,219497010,-820050203
15890515,219324974,-818249843
15761109,219212263,-816775759
15175365,219099482,-815660718
14288199,219022363,-815083024
12972069,219035636,-814956377
10985635,219162772,-815206877
8565179,219219152,-815842096
5851501,218980631,-816815503
2744416,218546793,-818013501
-219635,218006374,-819584341
-3012067,217539066,-821585339
-5708807,217041857,-823914165
-8418468,216600326,-826601529
-11782828,216643418,-829164275
-13696753,216248356,-829829513
-14652110,216360189,-830243249
-15314669,216816840,-830092587
-17093923,217560108,-829418630
-19196191,218952190,-827985381
-21752406,220466454,-826132583
-24041284,221541376,-824647971
-26391660,222987269,-823482099
-28116450,223729699,-822156135
-30200701,225238775,-820637321
-31575749,226336299,-819482873
-32751160,226906872,-818991069
-34032915,227136442,-818445869
-35047157,226832429,-818109491
-36736143,226294371,-817529773
-39303957,225452463,-816877356
-42654930,224335573,-816414354
-42885463,223069144,-816664420
-42065705,222056411,-817437937
-40877348,220794039,-818716423
-39336670,219687035,-820532374
-36759444,218848785,-822507004
-32888722,218705303,-824470161
-28163425,219159634,-826286291
-23597608,221374036,-827867058
-20903565,223530164,-828660957
-20003390,225780544,-828465471
-19552369,227967157,-828066920
-17972237,230144978,-827438934
-18489008,231613236,-826753153
-19234029,232152738,-826273847
-19826293,232919523,-825735878
-20944058,233684587,-824449325
-22611572,234359919,-822980680
-23835298,234473119,-822600554
-25547183,234766514,-821698530
-26589991,234423616,-820573158
-28955598,233681833,-819227104
-31754392,233013380,-817986365
-33305944,232390648,-817267814
-32396320,231818803,-817940689
#!,zero-counter: 18
-27698741,230892108,-823043501
-25915909,230306519,-823726783
-23578678,229381618,-824357232
-21358915,228340611,-824606364
-18966704,226809368,-824316801
-15988302,225110350,-824056708
-12611096,223068071,-824360759
-9267369,220856242,-825394800
-6150314,218923934,-826837281
-3064527,217698979,-827840755
-74033,216809389,-828315634
3200219,216387063,-828263670
6864722,216284574,-827986379
10685391,215900611,-828050845
14559197,215010840,-828603937
18794060,213768033,-829808990
23193670,212488496,-831727789
27097756,211529860,-834159655
30553616,211152326,-836990988
34147789,211394510,-840275374
37511138,212269556,-843882728
40056196,213444388,-847749375
41521031,214641849,-851408755
42450344,215573008,-854729979
43139540,216497365,-857713633
44156549,217093117,-860533189
45421423,217469334,-863360464
46711317,217485961,-866183521
47880759,217002152,-868923916
48854025,216198922,-871393332
49913933,215046562,-873555897
51282354,214032485,-875270152
53055823,213448946,-876259609
54644621,213212646,-876606554
55540200,213192614,-876674623
56330934,213632549,-877176140
56589269,213992366,-877841429
56644917,214429294,-878778474
56217770,214815877,-879891049
55503543,214904789,-881139253
54572873,214693673,-882475374
53481781,214276507,-883858972
52294644,213751139,-885104395
51291789,213197564,-886277227
50520745,212762284,-887539934
49818613,212460459,-888961172
48896171,212130280,-890476193
47742611,211850533,-891911329
46255518,211546870,-893160722
44940205,210619858,-893885235
44091760,209611525,-894350024
43842408,208663801,-894874511
43940845,207649009,-895330050
44345689,206938367,-895144199
45077455,206466788,-894377767
45569054,206649376,-892302635
44869605,207358717,-889222943
43982005,207748323,-886054174
41155606,206641754,-882682360
38836667,205273086,-880539193
38311019,204861217,-879749245
36256099,203895839,-879104726
33956969,203027306,-878710899
32577531,202956946,-878616756
31075592,203162908,-878838130
30096077,203461905,-879670698
30572080,204210955,-881767889
31777242,205482415,-883056905
33452290,206301635,-883830796
35001678,207232465,-884593886
36081179,207845929,-885128441
36916268,207986034,-885460483
37708702,208158496,-885683480
38283821,208398262,-885729082
38823615,208948017,-885663612
40300389,210354630,-885264086
41206521,212108017,-884322085
42371580,213718684,-883377659
43486019,215552322,-882140805
44932842,216849333,-880945351
46282844,218241979,-879713159
47177691,218885525,-878807547
48189535,219144073,-878518429
48926492,219273081,-877340194
48496970,218459206,-875515899
48014858,216665986,-874865347
46969559,214655651,-874173431
43736338,213609564,-872055096
42346118,211210690,-870848245
42113981,210026581,-870754918
40466185,209864837,-870711350
39715655,210191377,-870183761
39316740,210498619,-869644507
#!,zero-counter: 22
39704742,214980991,-866734768
40999919,215305736,-866267143
42038224,215119428,-864717014
43300349,214601989,-862422505
44854263,213759159,-860032125
46120438,212873725,-857561437
46645565,211859460,-854805012
46734251,210657555,-852016417
46802274,209349686,-849723164
46607028,208337210,-848347206
45980925,207801522,-848117940
44698307,207737532,-848724700
43028921,208003718,-850037056
41037355,208286951,-852173531
38517305,208505472,-854837428
35416101,208534396,-857627769
31603549,208306834,-860327462
28036060,207950961,-862409747
26833214,207374094,-862950005
26258387,206389378,-863413942
24913809,206497386,-861439200
23195653,207519286,-859466567
21501010,208542235,-858090268
18687096,211381864,-855906487
14361281,214251438,-851499466
9293385,215835082,-847279822
3731189,218541308,-843978716
-1254964,219830732,-841437252
-6211510,220196333,-838864050
-6882228,220653614,-838874594
-8965697,220338724,-838488871
-11422804,218802874,-837827588
-11760981,217725899,-838344592
-10252443,216772328,-839312759
-8081210,215569138,-840714212
-5360850,214867839,-842563228
-1151279,214478584,-844772559
3533876,214522633,-846993271
8280080,214658761,-849692774
12099599,214934327,-851349744
15898524,215890639,-852634167
19477103,217573314,-853494993
21869102,219508719,-854169605
22875048,221482503,-853951695
23468548,224095285,-853517075
22843442,225863281,-852793528
21453719,227378056,-851976239
20951516,228389137,-850275542
19652198,229590571,-847919022
18136954,229533808,-846551213
16516379,229644045,-846428280
15790385,229100721,-846207810
15524143,227310380,-845928294
12140258,227391808,-843394577
11987452,226799107,-843060617
12171864,226854829,-843793815
