#!,zero-counter: 435
-37732668,5883939,-356171799,-656
-41708917,7550693,-356115181,-588
-46091093,9644812,-355860308,1432
-54210517,13864152,-355268142,-72
-64016980,20720578,-354102116,4888
-70856316,29760683,-352326688,1540
-74080883,40665534,-350474447,-3972
-71382625,51483505,-348184702,-2932
-65645312,60993436,-346274632,-3060
-56208606,67994849,-344683307,-2108
-47283189,74581454,-343670412,-1540
-30884947,77517267,-343744912,716
-21342592,82101577,-342863823,-3496
-15057379,86868732,-342112878,-3924
-11621186,91761386,-341454534,-3380
-7470733,95533579,-341257986,-4188
-3703135,96396622,-341054295,-20256
-3714600,90086413,-341615980,6208
-5874184,80803129,-344212542,-1984
-10741968,71435149,-345072756,-2496
-17251780,61939314,-345393859,2860
-26701444,53757060,-344431324,588
-37861601,49185497,-343250611,-2516
-47680167,47160706,-341781773,-2812
-57128957,47504355,-339146236,-6124
-67046508,49377504,-334760565,-6032
-76196106,51601711,-328396218,-528
-88910260,54624327,-321853105,-2116
-103814337,57575066,-313758047,-1900
-123884340,60379249,-304464078,-1964
-132639413,59842164,-294595949,1768
-134060135,61306574,-285066839,-5916
-142279874,68518966,-275549127,-4292
-148366400,78940476,-267271215,-4048
-153134710,91751601,-261010870,-4420
-155766722,106192957,-256425487,-6032
-157298428,121719240,-253486707,-3664
-153185831,136444088,-253059164,-4492
-141560871,149955542,-256185186,-6368
-125916837,163854628,-263694211,-7712
-104431343,177796544,-276705357,-48
-91081117,193323171,-292179796,-468
-85426918,210609505,-308817550,12028
-89623511,230655469,-324292685,2612
-98992277,252267886,-338196426,-4112
-112735869,273274813,-333646371,-6048
-123199188,278654158,-317271288,-4512
-123900574,277038449,-298306584,3636
-131174791,274493523,-275566769,5512
-147767886,271955835,-249734408,-3208
-172235740,269030371,-224424773,-4436
-189274028,262919061,-197565936,-5088
-205647045,256913797,-170714084,-8368
-222807224,251802080,-147236252,-11620
-240310518,248517016,-127884046,-7784
-257717122,248290991,-111374803,-4044
-274444013,252152760,-96200292,-1984
-287601575,261204389,-81784756,-640
-293907769,273022401,-69542671,-2940
-285736968,284061994,-64221282,-4324
-281766324,291790292,-61362258,-4364
-282725003,295799373,-60406664,-5724
-288678038,296443214,-61043249,-6632
-299602712,294399742,-63503567,-8384
-310966740,290174523,-69522141,-7160
-321367363,284027229,-79257792,-4656
-332727213,276347513,-90773532,52
-341448717,266505972,-103358642,2816
-346340161,253455850,-115851143,4460
-350342108,237913607,-127057513,5992
-352867605,223948644,-140051891,4636
-353593838,213801388,-155812283,2860
-350754647,209490077,-174897138,1028
-343933518,210156412,-196031605,-1724
-332575548,212970601,-217459940,-6792
-314184043,215384848,-239109386,-7568
-295472592,217470095,-259377201,-4288
-276764309,218207173,-278116466,-3064
-258378899,216815503,-295474172,-4248
-240330235,213129843,-310690621,-756
-222617623,207409652,-324038139,-4220
-213681475,200963693,-333598258,-6048
-209749135,190593149,-338704327,-5404
-195147291,172311131,-341699719,-2072
-180538514,152366959,-341583636,-592
-165779972,131963443,-337192327,-2440
-163503273,116321081,-330435763,-5096
-173336974,105174265,-322385626,-5900
-183397014,95663648,-316294870,-4200
-200342383,89938759,-311616690,6544
-222810531,85638741,-308399787,6200
-234931276,77104706,-307523330,1768
-244038658,66618409,-307797832,772
-255843122,56196403,-308743998,2396
-265328552,44373771,-310713776,4228
-268165353,29589029,-313792451,6296
-270442050,15155961,-316192792,5612
-255240463,-4395210,-318564680,-1188
-239247927,-21270845,-319026463,-4588
-222139874,-34514617,-318576423,-4824
-204048357,-44648379,-317767597,-3416
-185195658,-52692018,-317522722,-2092
-171781772,-56557882,-317844587,-96
-169789469,-55200130,-318126353,-516
-175302965,-48539033,-318028939,-2308
-185765219,-37492753,-317785777,-916
-193122863,-24654146,-317833531,1580
-194331223,-12654501,-318004449,-184
-191824497,-3251502,-317726905,-32768
-187128843,1795744,-315775213,-4924
-180542348,1947516,-311214744,-12548
-174100376,-931073,-304089832,3344
-170994412,-3688593,-295733960,-3776
-169651490,-5040418,-287865888,5116
-164577540,-6438513,-281495235,1780
-154115759,-9065561,-276774003,1556
-145555964,-11925251,-273925575,2904
-141735346,-15265810,-272292875,-2948
-148897255,-17617517,-270711614,-2972
-170633952,-18898109,-264848355,-2536
-190821360,-19099132,-278892120,-1120
-220921144,-16814821,-291144820,812
-205756667,-30460506,-304175783,-1636
-189027337,-47653800,-309136600,-11056
-199451251,-54827010,-311159385,-2400
-220832089,-56735791,-314032979,-5748
-242206339,-58444611,-315615117,-5380
-252459006,-62240719,-318629435,-6360
-262554869,-64241517,-324450386,-1784
-276782459,-63326164,-330068297,484
-284578700,-62322719,-336572897,-2340
-282679286,-62216113,-341017408,-1440
-278554432,-60881591,-344913793,-2080
-259880228,-63769614,-346591190,-1224
-250201763,-62858548,-346422658,-1620
-262616499,-53799537,-348093982,-1492
-279224775,-43880267,-350385347,-896
-283662073,-39933546,-349888395,-1520
-284799513,-37594213,-350282285,-1540
-285697867,-35302752,-349754633,-1680
-286474975,-32759473,-348957412,-1808
-284871577,-31226428,-348032061,-1280
-286890431,-28256589,-347517522,-2296
-292043142,-24881946,-346612524,-1396
-300454803,-20362988,-346100008,-1312
-305339750,-17428011,-345711483,-768
-306315272,-15661616,-345554768,-176
-307534204,-13848277,-345159217,-160
-315259749,-10146699,-344658785,-792
-321197409,-7329199,-344327079,-1396
-325657475,-5096679,-344045152,-1908
-328807874,-3317962,-343776160,-2108
-331491675,-1540880,-343475484,-1172
-333303635,32384,-343184147,-416
-334262656,1084175,-342858482,-1292
-333219708,1512969,-342760674,-1604
#!,zero-counter: 508
-351813907,56955514,-534085114,1060
-352743077,57372158,-533948056,-564
#!,zero-counter: 1137
-371578430,64798107,-544880560,-3400
-364792142,59070813,-545573418,-2044
-355010484,51091654,-547505349,-4316
-344049150,40687574,-551137093,-2240
-332760298,27099828,-554865786,-40
-331390903,16555064,-555952906,-14372
-332817954,2802220,-555040005,1600
-336081352,-18306348,-552738418,40
-336773492,-43707951,-552484582,-2932
-332987540,-71555061,-550879683,-6108
-326435688,-100762283,-547866183,1592
-319772703,-129375713,-543081360,-180
-312928037,-157689635,-537290675,-648
-305478280,-186555219,-532739262,-1848
-296936012,-216590363,-531217975,-2024
-287154732,-247725067,-534063665,-1232
-277211916,-279059988,-540155487,-2820
-271333672,-307335645,-547157411,3720
-269887141,-332050644,-555518083,3552
-268390115,-354366190,-564382858,1684
-268061088,-373872616,-574172010,2984
-268644707,-391066137,-584707592,3304
-269212315,-406965066,-595425612,5488
-269024254,-422101180,-605603745,5592
-268502777,-436378463,-612969315,6456
-267922809,-450002654,-617915013,4672
-267201023,-463271209,-620630442,4476
-268355672,-475053387,-620998912,4480
-270976930,-485806548,-620577843,4704
-275302510,-495564684,-619289713,5128
-281323805,-504366086,-616722874,4932
-287463507,-512914624,-613611801,2720
-295854862,-519947265,-609359814,1960
-305335955,-526607084,-603205190,2060
-315606041,-533100505,-595534328,-3248
-326063704,-539424274,-587162249,-1888
-335590189,-545645456,-578864461,9884
-342800955,-551729719,-571189633,4228
-346476240,-557559307,-567083621,-6060
-332252170,-576656090,-560467950,6468
-322697098,-589407790,-564556191,10024
-316518510,-593742670,-573773405,7840
-308154063,-596589379,-575733281,11580
-294673483,-600087486,-571590177,14808
-282338856,-595675655,-572491967,9644
-267296706,-588140353,-576704729,1004
-248611764,-580948440,-582151582,632
-231234131,-573414716,-589220175,-2012
-213055457,-569421845,-593857211,1172
-191746957,-574777394,-588989427,7528
-178705093,-584250578,-576954949,15824
-172307656,-595261099,-559178793,15740
-169973288,-602033202,-545574379,12152
-171356910,-603861536,-540989483,9272
-170365902,-606359015,-545666561,8436
-164553016,-608540256,-553232961,9320
-155494389,-608080858,-561285415,11376
-142586419,-606878783,-567902507,11524
-129009262,-605650027,-573588210,11756
-119377527,-603910936,-579642865,14540
-115557935,-601880229,-586206418,17132
-118027727,-599144385,-593768248,14640
-124673776,-596063672,-601736360,6980
-134432241,-591594136,-610444719,8708
-146908716,-584363574,-620329887,1740
-161245362,-574507107,-630830289,6916
-175419264,-563456429,-640543160,11180
-187894026,-551768534,-648634440,11020
-197178732,-540997560,-653929327,10288
-205122169,-530236874,-657903367,9588
-210256270,-522323967,-659394758,9980
-216067881,-514536239,-661537857,13172
-219213372,-510244989,-661734929,16360
-221050204,-507926780,-661170598,16344
-221740921,-506957288,-659785801,9368
-220090201,-507921729,-656959732,7508
-216329425,-509230085,-654443617,7808
-209784785,-510467601,-653419250,9216
-200506456,-510904233,-655103082,10576
-190690343,-510410520,-659673556,11328
-183402358,-508066626,-666566120,12876
-177161777,-504914590,-673367485,12008
-168288576,-503550728,-677006722,11956
-158358506,-502577987,-678517662,11512
-148993165,-500788654,-679733267,10968
-140570201,-499054862,-681409592,9692
-133665234,-497688783,-684184937,9384
-127640855,-496753184,-687703848,8724
-121294059,-496622229,-691019808,9636
-114075465,-497763493,-693654145,10440
-107355445,-499288916,-696335621,12948
-101558931,-501330153,-698834367,14224
-96589577,-504042628,-700678172,12928
-92639181,-507150451,-701786791,10736
-88565787,-511036444,-701627489,9268
-83753617,-515495416,-700246379,8948
-79167442,-518929720,-698960130,9228
-73623965,-522664007,-697280386,11028
-67289079,-526817867,-695678881,10856
-61741914,-530257010,-695397178,11580
-56767135,-532926131,-696372505,10324
-51114031,-535900999,-697385883,9856
-46069735,-537756338,-698943983,10788
-40942188,-539349194,-699509469,12328
-37553162,-539682604,-699467135,15268
-35431962,-540409077,-697963338,16844
-33102122,-541835310,-695311234,14968
-30388302,-542849783,-693246604,14248
-29160815,-543380926,-692885928,13816
-30404430,-543799446,-694065649,13572
-33463377,-544422398,-696263986,14120
-37214077,-544243317,-699388352,14296
-40324526,-544693314,-702291440,12364
-44110147,-543675663,-706078220,11804
-47624376,-541567878,-708631438,11336
-55558284,-537067887,-714773399,11508
-64293780,-530601230,-720324876,11980
-75417375,-522774064,-726782513,12452
-89768833,-514042977,-735362326,12036
-102195123,-506543124,-740277790,12148
-113857848,-500702148,-742880472,12560
-124805194,-496245403,-743636239,13364
-133657627,-494025723,-743371889,13920
-138773264,-493470052,-743293360,13364
-138441535,-494219234,-742985575,13332
-135497381,-494881910,-742341272,13740
-132365806,-495936146,-740801106,13376
-130298316,-496064071,-739524798,13308
-128122621,-495373873,-738930545,13884
-125913087,-494366248,-739137827,14600
-124438923,-493017704,-739920441,17244
-122487680,-492839735,-740068043,16528
-120012361,-493427197,-740003972,14784
-116922787,-494179296,-740169510,12784
-113499386,-494526816,-740752441,12208
-108964763,-495014384,-741202245,13244
-104591947,-493461128,-742772599,15396
-99068880,-492022611,-743920722,15468
-93632175,-489063385,-745789489,14828
-87775088,-486353776,-747369981,13224
-82494806,-483740338,-748918474,11844
-77455598,-482086874,-749956383,11008
-72920826,-480613361,-751075962,9256
-68305051,-479220621,-752116940,8768
-62749661,-477653506,-753126195,9440
-56328592,-475334408,-754314355,13016
-49042493,-472789183,-755230753,18592
-42317093,-470408802,-756048377,22968
-37820797,-468476408,-756725819,21452
-35227758,-468349853,-756576444,17284
-33443426,-469419618,-756051038,17636
-30891180,-470866609,-755474265,18864
-27405074,-471990466,-755161842,19896
-23632243,-472331395,-755260564,20212
-20329714,-471427075,-755695048,18252
-17777114,-469720375,-755833695,14060
-15845096,-467929770,-755103279,10668
-14531221,-466715947,-753400006,9284
-13564640,-466072423,-751207776,8964
-13121261,-465790059,-74905,15208
201160204,-416743118,-586318817,15264
206738099,-422625669,-593490051,15392
211689625,-425897861,-592552925,15324
#!,zero-counter: 150
246856568,-416445167,-561296749,15260
245716546,-414526854,-558687450,16080
244763463,-413634605,-558778718,15416
244092561,-412778250,-558517853,15044
242379735,-411506333,-556344407,14204
240096550,-410097437,-552675085,13696
239904347,-410067543,-551586831,15156
241141611,-410215834,-550818145,15088
238085118,-411447918,-547365313,8172
229913556,-414164045,-539248386,3168
226049995,-416466775,-533129266,15232
227061208,-416411317,-534038388,15172
227347044,-415124625,-534283083,14692
226496860,-414407118,-534527138,14872
225787844,-413709495,-534616601,15148
225356333,-413219107,-534622054,14976
226269409,-413373641,-534856634,14840
227058433,-413782670,-535012693,14864
#!,zero-counter: 62
223143241,-414672963,-543528464,15980
221737900,-417493802,-542985015,17044
219689629,-421420925,-542231482,18048
217388156,-424833359,-541540914,19988
214763331,-427202620,-539635121,18452
211328957,-428778129,-536660042,16504
207435343,-429836957,-533448015,13952
203057172,-430162945,-530565460,12568
198520540,-429532057,-527474965,10732
194304692,-428486111,-524414562,8860
190924191,-427360852,-522749340,8192
189088299,-426186564,-522679631,8012
188909059,-425132658,-524073607,10108
190139089,-424167254,-526538145,12876
192487819,-423488963,-529813151,18268
195081029,-423119972,-533654527,21280
197085139,-423006867,-537128724,21300
198649132,-423075435,-538902450,18760
200199683,-423122100,-539018971,15560
201832267,-423148728,-538528552,13100
203728822,-423209848,-538341047,13568
206217796,-422799548,-538996099,14196
209292812,-421709464,-540810826,14632
212288576,-420447430,-543394020,14400
214736918,-419385093,-546148465,14612
216506361,-418503081,-548976147,15840
217665615,-417802379,-551749162,16200
218087603,-417373108,-554553006,15792
218245228,-417176601,-556717150,15312
218241862,-417258416,-558131172,14932
218485553,-417394405,-558998393,14696
219475247,-417139073,-559879075,14140
220868141,-416547939,-560962675,15148
222366765,-415790056,-562235074,15412
223876996,-415024385,-563753516,14888
224951911,-414504552,-565708908,13996
225631653,-414395971,-567681788,13264
225696670,-415151346,-569464991,20148
225382153,-416681474,-570862737,15852
225143995,-418607516,-572059581,15496
225389269,-420074590,-573897791,15528
226691704,-420807170,-575425274,15472
227182499,-421939129,-576384741,15876
227751066,-422761597,-577181263,14948
228338512,-423368413,-577699240,15124
228984619,-424112353,-577758038,9340
230099017,-424603510,-577442001,25380
231720921,-424881511,-576674392,14724
233661660,-425003270,-575514474,15384
235043533,-425084445,-574060443,15120
234618745,-425340189,-571777151,15396
230320431,-426510937,-567977380,15212
214884727,-424790905,-562251879,13168
217053601,-422616332,-563476089,8144
228629698,-415096847,-569296973,10768
233770842,-410294513,-574025692,16700
235994529,-406984557,-575644483,15164
237634116,-403918914,-576613627,16072
239857864,-401103243,-577526854,14604
239628931,-400740693,-577820995,15692
242243316,-400745328,-577036782,15284
243410600,-401344046,-576181305,15452
243478288,-402207186,-574818189,15492
237087986,-403852884,-570249614,6072
230091870,-404439763,-565914835,15424
228371330,-404008851,-564565455,16248
227464542,-403740679,-563957503,14564
225577250,-403481397,-562362849,18332
224330485,-402988998,-561761960,17084
223576255,-402877434,-560737520,13316
220484034,-403298644,-557047051,13212
219895368,-401978024,-556674364,14948
221864943,-400802137,-555866385,15004
222569411,-401034607,-556074164,14928
221696786,-401392134,-557271251,15160
220959389,-401254993,-557432364,15124
220340785,-401073450,-557318765,15112
219767301,-400826339,-557215539,14952
#!,zero-counter: 11
219801070,-400899590,-557230682,15212
#!,zero-counter: 75
216494848,-401160579,-559201464,15148
215662248,-400737719,-559044101,15240
214962824,-400232124,-558574615,15460
214532169,-399634422,-557776646,16164
214103093,-398811935,-555901779,17304
213270721,-398525970,-552966062,17196
212549843,-398470812,-549517270,16464
212096451,-398219790,-545833756,15400
211495344,-397989358,-542108756,14168
210638066,-398009212,-538787289,12992
209805250,-398104001,-536290475,12332
208949543,-398231787,-534801213,11904
208000564,-398712794,-534297505,12036
206925394,-399531706,-534696352,12448
205939280,-400608143,-535715415,13072
205210305,-401983296,-537231667,13412
204558697,-403710830,-539249033,13576
203897921,-405635907,-541651768,14048
203297064,-407593324,-544272617,30304
202860494,-409362917,-547245676,15524
202877714,-410675519,-550148221,15528
204588475,-413426445,-551540848,15052
203545422,-413405867,-551499590,13948
205494669,-410276508,-550804587,7872
207669360,-404941767,-552049350,25044
207120993,-404305765,-553331177,15608
207240433,-403572421,-553414029,14000
208684724,-401556151,-553296889,14084
208972815,-400114938,-553158861,16084
209439431,-399840317,-552673796,14800
210301907,-399445965,-551918637,14484
210255675,-399434299,-550922290,13996
208577607,-400542241,-548692513,13796
204564843,-403400184,-545765777,14324
200930312,-405953726,-544111449,16164
198727747,-407665969,-543044245,14292
197203291,-408257256,-542631963,13608
196494693,-408409585,-542257768,14476
195947143,-407990354,-542183081,14788
195281005,-407700264,-541879340,14560
194477348,-407422903,-541606541,14536
195279002,-405498394,-541359178,11924
197024035,-402913957,-542189295,12672
198649119,-399136342,-543100835,15120
200813134,-395788991,-544137535,8992
204242246,-390332518,-545626115,13396
206414811,-385721055,-546893177,17400
207688780,-382116806,-547753868,17448
209410479,-378720012,-548121058,14452
210938026,-376468039,-548160355,10584
212783120,-373179726,-548650933,12308
212472514,-372399728,-548615455,14472
212893775,-371974416,-548370545,14140
213755809,-372002326,-548644132,14360
214413713,-372609356,-549083283,14616
214776409,-373310599,-549691799,14576
214674552,-373984754,-550171661,14564
#!,zero-counter: 139
205508209,-376008277,-563567728,15128
202877442,-376469264,-562591228,16256
200864426,-376782823,-560044508,20152
200365011,-375523175,-555585976,19808
199988101,-374078276,-549685133,17072
199262317,-373121477,-543477226,14668
198419354,-372423290,-537704578,12724
197245558,-372330128,-532612861,11880
195481000,-372932749,-528254547,11804
193361094,-374207213,-524432387,11376
190991806,-376037665,-521346621,11176
188749798,-378306062,-518974238,9284
186798315,-380853082,-517747355,9960
185304884,-383411239,-517930405,10640
184219371,-385853390,-519332107,11652
183070742,-388290936,-521821915,12488
181771193,-390744921,-524978001,13676
180582091,-393324493,-528309832,14496
179195673,-396210070,-531594025,14692
177492103,-399806537,-534540580,14340
175752451,-403748575,-537176229,14132
174384931,-407320809,-539740631,15480
173553896,-410329673,-542393970,18168
173081129,-412714648,-545260372,14596
174887764,-414113024,-546750766,13944
176114340,-415046833,-547031492,14280
175779268,-417662451,-547430723,14400
176202041,-416178733,-546919431,9864
177217742,-411483282,-546362699,16848
177865127,-409241319,-547122461,5432
178943663,-406999445,-546801938,1628
181750756,-403270792,-546521085,11764
183217251,-399725226,-547691300,18836
183504672,-398516396,-547004050,15028
184401200,-397355871,-545924349,14068
184962055,-396491502,-545348812,13956
181902259,-400110362,-544577337,16300
178627543,-403423645,-543257084,16616
174032498,-408351092,-542188544,15924
169853534,-412661250,-540956590,10664
168182609,-414632599,-539942211,14080
167825241,-415476016,-539799909,13400
167257212,-415586550,-541048947,13636
170991127,-412211152,-542875909,10888
176938868,-407390879,-545913317,20120
181535107,-403683472,-548592541,8168
185757706,-400472808,-550330375,12316
191129850,-395982482,-553004599,9608
194504572,-391737321,-556395836,12872
195016766,-390339482,-557467956,15816
196159397,-388919799,-558308699,14160
197534884,-387010411,-559259159,14416
196708590,-385314232,-559558477,14404
#!,zero-counter: 99
194560425,-386460535,-562374346,14628
193635919,-385996947,-562152106,14924
192545084,-385565863,-561427827,15680
191437931,-385300590,-559651507,16732
190446080,-385179828,-557049599,16380
189559107,-385558053,-553785946,15268
188297952,-386471405,-550085500,13460
186469704,-387690977,-546307117,13356
184289921,-388876190,-542476257,13408
181719365,-389973888,-538707760,13828
178543438,-391158311,-534965542,13760
175414231,-392636415,-531378630,12568
172972756,-393953035,-528468867,12532
171398139,-394771442,-526848535,12596
170255069,-395458688,-526122990,12716
168844444,-396496664,-525649110,13172
166973573,-397951773,-525220648,12748
164869506,-399641342,-525093613,12748
162710367,-401482432,-525224029,13456
160558431,-403415311,-525630921,13720
158536480,-405293074,-526271209,13852
156914805,-407067745,-527097461,13724
155767647,-408527400,-528283571,13516
154683061,-410019704,-529679846,13820
153202917,-411941169,-531194575,15492
151324395,-414283173,-532749725,15440
149439676,-416623977,-534170159,14452
148791299,-417917344,-534196764,14360
148201075,-419238762,-534419577,13904
148599085,-420350367,-535355413,11648
147354447,-421197258,-535585912,14940
146468756,-420163941,-535136823,10180
146785071,-418308063,-535542788,13032
147955112,-416190417,-536462122,12804
149723205,-413324084,-537288945,12096
149718624,-412149568,-538697890,17440
151464157,-410991880,-538501868,15424
156181034,-405192061,-540101526,15012
157006987,-402564214,-540927291,13952
156024798,-402578227,-541429373,13792
156093011,-401933886,-541167344,13920
156806168,-401010531,-540822002,14932
157706146,-400245256,-540871619,14788
158828492,-399960455,-541116623,10364
158479387,-401250512,-540748598,13448
157099601,-404040759,-540026308,13576
154646422,-407105102,-538669268,14688
152263078,-410183933,-536008561,13980
151899994,-411774638,-535290408,13700
150636827,-412950326,-534785031,12096
149772366,-413096572,-535008459,9928
148820815,-413218583,-535051325,22068
147743670,-413594684,-534563230,16092
146554008,-413409824,-534080879,14544
145796473,-412284580,-533136405,13876
145932067,-409116355,-532498156,13712
145244682,-406778981,-533859011,14052
145195143,-405822709,-534273569,14644
146013405,-405012562,-533686915,13224
146618106,-404199200,-533328105,15332
147198926,-403730344,-532962259,12956
147594731,-403934903,-532654048,14644
144789620,-406181362,-531729303,13852
143019263,-408070112,-530219949,13312
140670687,-420411335,-525458344,13724
138324916,-420583358,-526455377,13960
137572133,-420599989,-526590381,13940
#!,zero-counter: 58
140046875,-424998710,-531422197,13756
140752536,-425049410,-532034514,13792
141222789,-425103740,-532979919,13804
141306977,-425257773,-534410326,13620
141089676,-425693959,-536220377,13796
141299439,-426713883,-537692409,14048
142038085,-428010188,-538654794,14224
143190926,-429245481,-539204406,14272
144580182,-430420232,-539455605,14344
146078187,-431546239,-539590340,14232
147487472,-432549692,-539855490,14232
148968417,-433605694,-540149598,14144
150469852,-434681262,-540631444,14116
151787623,-435642312,-541326309,14092
152764828,-436593393,-542210415,14088
153450925,-437553167,-543348199,14248
153944694,-438510406,-544718532,14284
154286707,-439414055,-546263530,14428
154709032,-440290324,-547983393,14532
155677628,-441349988,-549486929,14620
156886050,-442490302,-550638854,14716
158228967,-443628658,-551565738,14716
159727638,-444967589,-552055366,14616
160889208,-446170213,-552335272,14408
162161967,-449675783,-551521447,16980
159908136,-452930066,-552395889,19704
156307385,-457091899,-552227666,21736
152695833,-460595616,-549983198,22324
150115791,-462336632,-545961271,21156
149333812,-462189625,-540390336,18808
149717198,-460718253,-533607161,14372
150211167,-458738173,-526310688,9740
150069594,-457248337,-519956600,6608
147139170,-456683072,-515543619,5628
146233239,-456899924,-514470830,6820
145987558,-457004795,-515525836,7388
146909059,-456290712,-517706070,8752
149535876,-454159015,-519970175,9304
154151701,-450273802,-521902899,8552
160634350,-445126798,-523769906,9252
167651076,-439754474,-526051566,9492
174051673,-435186185,-529178725,10548
179548375,-432025241,-533841315,12696
184301925,-430473823,-540521860,19188
188198586,-430640124,-549001264,28040
190936758,-431901388,-557905084,27432
193048059,-433071861,-565102633,16400
195156160,-433543038,-569170015,12992
197412237,-433244140,-570861913,11996
200054151,-432585225,-572048333,12872
202815245,-431777824,-573843438,15416
205318631,-431244922,-576172038,17924
207445311,-430951308,-578217919,18176
209054053,-430974489,-579408064,14856
209848268,-431572070,-579658731,13448
209910360,-432924067,-579157249,12696
209590623,-434610606,-578311733,12616
209295751,-436210707,-577542444,12924
209158502,-437383602,-577183032,13084
209182965,-438061729,-577276780,13900
209160387,-438510407,-577909079,15324
208948249,-439046758,-579209946,17484
208623886,-439728718,-581219656,16516
208235137,-440715615,-583676180,15916
207743100,-442173126,-586336679,15076
207939147,-443705961,-588484931,14824
209894102,-445201287,-589336268,15468
210440763,-447123833,-589085772,15472
211228906,-449377132,-588103920,15024
212136892,-450332406,-587478120,14368
212712658,-450878118,-587035101,16684
212635353,-451194448,-587073805,14232
212217647,-451512950,-587249556,20520
211702036,-451457793,-587549625,15028
212947642,-450165517,-587309779,17228
214359287,-447767167,-587046273,19652
215191678,-445717623,-586353628,19436
216441107,-442988579,-585070717,15644
217286658,-441006989,-584375127,15416
218913806,-437988331,-582925685,15460
221918550,-432848704,-580915500,14968
223609536,-428210528,-579195082,15316
222844550,-424877296,-579415144,15364
221287793,-424233258,-580295330,13960
220669709,-423693625,-579917429,15388
220819892,-423078990,-579086050,12236
221697487,-422918035,-577594023,14868
222964331,-423131003,-576197246,16100
224202770,-424430930,-574976067,9836
225028408,-426892367,-573663166,11124
223323065,-430408208,-572206624,12320
219706747,-435588924,-570025750,15056
215082876,-442705446,-566084915,14872
215869039,-443524189,-564999456,14732
216246381,-444001344,-563940183,14896
#!,zero-counter: 168
202645693,-443176825,-546392221,15268
201376316,-442905570,-546016492,16288
199805579,-442197703,-544085536,17376
198551548,-441318769,-540567790,18268
197828195,-440398913,-536870568,16440
197527366,-439247997,-533006936,14700
197189018,-437987758,-529064962,13320
196561499,-436893297,-525716261,12168
195522662,-436118211,-523282288,11692
194026786,-435705144,-521480321,11524
192179875,-435652625,-520572401,11868
190381343,-435909501,-520583008,12608
188855565,-436462743,-521430996,13360
187760868,-437094266,-522829520,13028
187035760,-438026125,-524749395,13072
186446762,-439170139,-527404252,13164
186029545,-440224871,-530506209,12940
185696068,-441205323,-534126498,17804
185336492,-442148016,-538130221,15896
187767107,-441940015,-540996612,18408
189999889,-437995080,-541759507,15304
191289923,-434776676,-542966878,15100
193200246,-430152523,-543943488,10592
196567549,-425145842,-546182911,17748
196622970,-423167813,-546998123,20348
196100530,-422361302,-547509811,15852
195641601,-422226224,-547079924,15384
196186109,-421795319,-546445121,14536
197433133,-421521585,-545859456,14092
198205307,-422246926,-545565436,14848
196328671,-424326647,-545049775,14088
193182847,-427375322,-542916520,9580
191740627,-430969799,-539585487,16844
189351005,-432871617,-537400112,8404
184391607,-439309008,-532330153,19356
182706332,-442815914,-529680210,13380
182410869,-440815501,-530318272,14780
181379572,-440277323,-530431297,14180
181854659,-438609206,-530867176,13520
182743264,-435586499,-532041475,17908
186111927,-432078041,-533466188,20188
189049472,-427477694,-535057279,8036
191104393,-424182928,-536117583,13140
192635432,-421440306,-536700876,16332
193320085,-419653236,-537290089,15264
194133395,-419019940,-536512735,14164
195194244,-418764288,-535974703,14496
196098021,-418546807,-535706403,14268
#!,zero-counter: 110
186355361,-417033771,-544207522,17692
185488222,-416584278,-541251009,18404
184862179,-416189963,-537292936,16980
184139878,-416144150,-532644874,14520
182716283,-416793058,-527864211,12044
180483708,-418427403,-523775943,10796
177548614,-420731098,-520869726,9944
173676150,-423189051,-519134799,10364
169043403,-426277554,-518211595,11608
163493485,-430051204,-517641841,12340
157677864,-434166036,-517301715,12132
152853507,-438247133,-517644184,13456
149522211,-441826900,-518727276,13912
147769670,-445130465,-520337186,14748
146961056,-447948345,-522206580,31568
146989702,-449700198,-523813497,15128
148187866,-450142601,-524661692,15032
147364974,-450703304,-525202972,14124
146388834,-450822701,-525575905,14368
145167612,-451019256,-526192940,14212
143651928,-451297526,-526866306,14188
142322122,-451090404,-527463832,13564
143388554,-448951304,-528094758,12628
145516888,-445068226,-529057487,16952
147710243,-441247822,-529974273,13364
149358636,-438293111,-530699927,19176
152204852,-434376864,-531446486,14504
155680807,-431264593,-531932838,10388
158457670,-428401145,-532393016,13288
159438872,-427423272,-532412018,13476
159919894,-426650027,-532189675,15328
160521204,-426568997,-532045769,14164
160612780,-425421571,-531428070,14372
158611806,-426516951,-530746111,12416
155113569,-429412258,-528591418,10720
152616301,-431678211,-527944542,14984
151550210,-432575654,-528129727,14532
151414029,-433348480,-528258115,14748
151754314,-435625385,-529234720,18376
153955865,-437425747,-532485262,18764
156151083,-438581753,-534395218,16300
157715405,-438358273,-535444864,16760
159325528,-438077030,-536099262,13640
160480862,-437392404,-536898623,14268
159124346,-437718386,-536798928,13924
156285138,-437956048,-535747277,11380
151327887,-438563720,-532891962,9756
142523169,-440232520,-529709576,12316
137018841,-440462992,-528167611,10396
133366587,-440098709,-527587045,24284
131659813,-439805066,-526952784,15536
129808826,-439172418,-525823205,17424
130302024,-438491296,-525500463,14652
130990883,-437848640,-525156434,14348
131465996,-437317263,-524918556,13916
129888814,-437959964,-525474725,13952
129366216,-438342640,-525715505,14044
#!,zero-counter: 52
138869444,-439823012,-526512618,14264
140432203,-439768602,-526343836,14248
142766812,-439720463,-526113690,13700
145366203,-439817543,-526003562,14496
147577472,-440659166,-526245023,15052
149738335,-442095798,-526424653,15528
152571326,-443250464,-526450328,15728
155915003,-443793280,-526685779,15720
159343727,-443897266,-526985627,13872
162077737,-444105779,-528001272,14408
164037970,-444690271,-529455659,15024
165912324,-445458887,-530792844,14780
168109235,-445854779,-532154308,13860
170794306,-445424572,-534059598,12180
174058109,-443860229,-536600247,10864
177544061,-441179523,-540066813,10324
180740952,-437523071,-544260107,9984
183655661,-433353815,-548703550,10768
186458841,-429135189,-552874072,14340
189231287,-425561544,-556509916,15456
191645875,-422870010,-559965467,16248
193525718,-421189155,-563358039,16124
194875840,-420160532,-566693206,15920
196055136,-419266337,-569778474,15276
197317204,-418052128,-572372461,14852
198507938,-416427259,-574677085,14408
199962256,-414298453,-577133778,14536
201446445,-411834419,-579941211,14424
202481973,-409497668,-582849214,14584
203388359,-407398963,-585469589,14852
204207158,-405908229,-587753070,15092
204635916,-405281448,-589589341,14976
204796471,-405386086,-591129159,15336
205097256,-405748078,-592646255,15728
205644443,-405881883,-594411414,16372
206546896,-405567070,-596348230,16616
207372985,-404822935,-598582780,16288
208541588,-402875224,-602801913,15356
208781545,-402261316,-604130791,14224
209906837,-403464302,-601617266,13340
209413512,-403707264,-603139740,13804
208689994,-404413799,-605095228,13868
207519745,-405821470,-607405586,14008
206032479,-407929665,-609833048,14488
204880061,-410371098,-612444262,15636
206667779,-411936064,-613837927,15824
207913001,-413381298,-614140371,16088
208994677,-413967144,-614237521,15516
210128697,-412490793,-615835875,16340
210955165,-411397447,-616721226,15364
211326743,-410666746,-617273473,15792
211411919,-410192309,-617844087,14808
211313513,-409638687,-618048170,15436
210578483,-409209102,-617414812,15428
209998392,-408622844,-617169330,15040
209531766,-407790836,-616436612,15072
208751948,-406140878,-615989905,14824
207918419,-404976431,-615580487,15972
206630622,-403218615,-613492923,17564
204880775,-401479600,-612290433,15704
203443147,-400247462,-612079488,16148
201915461,-399129171,-611618702,15324
200248215,-397881866,-611369526,15328
199171517,-396085248,-611103763,13588
200066028,-393179837,-611205876,15480
202468348,-389328277,-612579008,17028
203381984,-387447961,-613392674,15624
205494585,-386880127,-611703989,16528
206362887,-387026404,-611969451,15488
206727363,-387555454,-612349720,15592
206154124,-388873844,-612972310,15076
205563375,-390063339,-613345749,14848
205684990,-391407903,-612604091,15372
#!,zero-counter: 113
214768346,-389495848,-600933153,15668
214317198,-388991164,-600494607,15520
213828166,-388435437,-600067934,15412
213367041,-387822852,-599610407,15396
213260442,-386976855,-599039107,15568
213535361,-385702931,-597771269,15544
212835839,-384865908,-595740007,16692
211328492,-385169716,-592808483,17920
210067257,-385600331,-589482784,18064
209082165,-385618500,-585497058,16720
207888775,-385431684,-580654049,15796
206479052,-385169832,-575635388,14020
205339520,-384546804,-570863348,13316
204441380,-383627661,-566782540,12416
203298490,-383114064,-563606758,12160
201716942,-383306024,-561327311,12360
200067413,-384039071,-559855120,12540
198503341,-385214468,-559306693,12844
197185738,-386738512,-559524812,12224
196306166,-388374624,-560767828,12764
195503811,-390013277,-563312354,13568
194726671,-391511031,-566725902,14916
194078376,-392879693,-570727098,32767
193459799,-394246851,-575051519,15692
193859256,-395650736,-578655548,13092
194364309,-397417278,-579973042,14192
195289191,-398436520,-579818757,14832
196224333,-398103822,-579092533,19792
196765999,-396511215,-578817164,13180
198410076,-393287339,-578725057,10264
201157577,-388194318,-579900650,15028
206931630,-379851618,-582978522,15012
207926151,-380636608,-582668771,15744
206824330,-383453471,-582213096,16848
206162206,-387982974,-580948870,14868
205669782,-392304994,-578900230,15340
205738121,-394777352,-577144600,14884
202382108,-397792052,-574658424,14588
197787898,-402435082,-571110086,14760
194934075,-404908686,-568203978,17496
194949800,-403347065,-569176813,14296
194167620,-403117557,-569121258,15016
193321049,-402453701,-569671050,14720
192615425,-401721904,-569639884,15016
191927626,-400944201,-569729229,15144
191598165,-399933540,-569659769,14492
191859595,-397975137,-569491585,15504
191927295,-395442281,-570041074,13056
192142587,-393786702,-570807728,17992
191415206,-394109771,-571361153,15516
192263241,-392908404,-571205421,15028
#!,zero-counter: 88
188093119,-395074046,-578014180,15192
187536432,-394530593,-577618402,15160
187020734,-394100393,-577247434,14996
186597222,-393790999,-576810758,14960
186032009,-393690179,-576032729,15308
185029082,-393533180,-574649718,14592
184042345,-393076259,-573437003,14876
183188190,-391924437,-572625802,16228
182232385,-390504529,-571433980,15812
180861880,-389078718,-569162430,16796
179137009,-387816587,-565692765,16132
177114245,-386923487,-561408580,13692
174804123,-386674151,-556915359,12264
172235283,-387117982,-552824966,12192
170094252,-387752008,-549678941,12060
168923296,-388210973,-548017303,11768
168279375,-388438899,-547965175,11952
167926834,-388831815,-549086061,12432
167650086,-389384839,-550963259,13352
167358960,-390271516,-553272093,14604
166875830,-391658992,-556094052,22212
166435610,-393313034,-559092186,14972
168336930,-395306191,-560371991,14476
170284925,-396516683,-560876127,14756
172041315,-397666186,-560373343,14872
172238377,-399224557,-559603865,14504
172063071,-400424720,-559034992,14728
171536060,-401230120,-559161530,16456
170602751,-401583500,-559447913,16840
169333068,-401626405,-559893503,16304
168229521,-401735780,-560905015,14036
168650173,-401224236,-563794892,17720
168935293,-399506943,-565711676,12288
169816481,-397522719,-566954431,15428
172938171,-393777054,-569342412,15832
175624455,-390772886,-570863853,15680
178260087,-388134275,-571693129,15136
179271197,-386485692,-572311201,14780
180302426,-384976205,-572404121,13700
180891590,-383968552,-572723729,15016
181259078,-383432931,-572696213,17780
181619420,-382703384,-572669010,17560
181844984,-382068931,-572521408,14736
181365113,-381590398,-571801958,14760
179074524,-382072763,-570381437,14232
166106062,-394023892,-563577456,14904
162057984,-396118873,-563668582,14460
161094975,-395741264,-563703697,14476
162464870,-392736747,-563865086,13624
163714621,-388387884,-564062006,14896
163535861,-385265243,-564106444,15412
165589724,-381962029,-564616538,12988
168455901,-378289456,-565912900,16012
170558476,-374479790,-566815203,11140
171386822,-371792739,-567697597,16316
172749342,-368958400,-568659385,14716
174540134,-365706359,-568676911,13628
176265710,-362651056,-568596790,15132
176332947,-360950945,-568530828,13772
175579609,-360604789,-567798261,13176
173553992,-360367602,-565894643,13824
170804849,-361509272,-563800583,16808
168672971,-363783402,-562260725,14604
166662241,-366170353,-561492621,14780
165594151,-367954790,-561460084,15628
165241118,-369125692,-562180524,13656
165258780,-370591502,-563930217,12804
165566157,-372163324,-566046944,13208
167094518,-373633907,-568413501,13576
168620273,-374440524,-569862254,13476
172533053,-374265387,-572809922,14612
173105987,-373747107,-573025269,14372
174128433,-372529446,-573609906,14520
174453903,-371744588,-573944546,14916
#!,zero-counter: 97
170233106,-374251871,-584665805,14984
169279308,-373576119,-584240722,15444
168244222,-372952788,-583003479,18228
167548718,-372568161,-580065989,18488
167017193,-372507573,-575875953,16016
166264644,-372792050,-571183662,13332
165029632,-373395668,-566627309,12344
163489888,-374353479,-562715945,11756
161846632,-375668560,-559590964,11744
160078849,-377117094,-557325206,11748
158080257,-378671400,-555958139,10680
156271435,-380342086,-555613847,12808
154772296,-382048025,-556425115,13604
153533099,-383957272,-557787880,13892
152199795,-386175083,-559165747,14236
150518598,-388786026,-560650845,14244
148758339,-391774465,-562109863,14284
147181718,-394721431,-563498042,14640
145825406,-397295429,-564850810,14516
145425381,-399175487,-565669485,14572
145979942,-400057096,-566135445,14052
145378905,-402017486,-566376388,13784
144456467,-400158391,-566293741,14348
145082144,-396824525,-566682929,14804
146488447,-393208469,-568571975,14716
147595682,-389537934,-570081761,9624
148454573,-386739236,-571424048,17720
150860217,-383420113,-572533243,9240
153813426,-379128922,-574033978,17352
156440078,-375430898,-575931614,15408
157422332,-372426837,-577539960,19008
157053741,-371777417,-577916427,15760
157464700,-371313161,-577425218,14372
158609812,-370474068,-577070208,14720
159679077,-370454418,-577077892,15152
159605178,-372225217,-577105413,15612
158706193,-375558757,-576194000,11172
156087705,-381247551,-574338530,12828
154542501,-387482584,-570945415,12592
151101819,-394396056,-568707559,11732
149027291,-399762033,-565414058,13880
145399948,-404526303,-562228524,15044
140448533,-408186228,-559520424,14408
137383706,-408945078,-558651911,13748
135892041,-408295182,-559903226,11284
133839081,-408154758,-560383934,16248
131900332,-405465989,-559800063,13540
130604681,-401336944,-559216133,16928
129506475,-399015808,-560832809,15972
130090137,-396198014,-562065566,15012
131546492,-392475531,-563159888,15376
132848329,-389125731,-564553696,15568
132914219,-387999878,-564653212,12496
135446256,-386656733,-565808393,13684
138404597,-385837748,-566943849,12760
#!,zero-counter: 80
142934015,-387839451,-577521953,14412
142711509,-386950472,-577859303,15512
142960490,-385932418,-577990153,18312
143625396,-384481017,-577011861,18772
143951669,-383135238,-574595003,17732
144085540,-382002859,-571476030,16652
144924907,-381178482,-568523851,14748
146583140,-380546164,-566364893,13636
148385797,-379783607,-564960669,13072
149864926,-378956702,-564245772,12144
150905447,-378052550,-564063086,11928
151686670,-377169990,-564477384,10400
152276702,-375942957,-565316252,9824
152756623,-374044834,-566684980,10272
153533929,-371811242,-568734682,10956
154959529,-369155082,-571427082,11884
156997888,-366227166,-574562970,12908
158928701,-363524964,-577863503,13792
160322006,-361180669,-581225397,13988
161208615,-359247138,-584220834,13928
161716652,-357838824,-586731548,13556
162144270,-356635342,-588837018,12884
162627048,-355307174,-590943814,12724
163384766,-354109120,-593299712,13288
164316470,-352844064,-596202670,14048
165378947,-351611781,-599723558,16148
166429626,-350562356,-603775585,16960
167552669,-349755664,-607921381,17264
168618294,-349232899,-611814602,17000
169417030,-349166380,-615033789,16308
169652148,-349591317,-617308118,15528
169422060,-350338655,-618546011,14376
169107884,-351151996,-619046913,14092
169147344,-352056774,-619218049,13452
169402886,-352895200,-619476918,13000
169388197,-353700065,-619764229,12776
168682953,-354663566,-620049017,13244
167595207,-355778985,-620416396,13400
166249914,-357114188,-621153443,14472
164781517,-358634730,-622346271,17040
163483245,-360241252,-623850030,13756
162363544,-361929046,-625744403,15428
161222387,-363692497,-628263385,15648
160346670,-365473602,-631328788,15928
160236528,-367080212,-634455899,15472
161444695,-368830457,-635852747,14924
162863231,-370517511,-635981173,15188
163983972,-371453482,-636179884,16148
164509760,-372174576,-636579888,15144
164829732,-372585241,-637401194,15640
165691218,-372684983,-638639769,19484
165884585,-372262020,-639141299,14876
165277403,-371689051,-639664731,15008
165877042,-370164686,-641400937,15484
166071485,-368608615,-642224715,14696
167354180,-366919739,-642722185,14304
169747895,-363989932,-643825778,12564
170294591,-362260739,-643516228,15960
170724439,-360664373,-642608055,15660
171456367,-358985264,-641630618,15252
172009499,-358119399,-640797925,15076
172508070,-357343515,-639819661,15988
172291109,-356864159,-638139394,14384
170695626,-356377115,-634997678,15124
167515803,-355850244,-632184365,14460
166049644,-355880958,-629984521,15940
165677165,-356630890,-628803459,17928
165287267,-357441769,-628343356,14224
163073330,-370369627,-629595474,14808
162134342,-370654007,-627615037,14940
161339270,-371368756,-625019529,16384
158474764,-371890225,-621432374,13020
153893964,-372502936,-616579185,26884
151093090,-373933440,-612848081,12800
149319678,-374523939,-610810514,16744
#!,zero-counter: 122
148490292,-373316324,-606883286,15152
147804712,-372602921,-606556140,15296
146872240,-371726022,-605964897,15544
145547487,-371034911,-604495737,17964
144658764,-370439387,-601730968,17804
144627147,-369559580,-598665002,16204
144846213,-368544357,-595498624,14012
144806243,-367483239,-592685442,13052
144659657,-366353716,-590587123,12824
144573930,-365252697,-589134557,13052
144397173,-364484638,-588101098,13520
144144972,-364137505,-587174499,13428
143784873,-364140928,-586408874,13284
143255092,-364509398,-585848905,13348
142400328,-365386890,-585451573,13232
141334544,-366577033,-585275161,12648
140260201,-367860788,-585473262,12660
139215888,-369103287,-586374960,12832
138282956,-370193022,-588217032,13644
137663469,-370872991,-590930751,15600
137088771,-371432679,-594288663,15836
138622958,-373173984,-599614394,13680
140777447,-370143369,-599707850,18072
143150075,-366291715,-600764553,15832
144616474,-363868353,-602461683,17008
146278624,-361527528,-603916641,15176
147150034,-359835345,-604525019,14656
149054079,-357457663,-605444115,13512
149525763,-356274032,-606016997,16100
151031626,-355649678,-605262509,14604
150918290,-356972588,-604741418,15080
149034025,-360536459,-603715714,11712
147127967,-365523675,-602046678,13896
145594315,-368998700,-600342886,15120
145328512,-371254511,-598690482,14588
143726683,-373115507,-597041415,15104
139861384,-375055349,-595263112,14668
136000097,-376689478,-592941354,14728
135160854,-376665901,-593000351,15628
134418692,-376707709,-593245417,14700
133485351,-376644316,-593014440,14980
132668438,-376310116,-592659674,14724
132002541,-375926450,-592374291,14228
132214438,-374725867,-592082858,15428
133168498,-372755948,-592456900,7188
134150091,-370858800,-592251939,15152
137104382,-366339851,-593280402,13244
140174020,-362365224,-595027059,15344
139489959,-361304192,-595466234,14512
141883935,-360372277,-595790986,14420
#!,zero-counter: 112
140298303,-359135680,-602087822,14652
139769352,-358609511,-601870187,14600
139359567,-358055383,-601629214,14864
139006315,-358091751,-599767902,15604
138441938,-359005927,-597899105,14684
137320302,-359975411,-595971225,13996
136343916,-360962427,-594224250,13728
135249504,-361730237,-592757157,13888
134405961,-362353463,-591429814,14316
133647610,-362835405,-590629810,14212
133115213,-363495129,-590318622,13632
132124153,-364031907,-590354258,13800
131075985,-364951732,-590300388,14472
130166948,-366142429,-590146101,14304
129397560,-367449543,-589833378,13648
128374081,-369254756,-589847826,13044
127073253,-371575990,-590169877,13104
125958423,-373701780,-590694440,14660
126252403,-374603202,-590750645,15220
125964786,-375440322,-590985254,13180
126846863,-373340793,-591305953,10908
127444519,-370675450,-592410508,17280
128375440,-369164906,-593834393,17632
129715010,-367225981,-594591127,12288
132861387,-363652540,-595876765,13116
134003235,-361741572,-596993070,15760
134643516,-361397970,-596950147,14488
134778097,-363159055,-596213483,15768
133119059,-366560543,-594693213,14160
128881678,-370426512,-592724454,15264
125990279,-374141596,-589778023,16384
124214579,-376515869,-588360641,13976
123586616,-377054326,-588779494,14468
121960141,-377186716,-589165163,13820
120054665,-376215027,-588729397,13188
118402147,-374236456,-588615565,16748
117117092,-373049308,-588684338,14116
118330052,-369276090,-589181007,17868
118540448,-366222998,-590050404,16692
117456561,-366076309,-590629005,15436
117664728,-365055474,-590607586,14664
118442893,-364061828,-590239333,14296
119653076,-363376220,-589988378,14000
121356974,-363385127,-589906959,13936
122388075,-364585686,-589718487,14484
123618342,-366174037,-589290632,14812
123733580,-368270441,-588538229,14380
120979237,-371239308,-586493835,11772
117759783,-373091268,-585083633,14552
116134302,-374158173,-583909816,14168
111368393,-375513525,-581331455,13320
109910640,-373533397,-581561767,14188
110436965,-371877845,-582003323,11544
111696506,-368940431,-582677434,12840
112292120,-366886137,-583472651,14484
113155124,-364974046,-584467435,13660
114976251,-362642526,-585309938,12420
#!,zero-counter: 102
114325410,-360431168,-590515054,15308
114132677,-360134881,-589364431,14880
113403319,-360602508,-587887459,14164
112299791,-361361756,-586557759,13284
111589855,-361885882,-585214135,12716
110721818,-361903575,-584356388,12452
109853305,-361785464,-583978705,12252
109144224,-361547146,-584360672,12736
108701172,-361256906,-585248821,12384
108190714,-360958444,-586395310,13572
107630682,-360870437,-587497190,19540
107935524,-361132730,-587605849,14112
108694453,-361499088,-587473821,12968
107183553,-362743426,-585979765,10628
102276992,-366206193,-582836848,12704
96086547,-370516442,-579345285,6956
92137253,-373649063,-576645133,12692
86067408,-377561905,-573527548,11272
80706578,-380286844,-570613720,15260
76541163,-381633778,-569537377,16640
73109485,-382885273,-568748402,14136
69110089,-383635701,-567917087,13916
64984659,-384532111,-567039880,14684
58999157,-386401218,-565711089,14400
54657686,-388019119,-564567535,12876
51512780,-389615843,-563773307,13324
50009394,-392022346,-562317944,13728
53588579,-390721381,-563227913,12912
58737666,-387999921,-564417301,10536
63446963,-384373428,-566057175,14904
67386363,-380872040,-568185248,16684
69764453,-377607587,-569564134,14388
73001912,-373640349,-571739830,11516
75613992,-370021708,-572909775,14320
76272789,-367912137,-574305131,18128
75859975,-367190266,-574644971,14260
76357789,-366569423,-574710707,14600
77603422,-366007029,-574512872,14100
#!,zero-counter: 120
86248847,-364231662,-586087392,13716
86470368,-363512332,-586487056,13964
87238480,-362401497,-587725132,14368
88187627,-361714422,-588136723,13984
89148911,-361048254,-588389194,13540
90017133,-360706141,-588701561,13524
91099246,-360767658,-589420015,14508
92318242,-361003957,-590234673,15792
93508394,-361136668,-590636480,17528
95150384,-360966041,-590016086,17736
97226734,-360098623,-588488472,16276
100079946,-358895555,-586773099,14808
103632787,-357587109,-585574533,12708
107702564,-356084485,-585418921,11128
111570651,-354472694,-586466195,10084
114919591,-353096656,-588763807,9424
117571399,-352235973,-591955621,9504
119111293,-351759311,-595635967,10200
119867370,-351377071,-599316314,10888
120873641,-350772241,-602812367,13324
122817974,-349767464,-606322283,13844
125312512,-348723085,-609903693,14248
127898130,-348006978,-613224868,14612
130075025,-347777599,-616172404,14512
131367640,-348085111,-618772218,14444
131700415,-348936181,-620863098,14612
131598860,-350145689,-622497853,15032
131499201,-351261914,-624055815,14972
131810900,-352150440,-625726710,15208
133046316,-352732895,-627602844,15092
134429328,-353054963,-629752584,15348
135478414,-353455037,-631929132,15300
135971637,-354117046,-633735799,15708
135899562,-355164448,-634917151,16292
135406092,-356722096,-635357781,16044
135010150,-358704749,-635048156,14832
134414713,-361087945,-634288551,13752
133491502,-363749798,-633069306,12520
132150047,-366535152,-631396352,12216
130633539,-369135871,-629744159,12808
129305097,-371283961,-628567121,13796
127844105,-372953314,-628247792,14236
126190614,-374290749,-628619847,14076
124522505,-375384014,-629537074,15372
122869526,-376593791,-630943573,22652
120978420,-378357197,-632592179,15276
118850087,-380815721,-634326733,14388
116997040,-383348074,-635884047,13452
117375117,-385401355,-636922622,15108
117771968,-386600121,-637110390,16180
118334255,-387538804,-636406002,9688
118817107,-387485550,-635419171,16672
120739126,-385583716,-634738871,16480
124490133,-381290774,-634785986,17424
128477308,-377176866,-635560352,12188
131867697,-372938761,-637060059,16736
133765946,-369298827,-638594196,15332
134389523,-366188244,-640012566,14700
134954800,-364547423,-640147831,15284
137776575,-359914775,-641393243,16056
138623936,-356269095,-641753443,9532
137193564,-354595381,-641863088,12248
136087140,-354257756,-641289237,14516
136497831,-353742907,-640078860,14916
135527330,-354428510,-638487406,15208
130190188,-357350660,-635181240,14796
125059322,-362915460,-631094324,11948
121688482,-367596117,-628191719,14112
120286981,-370935872,-626608726,16880
119924967,-371915206,-627200365,14504
118900725,-372186564,-628248997,15872
117811485,-372440283,-628527423,14568
128306483,-358684796,-630050274,14788
129155948,-358912004,-629146935,14808
129429114,-359045862,-627954444,14360
125589396,-358806632,-623261035,12024
123738990,-358066044,-619415140,16444
124384080,-357322638,-619862056,14760
125100094,-356734669,-618851332,14356
125311952,-355180202,-617844903,14572
124672399,-352549791,-615240878,10192
123300562,-349734681,-613331444,18692
123706436,-348774713,-613367198,14648
#!,zero-counter: 11
124860763,-347410008,-614082709,14484
125372841,-346607799,-614272302,14524
125909582,-345898664,-614554550,14344
126389793,-345148723,-614878526,14384
126807195,-344407522,-615276681,14420
127171451,-343648140,-615596125,14452
127512791,-342729037,-615810119,14460
127806786,-341779274,-615933290,14528
128143641,-340850684,-616121837,14364
128668737,-339886009,-616304748,14452
129314388,-339025951,-616403824,14372
129928276,-336716380,-617155291,14364
129779881,-335887655,-617305777,14384
129555185,-335005680,-617416069,14492
129250704,-334068989,-617603224,14424
129118993,-333038669,-617733166,14376
129369944,-332086491,-617779512,14332
130084992,-331248300,-617684696,14292
131036989,-330637844,-617783412,14248
132097559,-330315284,-618020163,14220
133134406,-330170056,-618304584,14320
133896635,-330079601,-618739409,14256
136096151,-328785352,-619918308,14128
137043624,-329651349,-620168968,14108
137735216,-330739126,-620471212,14272
138183671,-331960564,-620762836,14424
138311908,-333039286,-620934623,14468
138206005,-333999407,-620989921,14520
137951189,-334759735,-620982711,14564
137772027,-335483742,-620804746,14576
138494898,-338386432,-620203557,14388
138946283,-339416433,-620061753,14432
139122524,-340416217,-620052721,14544
139225828,-341269487,-620069011,14616
#!,zero-counter: 14
144735520,-345341736,-620376380,14372
145652450,-346101317,-620645064,14388
146557936,-347153742,-621068437,14620
146989759,-348229166,-621690118,14464
146716684,-349187280,-622837210,14540
146032696,-350024239,-624147777,14776
145443731,-350807781,-625472765,14692
145322087,-351547046,-626595052,14816
145535819,-352168006,-627508984,15048
145929580,-352587519,-628166805,14012
146810404,-353063837,-628514165,14976
148286590,-353795405,-628390001,14844
150034332,-354695538,-627790525,14656
151363873,-355869220,-627186996,14656
151662949,-357027115,-627056121,14868
151186771,-357894661,-627303968,15136
151431529,-357482265,-627585722,15312
152980885,-356785503,-627060537,15252
155150731,-356091020,-626376606,14776
157752741,-355448310,-625651028,14628
160832163,-355154830,-624838545,14804
164521370,-355267060,-623736046,14624
168021427,-355670654,-622982338,14504
171200673,-356231997,-622607080,14540
174163372,-356867143,-622527725,14664
177097340,-357475680,-622611691,14700
179715630,-358017443,-623057386,14744
181726648,-358273805,-623951763,14780
182867494,-358300207,-625356288,14616
183133866,-358112285,-627130121,14700
182939160,-357762187,-629192545,14772
182767797,-357439689,-631191683,15216
182993527,-357471381,-632789544,14964
183728625,-357766473,-633930730,15276
184931760,-358240248,-634584414,15216
186803021,-358733085,-634503264,15164
189219234,-359193935,-633803090,15012
192057438,-359586230,-632533026,15012
194846084,-359766510,-631091411,14656
198133348,-358334341,-630202663,14832
197773647,-357870547,-630885948,14868
197723379,-357454034,-631420311,15044
201599468,-356243498,-631150097,14836
203085162,-355658642,-631312581,14796
203235841,-355375212,-631916455,14804
203086293,-355117889,-632860082,14800
202861261,-354903673,-633913913,14880
202527063,-354737042,-635076721,14920
202139502,-354562237,-636255861,14904
201879040,-354370976,-637297907,14976
201627945,-354316710,-638267865,15012
201334906,-354268653,-639112880,15156
201070073,-354272896,-639670598,15076
197458052,-354411020,-640372034,14884
196709973,-354301565,-640620841,14944
195949740,-354256215,-640944643,15076
196141420,-354959461,-641179349,15260
196859145,-355665298,-640866114,15224
197565242,-356311260,-640482315,14936
198211632,-356932243,-640197662,15068
198767965,-357523952,-639968654,15128
#!,zero-counter: 13
198838153,-362013616,-635518471,14964
198129206,-362340651,-634989057,15004
197271566,-362738644,-634487085,15156
196414822,-363278494,-633891971,15132
195705923,-363889814,-633162663,15180
195158286,-364496948,-632219760,15116
194772867,-365213278,-631039044,15184
194440807,-366026973,-629780786,15048
194075262,-366793522,-628395878,15132
193653687,-367697708,-626991571,15024
193352108,-368915147,-625661459,15052
192952673,-370342732,-624509795,14888
192333816,-371869251,-623605368,15008
191508485,-373226229,-623030022,15108
190669229,-374451031,-622558219,15060
189889641,-375590192,-622016426,15244
189260329,-376608828,-621301965,15208
188658187,-377550824,-620491912,15124
188218613,-378300260,-619500956,15172
188039178,-378942239,-618277687,15156
187964801,-379559881,-616955518,14952
187739826,-380119362,-615790918,15172
187239557,-380649445,-614788214,15068
186519887,-381066836,-613868192,14976
185601337,-381543797,-613209139,15232
184606517,-382084077,-612715040,15152
183645681,-382560678,-612290496,15124
181974801,-382087839,-609109097,14936
181250812,-382094601,-609170780,15116
#!,zero-counter: 15
178219529,-380438103,-606291976,15136
177692626,-379893265,-605769123,14976
177094577,-379093097,-605135741,15236
176342329,-378181650,-604535884,15008
175415184,-377156234,-604090531,14828
174168343,-376177925,-603681740,15004
172736120,-375107174,-603366282,15072
171396570,-374035841,-602774048,15060
170036501,-372977817,-602038456,15292
168218994,-372139876,-601277526,15460
165447556,-371780562,-600185699,16820
160830615,-372110693,-597389239,16656
157182612,-371873003,-593317364,15492
155080223,-370535718,-589802987,14772
153838855,-368831695,-586772464,14540
152830405,-366890673,-583632992,14528
151821301,-364686833,-580544130,14088
150713514,-362847554,-577658614,13736
149149922,-361886171,-575104447,13500
147612564,-361705798,-572708034,12860
146353206,-362056396,-570535674,12324
145253414,-362637028,-568909985,12100
144278827,-363229334,-567832396,12116
143356623,-363895703,-567348213,12192
142504857,-364641472,-567584203,12264
141468327,-365509770,-568348903,13648
140022133,-366579686,-569580574,14692
138387584,-367942318,-571157641,15208
136658746,-369534936,-573175394,16996
135017813,-371324591,-575386272,16344
133519782,-373388873,-577406698,14544
136373514,-379893147,-580162771,14432
136512090,-381518873,-580529601,14604
136209790,-382221697,-580688493,13724
136530537,-381861652,-580349865,12028
137471457,-380607555,-580322293,14732
138339559,-378723919,-579830273,13712
143515852,-374117684,-579188552,8668
148713715,-367340861,-581344034,17880
154028108,-361746033,-584692710,10804
157132888,-357151761,-587376627,19400
160789697,-352121977,-589341918,15648
162403570,-349567376,-590548041,8316
162192743,-348044457,-591084207,14200
162500210,-347782733,-590479573,14956
163783725,-348111257,-590128127,14572
165081707,-349287096,-590181326,14304
165526931,-351481453,-590506862,14340
163918419,-355256365,-589793401,15620
160849986,-358974991,-588237974,14144
157459449,-362594983,-586559082,10976
151805894,-366304954,-584810863,6428
145681907,-370889020,-581761462,14504
141321207,-374432340,-578594528,16432
137455984,-376415937,-576995289,14000
133848149,-378162837,-575920090,14900
128377972,-383351462,-574022858,15400
127356096,-385565779,-573678967,15164
126177991,-388489475,-572850987,15488
125512550,-391594888,-571905639,15776
125685874,-393491769,-571258924,15412
128066286,-392504486,-572747683,14044
130267331,-391324100,-573823646,14544
131649514,-390244078,-574807858,15904
#!,zero-counter: 75
125575997,-393002122,-586274618,14692
123970621,-390400489,-586761422,14952
123040850,-389075206,-586026122,15976
122716545,-386357570,-584032320,19048
122526339,-383764904,-581622856,18196
122187730,-382080000,-578799289,16404
121778283,-380881886,-575209041,13908
121182259,-380156235,-571789084,11996
120171159,-380001162,-569359556,11632
118832407,-380059182,-567766072,10940
117239587,-379959669,-566859063,12180
115737878,-379192715,-565999528,11684
114637569,-378054422,-565566395,12080
113983837,-376536941,-565729312,12300
113635987,-374654801,-566308005,12204
113437737,-372747823,-567279368,12200
113289962,-371282668,-568711350,13228
113067410,-370574586,-570538379,13844
112794963,-370629392,-572649364,14672
112500129,-371377395,-574860887,15432
112065123,-372683553,-577038836,15636
111607453,-374201110,-578773753,15196
111156663,-375763696,-580136198,14300
110769161,-377421182,-581496689,12972
110544820,-379170239,-583149890,12796
110267698,-381017620,-585096848,13596
109539191,-382977378,-587619186,28052
108572814,-384831480,-590642070,15220
108384113,-386234789,-592527735,13928
108064885,-387662987,-593198974,14652
105053100,-390424764,-592907206,14440
106630107,-389978703,-592753352,13436
111024917,-387330279,-593243060,12572
114077360,-384021830,-593226993,10032
117923095,-380668415,-593368726,14536
122292008,-377035801,-593493484,7372
123754562,-374624902,-594006352,15324
123090163,-373997630,-594235649,15288
122991894,-373012951,-593747885,14848
123327746,-371607188,-593244175,14316
123868039,-370594755,-592729678,14112
124313839,-369717551,-592560455,14064
124784318,-369127403,-592368379,14612
125275536,-368621553,-592163964,14144
125394892,-368295633,-591563218,13016
122589697,-368353010,-589548762,13548
121419135,-369174459,-588334360,15016
122080232,-369457528,-588819910,14752
121422433,-370294494,-588343245,13752
118335299,-372757499,-586956466,16828
113426763,-375940862,-585884905,12896
111103223,-378798159,-585214627,15168
109851327,-380644241,-584964772,14996
108938330,-382185250,-585726952,14672
108132788,-382802032,-586582481,16184
107348399,-383333312,-587996919,18800
107116630,-384329107,-589884569,11096
111488897,-388458544,-594110845,13632
#!,zero-counter: 198
107034169,-389698667,-590535675,14804
106555537,-389183085,-590123509,14660
106075306,-388527051,-589709645,14452
105387298,-388057664,-589443955,14588
103936213,-386983483,-586495711,14480
101408476,-387785472,-584029837,14712
99631519,-388218482,-581780582,16088
99204309,-387752745,-579760459,15272
98860692,-387216561,-577421839,14988
98206023,-386888697,-574909508,14316
97695438,-386709237,-572482856,13708
97294851,-386608955,-570496076,13156
96743283,-386561973,-568911560,13256
95937230,-386590010,-567316905,13228
94975176,-386559225,-565783082,13240
93921706,-386439619,-564549608,13412
92808284,-386415843,-563558843,13420
91407819,-386634567,-562678808,13468
89800568,-387121339,-561959080,13600
88307761,-387965339,-561556800,13176
86410063,-389054267,-561090467,12932
83839742,-390447850,-560372955,12996
80745094,-392166892,-559634564,12932
77731607,-394118033,-559181930,13000
75556142,-395825081,-559488083,13132
73986864,-397189398,-560531179,13296
72590580,-398560749,-562023445,13768
71405606,-400172370,-563888486,30188
64814271,-402826885,-563325362,13796
65919270,-403569892,-563975778,14100
65769802,-404673829,-563703041,14208
65935563,-405373672,-563951595,14224
65471326,-405662559,-564367542,14328
64553576,-405931015,-564789005,13872
63512034,-406011550,-565110494,14080
62715085,-405866429,-565346970,12088
62880855,-404493814,-565796823,12680
65766861,-401264109,-566651728,18136
70792240,-395913014,-569028140,14776
73295305,-391355577,-570644843,18160
78027590,-386305637,-572828456,18356
82675601,-382226621,-574475963,15688
86334047,-378430134,-576051219,14044
87695559,-375924036,-577596129,13672
88910924,-374336742,-578206549,14112
89296066,-373966885,-577655636,14204
90190885,-373456919,-577073275,14936
91430985,-373277662,-576829799,13260
92802491,-373563614,-576931852,14516
94038299,-374529798,-576926668,15008
92660594,-376873295,-576330555,11780
89328389,-381045657,-574615476,13860
84317100,-388758822,-569443009,14200
77766357,-393814850,-566157791,14300
75846758,-394357613,-566513356,13596
74385772,-394289972,-566402151,12240
72954552,-393382564,-565999918,15092
72352963,-391599139,-565893980,14652
73384118,-388196713,-566751841,13768
74965277,-384224027,-568554628,14904
75361359,-382100323,-569898533,14872
78859261,-377791724,-571422109,16044
81190103,-375000775,-572075302,14896
81215742,-374096889,-572631869,14188
81281652,-374066519,-572476570,13856
84746348,-373480743,-572257337,13968
#!,zero-counter: 17
83476715,-374682276,-574607522,14012
#!,zero-counter: 72
80932669,-375105298,-577741174,15276
79718388,-375964507,-575985985,16456
78913103,-376116209,-572922215,19080
79098593,-375255890,-569055636,16340
79372251,-374024723,-564997726,14588
79629962,-372807870,-560909329,12784
79672335,-371748293,-557445369,11212
79503895,-370963776,-555047505,10568
79094472,-370375846,-553551706,10332
78223971,-370403028,-552669457,10600
76102728,-370825219,-552110893,10732
73479332,-372010748,-551562965,11452
70444352,-373513324,-551327391,11568
66847467,-375308723,-551348391,11228
62707176,-377365410,-551834718,11516
58744719,-379194060,-552927626,12372
55633742,-380466143,-554901739,13024
53585388,-381483931,-557596167,13280
52073786,-382570496,-560872335,32767
50783433,-383683212,-564092411,15316
48278141,-385397232,-563338912,13648
46060646,-386883013,-562659710,13552
43927196,-388635795,-562215158,14744
41908874,-391353092,-562240998,14196
40909284,-391635564,-562305788,13052
39811289,-391493267,-562579205,13860
38720052,-391750201,-563153132,14384
37950745,-392527796,-563714021,14012
37905898,-393130740,-564206363,12424
39666236,-391876327,-565651333,13108
41068181,-390644869,-567081255,15128
44206799,-388333794,-569138745,15992
48416260,-385860420,-570659515,7584
52577174,-382554887,-572010651,2044
54852473,-379490275,-573837428,14604
54465808,-378553647,-574401925,16244
54515025,-379252643,-574574671,13936
55466787,-379410415,-573992950,12440
55236164,-379505102,-573026183,12892
53858775,-380205776,-572056540,14340
51188152,-380638420,-570896801,14876
48853830,-381099683,-569607811,14088
48421397,-381795610,-569175726,14728
46969680,-382127966,-568635393,13300
43617502,-383103582,-567188380,12412
39670769,-384220223,-566381715,16192
37309017,-385158226,-565796035,13748
35581918,-386010368,-564903030,13452
35002473,-386350507,-564181193,12772
34036257,-386333671,-564106853,11840
32330152,-385591967,-563420254,14412
31244241,-382757661,-562289271,12512
31974446,-378190012,-561879521,14492
33263896,-373025526,-562348549,1420
35833342,-367493103,-563287951,8664
37913750,-363726198,-564559085,13660
40535963,-359462147,-566066249,14892
40556328,-357581662,-566994936,14928
40902217,-355870175,-567213091,13960
45871897,-351114546,-570751594,14260
49540849,-350906547,-573351637,13452
52012590,-351003686,-575225499,13400
54129306,-351057441,-577136050,14268
55165180,-351428955,-577775044,12228
56050078,-352116240,-578314064,15828
57632018,-353218410,-579549702,15608
58598865,-354248418,-579272737,12160
58979093,-355017455,-578872830,12896
58673260,-355830138,-578677163,12252
#!,zero-counter: 37
57812364,-357207142,-585049122,13640
57379357,-356948318,-585568882,13740
56881991,-356641360,-586148598,13640
56388493,-356286468,-586824357,13700
55972132,-355936728,-587530495,13608
56594673,-354366817,-591476849,13632
57869721,-354310881,-591948888,13560
59555747,-354427690,-592600565,13784
61432734,-354915281,-593555293,14100
63698440,-355913786,-594807616,14452
66678345,-357232410,-596669309,14408
70581089,-358528740,-599082221,14468
74313010,-360078028,-601784336,15536
76807481,-361526464,-603799342,17208
77746808,-362502836,-604008592,18508
77437572,-363740283,-602302816,17208
76311396,-365801165,-599808334,15808
75167388,-368022616,-597853032,13352
75045679,-369642859,-596954707,10772
76111711,-370118193,-597092804,9204
77781838,-369450769,-597670563,8708
79578167,-368073942,-598343968,8464
81407094,-366514025,-598894682,9356
83165759,-365300073,-599654238,11096
84593298,-364924566,-601145563,12788
85446091,-365508078,-603293707,15464
85864051,-366699599,-605539429,15120
86170599,-368079576,-607246164,15468
86558530,-369399451,-608363300,15540
87434369,-370161228,-609179278,14520
88978100,-370433308,-609501392,13684
90387112,-370356341,-609487333,13308
91755218,-370057691,-609170440,13068
92996519,-369470909,-609025427,13388
93825133,-368921237,-609518724,14564
93994324,-368697693,-610534183,15580
93703505,-368915813,-611971070,16160
93363904,-369464826,-613653431,16072
92909663,-370444760,-615544740,15748
92264204,-371909883,-617410079,15388
91311849,-373575941,-619139883,15276
90080820,-375087528,-620670534,15936
88701422,-376287339,-622053139,14924
87182156,-377429459,-623362328,14992
85800036,-378802701,-624427716,14652
85412213,-380071596,-624577751,15008
85178805,-381670316,-624676369,15224
85428664,-383545655,-624866249,15216
85452811,-385453022,-625174806,16096
84679334,-387957583,-625390778,15456
84013689,-390515814,-625338971,12640
82320747,-393109572,-625924379,16316
77203383,-398779898,-626881067,13668
81049409,-395080817,-627253298,12988
84023046,-392940800,-627149169,12780
88835473,-389124679,-627197558,11856
90976165,-385267160,-627420355,11992
93304580,-382298011,-627251673,2492
94617871,-380006995,-627167316,14860
96198666,-376767226,-626304047,10340
98764987,-372338431,-626167337,24632
99059963,-368546923,-627826083,22156
96664500,-367014706,-628294055,16340
95271706,-365395334,-627853851,15448
95636016,-363598596,-627359927,15328
97152211,-362089634,-627702417,15960
97891184,-361919843,-627829327,15452
99057532,-362510727,-628037760,15424
100108670,-363983353,-628284411,14224
100982364,-366369286,-627564944,13884
102913830,-367987022,-626146417,14668
104718369,-369301395,-624928941,14788
105786673,-370357082,-623845908,12816
104882886,-371170562,-622270411,5300
103039223,-372152815,-619866276,15876
99818019,-373289534,-616580513,17352
95193012,-374410817,-613413539,16440
91885461,-375129873,-610788786,14584
89670029,-375193633,-609236208,14676
90629615,-374627382,-609862306,14856
91600732,-374481170,-609503200,14564
#!,zero-counter: 79
94142905,-372123090,-603830472,15004
93829666,-371340343,-603112866,14676
93363279,-370476157,-602414778,14772
92862462,-369588804,-601660394,15096
92596465,-368762036,-600739384,15620
92558581,-367954953,-599339584,15148
92558301,-367332492,-597935418,14524
92448054,-367013823,-596681838,13480
91961537,-366684431,-595555461,13784
91314095,-366129445,-594462618,14796
90738545,-365379829,-593268157,14728
90502505,-364489032,-592253496,14488
90677266,-363441340,-591360929,14184
90793176,-362262340,-590787979,13584
91089968,-361051224,-590426473,12340
91367781,-359852350,-590611557,12444
91728120,-359111644,-591270473,12644
92021357,-358843722,-592365233,12852
92641280,-358858380,-593527371,12300
93163153,-359157076,-594838823,11964
93296327,-359963674,-596589342,13400
92999768,-360810164,-598659605,13168
94509413,-361669983,-599121582,14952
95410699,-362406954,-598747114,14788
96660096,-362977300,-598213156,14204
98137104,-363384348,-598054719,14792
98235267,-363866286,-597428493,17392
94387741,-365308913,-595542387,13880
90525371,-367386652,-593221279,15312
88083844,-368298185,-592808020,14208
85215532,-371108640,-591100933,14996
83012408,-373173224,-590553303,14564
81962875,-374827296,-589876277,13656
81419703,-375986741,-589591948,14164
79474251,-377684031,-589228179,15008
78499491,-378999889,-588285050,15364
77992510,-378405352,-588255960,17500
76807618,-378077657,-588361030,14396
76637232,-377295937,-589330995,10212
78487963,-375100460,-591396364,12384
81566298,-372817688,-593493461,19084
84248693,-370645495,-594588299,14956
85825845,-368731223,-595749165,11712
88167085,-366381315,-596996329,16576
89573611,-363465558,-598512464,13404
90862382,-359770852,-599283559,13404
90760119,-358979289,-598449418,14516
91925405,-357663492,-594774409,14620
90242140,-358910510,-593121492,12356
87271869,-360805884,-590247308,10196
84114465,-363966753,-586605946,14332
84581715,-364941412,-585847638,15128
86151506,-365394891,-586040281,14400
85142423,-364954856,-585885486,13888
84227766,-364564155,-586345621,14128
83302631,-364193142,-586885157,13848
82438346,-363982127,-587621647,14036
#!,zero-counter: 77
78124831,-363518224,-593642375,14192
78371410,-362009669,-591887006,14556
76702899,-362279020,-590477348,14924
74266343,-363064993,-587987083,15564
72197841,-363815210,-585308988,14796
70336924,-364387774,-582521475,13356
68030799,-364970285,-579696300,11788
65213357,-365599816,-577198439,12000
62476089,-366135340,-575196576,12120
60161700,-366483705,-573902812,11836
58825786,-366768173,-573460448,12896
57835122,-367003124,-573936980,13188
56850897,-367666066,-574738237,12884
55725147,-368701717,-575813907,14280
55321320,-369529987,-576332872,18692
55350271,-370329598,-576514173,13720
55246151,-371402013,-576262405,14356
54319930,-373068012,-576410459,14400
52948161,-374174000,-576460038,14804
52286193,-374908930,-577321310,13936
51944837,-374816426,-578424327,14176
52472525,-374198305,-580117603,14176
54869820,-372077519,-582587387,13316
57135928,-369060054,-584848280,20788
61064660,-365441105,-586757956,12540
64585025,-361370397,-588906340,17692
66574735,-359003256,-589778483,13708
66733463,-357869122,-589863430,13640
67105244,-357266189,-589788558,13704
67894933,-357055063,-589507469,14620
68253277,-357000935,-588498962,11180
66846937,-357433085,-586561910,11000
62190828,-359500874,-583952371,17024
58120823,-361578199,-581577470,15340
54686472,-363682990,-580026749,16124
48888784,-366723197,-577856716,15832
43840822,-370283122,-575225790,13692
38074179,-374635559,-573063729,16280
32107354,-378736026,-571834436,14704
27924182,-382110867,-571141111,13244
26955247,-382973738,-572400821,13488
29245927,-381295805,-573375598,13820
32502848,-378995782,-574630721,16332
35076500,-375715787,-575599290,15972
38338033,-371995140,-576644199,11700
42658994,-367645949,-578376628,14452
43453784,-365356311,-579057460,13776
45892318,-363537328,-579701271,13692
47855840,-361301900,-579731889,11032
49746398,-359334831,-579422358,13072
51981589,-357554949,-579365678,12780
53810303,-356292027,-579368737,15672
54901959,-356298189,-579121033,13952
56142049,-356217218,-579046028,13480
#!,zero-counter: 60
62940796,-357679221,-592002720,13784
63847174,-357601756,-592358807,14036
63764005,-358852794,-592951604,15140
62815278,-360048313,-592397088,17272
62931926,-360222683,-591039060,17944
64072725,-359264341,-589146776,17260
65999303,-357964693,-586960290,15716
68656703,-356663657,-584899234,13748
71973327,-355566312,-583346248,12832
75460789,-354570850,-582552804,11980
78973213,-353333748,-582674042,10848
81795848,-351702367,-583611369,11780
83689408,-349783189,-584846947,12044
85295547,-347464953,-586235394,11464
86655842,-344954228,-588285715,11152
87431679,-342524490,-591235810,10388
88565545,-340344727,-595326838,10640
91003648,-338209701,-600543259,10984
93837823,-336139543,-606462033,12268
96194685,-334241177,-612240231,13560
98163436,-332643195,-617254683,14160
99888892,-330948650,-621616582,15324
101433286,-329324567,-625058860,14164
102675150,-328262686,-627430789,13760
103588223,-327896837,-629202386,13788
104485711,-327718872,-630742430,13892
105479120,-327794016,-632151198,13304
106076586,-327903793,-633689869,13500
106480131,-327761469,-635560964,13680
106840844,-327376580,-637696730,14296
106849194,-327026859,-640067387,15488
106464883,-326944930,-642379307,15748
105539518,-327108528,-644463753,15900
104378525,-327615005,-645844213,15044
102805024,-328399874,-646673643,13496
101126754,-329427444,-647155618,12936
99414400,-330641300,-647322350,13160
97893687,-331806472,-647618396,13172
96934349,-332906927,-648597810,16000
96320644,-334137726,-650654591,14644
95815056,-335607922,-653563790,15452
95333679,-337549933,-656770572,15048
96329319,-339496199,-658253395,15328
97526206,-345723131,-657643000,14908
96072976,-345835720,-657636559,14780
94746738,-345761592,-657461480,15388
93878989,-345355020,-657740110,15804
95304343,-344191150,-659066436,14764
98160334,-342271390,-659975006,12140
101226955,-339605681,-661130293,17228
103446781,-337072846,-661619892,14348
106003839,-334351567,-662786304,13400
105669862,-332670035,-663167922,15984
105043322,-332146277,-662563350,15364
106907799,-331025179,-660207734,14584
107532985,-330704930,-659041331,14720
109375787,-331038865,-658206502,14912
110379942,-331367812,-657522768,14968
111147151,-331711344,-656657003,15572
106251497,-332495880,-652709317,18852
99874532,-333581124,-647898698,17556
100930212,-333641817,-647782517,14204
101891881,-334108729,-647230061,16172
100260417,-335833940,-645528948,14880
#!,zero-counter: 136
104998294,-331590268,-632550142,14868
104481074,-331316233,-631813426,16400
102394831,-331671899,-629607756,17588
100580833,-332375518,-626313656,17144
100326822,-332061525,-623304020,16812
100089521,-331767964,-620091042,14792
99353122,-331767198,-616681662,13860
98440980,-332102828,-613758817,13236
97393429,-332845101,-611412335,12756
96156017,-334088409,-609379026,12172
94559559,-335807333,-608048077,11956
92719776,-337883921,-607253433,12248
90867669,-340201677,-606781328,13060
88924881,-342656134,-606623281,12952
86840720,-345441897,-606932596,13352
85122894,-348168343,-607785108,13828
83941298,-350567392,-609066797,13632
82639205,-352947761,-610779653,14084
81154962,-355309252,-612893215,19356
80476361,-357170980,-615082021,14524
80878812,-358395229,-616133452,14780
81039715,-359600238,-616078394,14792
80899102,-360512666,-616011366,14488
80089822,-361661249,-615830906,14520
79116636,-362971882,-615514088,14836
78526665,-364072691,-615456248,14744
78162188,-364707112,-615765352,14428
77521611,-365386329,-616037263,13572
76702428,-365649671,-616377632,9192
77049515,-364345070,-616600030,10212
78991800,-360885031,-617205835,20904
83072543,-356255017,-617920990,17276
85694717,-352977871,-618950518,13984
88915113,-347813457,-620469543,15140
90742524,-343930615,-621369434,14804
93695002,-338912246,-623349715,16140
95303700,-334830340,-625563382,14476
95459958,-332714640,-626167058,14296
95384327,-332353633,-625870105,14984
96073978,-331965359,-625819939,15852
97277354,-332230837,-625700206,15060
98466798,-333149788,-625622929,14932
99155111,-334818071,-625128845,12992
97459229,-337946159,-623702183,15136
94329587,-341429417,-620650753,13576
92637258,-343791619,-618530153,15740
84170854,-347518701,-611253261,14528
83762042,-346862263,-610708636,14156
83557989,-345507524,-610208050,12736
83688636,-343681395,-609917687,13356
87609620,-338763734,-610662803,15112
89134188,-333896415,-612933439,19928
89223808,-332310590,-613816355,14856
90954436,-329719137,-614985491,16660
93873628,-326322332,-617614004,20988
94170141,-326149172,-617989284,14132
96454641,-326305565,-619049078,15120
98640813,-327135590,-620789446,13236
99280374,-328474312,-620986550,13584
99444766,-329551760,-621420829,14892
99390841,-330786285,-621579206,14776
#!,zero-counter: 131
93566700,-330250599,-623280454,14884
92888353,-329638665,-622740128,15212
92206452,-328985245,-622113247,15996
91915473,-328129825,-620955294,16484
92046497,-327094223,-619202513,15812
92242408,-326270772,-617086224,15028
92251785,-326071776,-614184631,14516
91265576,-326672583,-610343675,12692
89105268,-327564518,-606322522,12524
86125300,-328562450,-602670675,12584
82451468,-329602561,-599081843,12108
77671428,-330150808,-595560377,13132
73650508,-330994806,-592089026,13228
70272119,-331655835,-589250365,14032
67866310,-331930669,-587198244,13268
65983615,-332132160,-585969495,13316
64099401,-332918259,-585405409,12464
62015720,-334414751,-585155236,12052
59771552,-336512721,-585436765,11108
57502708,-339388829,-586462008,11120
55468538,-342827616,-588574567,15704
54029494,-346053127,-591383065,15220
55004688,-346868962,-592536714,14388
57366151,-349797131,-593650029,14116
55948819,-350787972,-593592526,13872
55005771,-351199746,-593413763,14580
54237003,-350885448,-593807252,14328
53612334,-350580541,-594646851,14668
55253985,-349653876,-596194337,13076
59315355,-346276261,-599159019,12780
63891223,-341953330,-602670079,12544
66507295,-338698401,-604733576,12480
67363580,-336315265,-605759131,12588
68698446,-334255112,-606402483,13688
70013952,-332179453,-606900486,13800
70420360,-331059578,-607166128,15264
71266130,-330569362,-607084589,14568
72535257,-329961572,-606736565,14168
73278300,-329691245,-606321037,13748
71583620,-329639428,-604757857,5312
67399711,-331068297,-601896139,16844
64001969,-333658838,-600187529,16720
60607033,-336109776,-599328612,15268
56059887,-339247844,-597997285,12420
53603724,-341984683,-596650103,14116
51684297,-344175352,-596233255,12468
50580712,-345098287,-596026772,13840
49710538,-344825484,-596017770,13784
48410867,-344860746,-595893809,11620
47403354,-344778062,-595988363,12860
47805008,-343352683,-596030824,14192
50544384,-339956663,-596534088,13408
50664601,-337566036,-596824332,12392
50249613,-336223338,-595813886,16692
51726939,-333703630,-595450943,12448
52830419,-329963725,-595270549,14052
52693632,-327902391,-594946642,13672
53116000,-326972829,-594917407,13892
54306037,-326997397,-594922999,13676
55299527,-327395652,-594863307,13196
55957404,-328048893,-594907129,14536
56482554,-328755963,-594622770,14548
