-323939,4015810,462493,488
-98429,4996326,519986,-804
3266073,5189627,851079,-792
5799564,5100491,742717,-1052
7301985,5024112,593296,-1020
6340343,5093181,839123,-964
1936713,5371894,1224208,-1236
-1798509,5713229,1522186,-1172
-3577896,6330245,1780916,-1040
-1858235,6684711,1714745,-2232
-120779,6588409,1656809,-1012
-2241369,7713790,1909258,-1020
-3399471,9209691,2207640,-204
-3490973,10096970,2334853,-1056
-3582122,11188782,2545881,-1120
-3421946,11875422,2641526,-828
#!,zero-counter: 41
-8023558,15076053,2950382,-1240
-8342909,16109387,3078253,-724
-8516624,17366000,3328939,-696
-8390717,18296625,3292357,-1420
-8640592,19118618,3386621,-1204
-8898282,19907286,3496426,-1192
-9205395,20888480,3659139,-1320
-9388088,21832579,3857589,-696
-9519762,22757980,3987687,-1528
-9950123,25691932,4278890,-936
-10032102,26667972,4484879,-780
-10127011,27710650,4612347,-968
-10364439,28556801,4757976,-1068
-10603359,29225463,4866901,-784
x,y,z
#!,zero-counter: 1001
-34990716,10322591,-506916364,-1364
-27666109,5810889,-507506983,-712
-19316725,467711,-508017322,-136
-14416369,-3135118,-508218627,-1000
-13100445,-5217200,-508373665,-660
-12693160,-7396881,-508549770,-656
-12048694,-10045079,-508672787,-2020
-15599129,-10321134,-509002719,-1968
-17717540,-11013031,-509511152,-1032
-17177872,-12012087,-511205991,-1744
-17705819,-11468547,-514024603,-1208
-17470301,-10601675,-516630322,8260
-17471210,-8728104,-518155907,-2408
-15912054,-7360725,-519062195,-2312
-16792172,-4796249,-520022540,-168
-21685639,-1266065,-521357383,-2132
-23447385,-915247,-523065352,-1716
-21751427,-3372596,-525104004,880
-18176257,-6638373,-528399346,84
-13615986,-9283509,-534122634,-1356
-8583326,-10531766,-542553872,24
-2095039,-10557762,-552831205,932
5572204,-9268317,-563839734,3628
14363345,-7037635,-574565423,3580
23825813,-4291998,-585711511,3352
34143381,-1372436,-597316329,2988
44472211,1914746,-609666591,3092
54298084,5337651,-622458186,2852
63022441,8723689,-635264434,2948
70250507,11854743,-647962849,3084
76120046,14629152,-660565624,2420
80478132,16963305,-673087076,2012
83430782,18547351,-685390891,3108
84836903,19484188,-697025598,4552
84967141,20029137,-707463669,4764
84973117,19697570,-716540601,4500
85397611,18378450,-724497902,4344
86663142,16124990,-731721037,4696
88904677,13106239,-738410272,5156
91480924,10298599,-744530563,5480
93916606,8084450,-750130755,5752
96473341,5911971,-755072062,5488
99032886,3208881,-759230234,5924
101173992,-97947,-762422991,6804
102656009,-3946042,-764704438,14548
101798683,-6554494,-772505384,6680
99546613,-8937059,-786990923,4064
96748887,-14334745,-801364902,8484
92781826,-22300473,-815595377,7536
86296684,-29454680,-826938497,7292
79629020,-37298524,-835271943,4452
72373469,-46467762,-841389351,12176
63079694,-49025384,-844562118,1052
52745470,-46861654,-844350822,7216
49007549,-45771888,-841618418,10576
47979772,-47675596,-836940511,12380
45883318,-47909621,-831378714,12972
42914413,-47907409,-825019440,14704
39789016,-48292376,-818396382,9284
37159340,-50072192,-811942320,17908
34311510,-50502958,-806010074,25528
34189246,-47668847,-801369782,11020
46508535,-51114730,-797192815,8368
67494982,-60055947,-795350973,9212
83131787,-72578596,-798882293,8032
95083730,-87107613,-805009486,9220
102793876,-99803611,-810057277,9276
104418987,-105921683,-813350534,7796
103004117,-107605216,-815875386,9148
100871389,-105587920,-818688902,9904
99487958,-99496052,-821954505,9916
99235372,-88888234,-825508697,11368
100801872,-75230583,-827000966,12320
103028409,-61561399,-829938981,11332
105434649,-49619907,-832429748,12132
106840347,-38654005,-834539329,13948
108586807,-29293203,-836380796,22860
115858712,-25207211,-838308410,26676
125066507,-18863154,-839000546,16472
141219020,-16401776,-840032394,8236
151747978,-4285309,-842189095,6220
159749997,9842366,-843855046,6884
163805921,22732643,-844153005,7656
163018399,34317862,-846641334,5580
160812026,43761531,-849187747,15200
157702673,51824524,-849650570,16732
154847107,57548687,-851216573,15940
151203921,62427077,-851683618,11700
146675778,67969950,-849299971,9556
142797648,72692342,-847363021,7696
139186331,77424497,-842333441,9440
135484671,81116829,-836360188,11476
132545771,81730111,-830957137,11044
129073667,80525476,-827187359,11208
124095248,80882927,-825156837,12488
119466919,83232992,-825922026,13148
117491652,85952852,-825593121,12516
120237106,86798314,-827501389,12472
125806463,87358122,-828179309,13364
132677061,88264792,-829282713,14312
140053886,88409319,-830897174,13940
146675127,88352794,-832898957,12876
152509569,88011853,-836845958,11068
157234087,88129185,-839038282,10332
161576319,87466591,-841213921,10264
165333964,85961428,-843596594,12380
168879917,84068340,-845733892,13360
172545043,81712287,-847653669,13788
175020541,80569067,-849176130,13984
176694557,79801561,-850305642,12840
177171849,79680116,-851386822,12472
177157812,80285002,-852440186,12856
177456861,81105164,-853467605,13556
177375094,82171770,-854540580,14276
176345762,83031765,-855411053,14632
175316997,83443964,-855764830,14396
174477999,83879830,-855807604,14644
173926780,84642255,-855969961,14300
173490299,85780085,-856279547,13080
172984309,87219931,-856845516,11340
171956854,88891837,-857498288,11312
170256325,90046115,-857836995,11408
168630531,90145871,-857771869,12384
167628671,89310761,-857654364,13224
167425645,88028873,-857702762,13360
167667750,86401980,-858002695,13368
167732257,84986529,-858628489,13132
166947186,84376193,-859395336,12768
165435801,84382860,-859885429,13600
163429152,84948601,-860363684,14880
160874116,85721599,-860966135,14388
157987205,86413945,-861853073,14756
155047311,87000169,-863151093,15072
152057325,87498331,-864803866,14660
149008307,88034486,-866803430,14620
146034097,88492571,-869035718,14616
142856878,88709347,-871490397,14484
139350971,88411376,-873892281,14808
138372799,85612255,-874844934,14820
138420368,82748791,-874581660,14812
139002851,81203105,-873850160,15008
#!,zero-counter: 46
138367238,83258660,-815540468,14656
138804809,82760053,-815091596,14768
139101250,82319146,-814713676,14744
#!,zero-counter: 113
133541532,93198527,-761458660,14932
134195869,94626273,-759598345,14448
133726647,96507661,-758193504,14924
133403693,99116235,-754878052,11116
131904194,101901083,-750412192,11240
131679572,103111359,-747301842,10052
130443812,104599886,-743380552,6148
128509397,105743603,-739381657,16576
127205945,106748245,-738195381,16308
127022831,107486969,-737848643,14424
126969093,107962398,-737260550,14320
126980923,108358904,-736562545,14608
129239262,107948102,-735841562,14320
129911190,107577049,-735991742,14320
#!,zero-counter: 47
132993782,108763466,-733041385,14360
132636670,109473706,-732605166,14456
132327664,110392698,-732050951,14412
132149522,111430999,-731466719,14380
131876678,112426090,-730836550,14528
130617703,112707980,-729212234,13628
128153308,111937716,-726182656,15052
126264179,111681398,-723120757,14956
125663633,112543033,-720751172,14800
125753782,113701800,-718412235,14596
126132502,114758939,-715833973,14664
126634774,115773089,-713272070,14220
126930878,116689448,-710861115,13604
126844422,117241392,-708491506,12932
126446276,117401477,-706396902,11500
125894848,117475362,-704918304,11284
125109644,117596413,-704350162,11616
123834466,117667776,-704612857,11928
122256317,117602238,-705635167,12340
120407252,117325903,-707495137,14368
118215592,116737212,-709796398,17916
118384305,114927072,-711468906,14180
121095997,111458385,-713313900,11348
123502782,113632596,-713988853,13816
126279260,116480454,-715417589,9832
128113802,118689976,-716069103,10856
130924797,121115722,-717900477,14184
133397314,123925541,-719179834,12852
133966105,124971630,-719378164,14292
134630272,125943733,-719411588,13152
135729990,127788409,-719657655,14832
135655097,128825418,-719638565,14408
136309474,129342632,-719587208,13744
136901909,130092399,-719826017,13888
136106528,128938434,-719766153,14324
133880750,127185452,-719240580,13492
133265247,125302728,-718432325,12940
131461443,123733056,-717414123,12496
127969213,120272194,-714220883,11668
126481539,117226550,-712076135,11500
125728535,117000780,-711336193,14156
125942757,117936704,-710824687,14144
128676790,120966187,-712116091,16900
129521983,122876190,-712909606,15404
131479668,123752276,-713522244,11852
133961647,126941138,-714411736,13548
134815208,128687184,-714791601,16916
136192638,129916030,-714421316,13756
137592253,130909082,-714441284,13432
137234550,131292598,-713307599,11864
134411738,129905006,-710448200,17932
130634081,129335642,-708391923,12456
129523027,128133287,-707139464,14172
127518155,128714677,-706355111,13328
126671984,128941477,-706020535,13900
127462533,129222979,-705001842,12228
129202405,130620181,-705178784,10384
130639561,131112912,-705421004,11744
133761348,132622036,-706603291,13452
136732167,134760807,-707733957,9608
138082677,136553283,-708619446,15884
#!,zero-counter: 78
138729577,139019205,-712631300,13844
138341932,139679806,-712149425,13908
137511320,140293955,-711152868,14408
136629125,140543838,-709491950,15584
136894637,140918150,-707450978,15464
138068525,141485085,-705467216,15136
139375569,141876322,-703420023,13988
140202400,141875889,-701080844,13304
140188415,141375438,-698671632,13092
139249026,140690961,-695988524,12736
138029278,139482454,-693543205,11456
136307624,138192143,-691690914,10504
134864282,137143940,-690791773,10604
133618768,136654674,-690723301,11200
132232113,136397521,-691276514,11964
130586180,136044273,-692376334,12336
128704384,135612543,-693780033,12844
126631705,135076898,-695435414,13332
124386361,134409248,-697195870,14560
122183849,133567646,-698889846,15132
120316285,132591370,-700243932,18908
120402453,131479431,-701199740,13252
122603105,131129067,-702592870,13720
125064999,133099712,-703893101,13080
126811489,134980980,-705100064,11912
128137011,135745364,-705623214,13556
129571738,137434461,-706374355,12008
130379020,138961439,-706937113,13988
130967225,140046799,-707069719,13516
129940330,140347480,-706801153,14444
128354132,139061147,-706005086,13700
124801153,137439249,-704801319,14724
121641177,134824557,-703119661,11500
118705713,132671016,-701486351,11940
116838337,131185942,-700305228,11540
115683073,130503663,-699898966,14312
114704240,130699589,-700300409,13612
113647607,130359163,-700068199,12224
113022726,130609671,-699305006,10828
112733827,131176573,-698827041,13892
116043047,133379695,-699279957,10300
118260636,136550721,-700316973,16280
118771438,138045212,-700771186,16192
119862046,139528404,-700883114,12688
120989506,141296133,-701158743,13840
121190252,142171861,-700821130,13408
122167701,143045666,-700650667,13224
123512695,143681802,-700859447,13200
123816811,140582725,-700959731,13728
123028494,139134204,-700012322,12760
119812395,137963917,-698469182,13252
116998825,137338900,-697105357,10300
112525472,136557147,-695362085,13228
109658458,136093257,-694195107,13380
108709517,135117359,-694624581,13144
109076365,135650511,-693671654,15284
110975321,137081202,-693850834,11948
113337482,138819554,-694445856,14392
116076935,141407689,-695240034,13456
116967003,142586772,-696090143,14544
117060946,143529330,-696341923,15732
#!,zero-counter: 86
121026978,143305010,-702810336,13236
120798546,143865008,-702566462,13336
120574039,144446446,-702340107,13292
120411812,145009326,-702132107,13276
119184547,145722617,-700787580,13816
117778951,145159483,-698995031,14956
116720663,144655428,-697063374,14576
116427502,144422634,-694993289,14176
116356781,144532461,-692469602,13588
116091571,144596752,-689840341,12796
115616538,144527129,-687337685,11536
114460224,144732745,-685047307,11520
113202761,144745153,-683251528,11284
111421309,144873739,-682039790,11432
109523508,144852972,-681665343,11000
107570976,144816982,-681810194,11684
105504430,144588778,-682533660,12144
103486727,144055091,-683570346,12332
101801383,143363990,-684914655,12108
100414769,142641003,-686688633,12236
99383932,142056580,-688668347,13288
99106129,141638082,-689934941,23536
99858423,140500501,-690740918,13784
100510728,139549150,-691331937,13288
102701865,138780556,-692106382,12176
104027495,139742376,-692694309,12416
106586637,141058677,-693688935,14916
108470286,142766306,-694833979,12828
110360108,143871004,-695659779,14076
111507833,145225758,-696159223,13372
111961574,146222160,-696461140,14368
113095723,147073561,-696607316,12820
114356426,148769303,-697376868,13116
114923743,149593458,-697786706,13136
115615025,150198029,-698091423,13192
112442222,149047564,-697610239,11644
110116045,146427773,-696591984,15088
108668543,144997236,-696176269,12272
105218613,143225110,-695030917,13208
102460520,141375979,-693761412,12560
100326535,141139452,-693131261,12312
99454236,141125286,-693248418,13340
98119710,141286118,-693228579,13168
97018323,141273550,-692717665,12836
97046668,142035132,-691676661,13236
99087152,143660078,-691574867,11640
102217206,146117886,-693119017,15592
104687769,147959865,-694230296,13176
107794194,149469537,-695551983,13808
108669078,150673275,-695845290,14972
109912705,151742294,-695631875,13028
111373941,152456314,-695972124,13120
112081342,152572469,-696508555,12440
111653877,151496730,-696633912,12908
110826843,150506304,-696156812,13628
108973965,149773570,-695272484,11880
106051170,148134905,-693590200,14672
105323927,148442606,-693365404,12856
102557177,148152654,-692063364,11908
96077405,147110737,-689410028,13048
92458727,146195554,-687670269,14240
91415873,146357549,-687259129,12448
92163319,147006239,-686508933,12916
94144521,148432989,-686360323,12220
96602044,151080341,-686810687,17216
99059431,153096526,-687858673,9576
101626043,155288564,-688634048,13736
103583629,155695391,-688835247,12596
104450302,155814019,-689023232,12900
106764763,155227820,-690143907,12736
107472033,155004992,-690502754,12908
#!,zero-counter: 23
111697581,151556362,-695943826,13104
112236465,151022462,-696271769,12816
112732665,150501023,-696585068,12936
113306870,149994692,-696920073,12988
113982044,149565957,-697243826,13072
114729488,149197383,-697514791,13032
115401949,148885200,-697828992,12980
115973184,148573394,-698106530,12916
116964902,147809070,-698858613,12952
117463968,147332354,-699307068,12960
117973955,146815039,-699775387,12940
118525530,146256371,-700245675,13052
119073418,145712432,-700790290,13128
119637616,145188082,-701319647,13120
120235115,144665934,-701746937,13048
120751011,144163329,-702170659,13020
121191446,143625617,-702568396,13164
121707080,143081574,-702971895,13116
122274277,142671917,-703309995,13216
122836617,142305920,-703509995,13084
126898668,141364576,-704539760,17876
129600884,139760071,-703355208,17840
134109920,137340784,-701363729,16704
139877176,134788267,-699262646,15900
145734387,132506395,-697490674,14248
150710450,129913117,-696670438,13128
154199096,127732814,-696734034,12196
156763124,126396669,-697837915,10624
158581121,126199691,-700125671,9052
159379956,127199604,-703504413,8236
159152091,128914399,-707733161,8140
157921238,131026389,-712382747,8072
155674195,133254335,-716930479,9696
153484419,135599517,-720937891,10800
152056124,138326750,-724453046,11824
151417228,141565321,-727310669,12444
151284558,144899508,-729513565,12044
151426553,147816686,-731451186,11960
151855323,150057633,-733340747,11520
152363291,151789898,-735501940,11208
152617280,153279995,-738219965,13172
152625647,154303149,-741406082,15236
151798275,154558736,-744820151,16616
150040312,153873964,-748419097,17820
147766226,152516785,-751762651,17500
145453811,151210388,-754404345,15788
143819222,150232483,-756205466,14488
142865441,149586835,-757203219,13568
142106962,149152886,-757713973,13420
141501877,148652507,-758595004,13928
140615522,148329114,-759904800,15020
139774601,147905664,-761474391,15792
139002449,147478043,-762790186,16048
138293428,146879769,-763479740,15384
137785283,145964216,-763774681,14668
137640462,144160890,-763977140,13912
137919468,143843901,-764170148,13956
138234269,143903853,-764427501,13680
138230142,144033760,-764666838,13660
137900975,144038777,-765123653,13740
137290982,143951518,-765779563,14428
136338895,143744545,-766601721,14832
135178090,143478487,-767398330,15008
134032964,143105920,-768165434,15048
132937178,142668520,-768878486,14784
131972924,142358818,-769641447,14956
131098259,142054279,-770368066,14880
130167592,141666853,-770946314,14628
129367418,141217297,-771366769,14520
128585700,140660670,-771628152,14652
127709270,139971105,-771670457,14372
126791693,139106077,-771650559,13812
125868073,138251596,-771734299,13724
124817773,137484812,-771985297,13924
123735351,136753445,-772299385,14232
122727379,136281804,-772863704,14668
121562729,136103139,-773752886,15860
120060996,135822873,-774820297,18040
118366519,135321589,-775864610,15128
116597267,134645481,-776885703,14824
114458982,129600715,-776147084,13868
115892135,131190688,-776238361,15992
118485981,133633779,-776249058,15328
120130878,135773515,-776255757,15688
121596242,137866652,-776462593,17056
122498011,139614294,-776302973,14868
124020551,141533863,-776019528,14256
125520902,144272383,-775791933,14176
126020938,145723407,-775083289,15296
127143141,146739853,-773709916,14588
126594567,144868023,-772297917,15844
124651792,142143168,-770954421,13824
123427336,139238294,-769361928,15452
122064427,137087192,-767531309,15268
121334993,135200098,-765571152,12868
118722223,132625591,-762579645,19500
118127541,131088471,-760747039,14988
118857350,132354424,-758442483,14784
119813068,133604592,-758322500,11656
122018918,136339607,-758330282,16336
123895975,138113528,-758593979,17144
123785854,139758165,-758624755,15104
123988579,140624899,-757639360,14624
124906441,141603564,-757149484,14232
126271872,143026208,-756762148,13336
127025713,144377964,-756696741,15108
126874445,144442243,-755302774,14900
125988769,142918377,-754607926,14868
123214535,140479066,-753483725,13504
122058601,138056434,-751492268,13772
121347913,137174609,-750325537,14736
121817421,136319509,-748836813,14492
121373910,136128929,-747312107,13820
120920499,136039883,-745496125,15064
120529126,136454430,-744652160,14364
120716898,137283960,-743436024,14676
121560629,138801787,-742720852,13412
121354744,139545047,-742565826,15012
123297036,140658520,-742301122,11252
127934900,145670896,-742987161,11164
128838063,148134527,-742993320,14720
129582948,149544587,-743344104,15164
131020572,150830658,-743854806,13760
131773385,151310601,-744031748,14576
#!,zero-counter: 136
132595300,153450421,-739446353,14688
132316672,154475858,-738774783,14776
132125254,155607600,-737593629,15756
132304170,156502553,-734964059,18036
133716831,156439799,-731169712,18560
136036407,156198221,-727223985,16556
138901543,156173091,-723221799,13948
141631381,156302578,-719119819,12780
143765416,156254615,-715293581,11820
145200319,156135450,-712171420,11568
146041374,156101949,-709659739,11208
146237280,156002752,-707648966,11336
145689164,155677355,-706192369,11764
144450751,155116081,-705259283,12024
142591024,154288041,-704674265,12308
140232390,153096807,-704229400,12328
137281325,151528743,-703898395,12528
134157569,149574845,-704073290,12556
131323920,147830152,-705053991,12348
128716469,146689021,-706920953,12452
125935831,145919283,-709516362,12996
122853882,145329610,-712481505,13880
119749016,144887217,-715729150,15140
118412953,144664066,-718142861,13892
118508286,143276704,-719090950,12620
119085490,142451271,-719493242,15608
120816986,143000985,-719963436,13872
122341710,144929075,-720456344,11576
124124220,146579411,-721057169,14072
126690517,148407220,-722782031,14288
134443583,153810891,-726890294,14724
134000684,152691675,-725772690,14236
132486621,150258381,-723737285,13860
131601316,147846227,-721860674,11400
129304234,144985110,-719675520,17440
128252448,143299838,-718232686,13536
127531491,142572539,-719008117,14240
126924514,141802437,-719135940,14056
126352105,142071900,-718289792,12596
128007636,143886003,-718366256,12496
128850004,146611879,-718908752,17612
130593229,148739292,-719834310,14484
131835821,150685668,-720591461,14860
131689761,151498080,-720643891,14800
132971260,152768680,-720232367,14052
133985230,153315608,-720257641,13772
134748632,153717280,-720529853,13800
134450777,152263855,-719863218,14512
132408933,150278218,-718166433,13700
129257919,147926346,-715855859,16796
128205525,145525519,-714478972,15836
126722902,145022855,-713135708,14788
123759037,143280969,-710815223,11300
121818283,141736782,-708771870,14892
121234936,142459190,-709110852,13976
121290688,141944173,-708821837,13924
121943788,143068529,-708202048,12680
123290718,144749843,-708015538,12752
125709122,147140093,-709049175,15148
128427039,149974991,-710265270,10292
129478262,152555028,-711321523,17432
130792862,153966797,-711912086,12960
132234958,155511186,-712536848,13700
#!,zero-counter: 88
133498700,155721153,-718372472,14088
132923102,156996928,-717812286,14344
132282780,158657688,-716797714,16104
132006665,160022606,-714705933,18216
133461033,160596514,-711265919,18376
136275123,161039936,-707043583,16636
139599691,161350795,-702448294,14344
142725489,161285864,-697887575,12168
144827834,161066633,-693676361,10824
146434514,160665487,-690285548,10244
147162335,160600015,-687622489,10076
147328946,160442294,-685945663,9624
146469276,160373799,-685042524,9844
144761903,160086519,-684804996,10252
142376076,159623620,-685026061,11152
139192505,159340492,-685440291,12052
136371263,158565876,-686462565,12668
133542500,157813599,-687908850,12956
130938083,157086048,-689838971,12872
128514235,156340393,-692073662,12604
125816932,155491852,-694494626,12704
122797543,154571654,-697055255,12492
119589114,153812892,-699673630,13000
116564832,153118898,-702556172,13412
113843735,152430201,-705386387,15132
115997805,150640949,-707696531,14020
117198901,151775555,-708300265,15400
119308681,153877776,-709182344,9996
121034457,155629068,-710296787,16104
122476560,157045135,-711062805,13948
123711440,158757625,-711729014,16340
124549046,159731257,-712204239,13928
125292446,160655855,-712805311,13564
125814071,161512699,-713732386,14028
123444280,160068519,-712519256,12740
120606935,157933777,-710995175,15608
119313787,155888682,-710288200,13776
117737868,154403383,-709134113,13856
115516795,152080951,-707459779,12612
113599161,150070959,-705624023,9912
112467275,149452823,-704730760,13388
111929275,149298633,-705204444,13696
110803162,148830663,-705337315,13268
110080489,148780906,-704837721,13328
110656947,149628462,-704217090,12944
114063360,152692732,-704643196,10652
116496662,157550317,-706631359,17224
117649961,159150024,-707989354,18044
117443452,160466131,-708119998,14656
117743820,161404023,-707828422,14124
118459236,162014610,-707570759,13752
119546030,162804823,-707758843,13380
120876651,163306402,-708479753,13276
121706518,163096583,-709364956,13428
121903475,161857087,-709900510,14268
121584234,160589952,-709920565,13468
121723737,159373504,-709648879,14076
119887353,158283727,-708128023,15556
116899311,157677141,-706226739,12960
115958792,157218860,-705288655,11380
113798029,156402590,-703587645,11800
108864080,155346102,-700625163,14704
105522361,153430967,-698520002,13240
104452225,152902625,-697374276,12584
103707674,153290177,-697513927,15384
103204322,153001360,-697160325,3160
103134851,153045084,-696734654,12812
104888209,153373508,-696306975,9156
114923402,161365975,-700053651,13988
114980648,161219889,-700168437,17532
118054242,162225902,-700702677,14836
123289553,165885665,-703174134,13184
124179733,165550413,-703614659,13204
124917850,165238242,-704288051,13416
125661375,164756016,-704850769,13288
#!,zero-counter: 24
128248840,163381923,-707394615,13436
128869261,163101652,-707751750,13420
130331025,161375680,-710567580,13360
130993880,160813330,-711444689,13504
131351086,160089306,-712468295,13304
131048005,159375749,-713573613,13564
130252014,158869350,-714586609,13652
129321511,158004877,-715593065,14372
128323787,156639953,-716593556,15596
127595125,154704097,-717918008,17224
128012623,152426047,-718489461,18576
129162579,150265718,-717235697,18952
131206712,147855243,-714449644,17924
133429833,145979620,-710685327,15232
135997925,144542259,-707149870,12308
139553298,143718320,-704951769,9964
144484793,144007498,-704819079,8120
150284281,146156406,-706903801,6164
155142042,149939831,-710665815,5828
157727920,153681257,-715567365,7568
157633783,156541600,-720627971,10208
155935684,158187818,-725534311,12772
153346130,159337038,-729983264,21404
151104711,160545191,-733900935,15792
150464240,162791426,-737255175,14928
151092711,164991669,-739812866,13636
152117476,166715992,-741941349,12300
152961304,168126603,-744288626,12312
153172171,169320878,-747077907,12340
152633578,170217862,-750063565,13240
151598663,170716706,-753041107,15324
150201064,170629143,-755609441,15908
148144461,169878841,-757685026,15920
145735795,168696682,-759198204,16144
143548345,167467812,-760185693,15444
141993353,166566927,-760867554,15052
139846704,164285839,-760951329,14028
139138994,163294890,-760481388,14044
138441040,162353453,-760076751,14108
137953912,161702637,-759722879,14340
136693312,161877168,-759744093,14344
136165161,162157500,-760079626,14196
135426622,162283871,-760530314,14520
134459593,162125508,-760994476,14624
133402899,161797339,-761514410,14652
132391184,161513795,-762099690,14488
131489714,161369140,-762767360,13976
130495898,161163471,-763536728,13828
129279433,160885224,-764409438,13788
127890072,160618188,-765306672,14108
126405935,160233066,-766165999,14396
124850236,159646844,-766883674,14692
123151507,158740308,-767459278,14732
121343129,157260212,-767995608,14272
119453294,155559006,-768726106,13600
117540929,154132798,-769882105,13352
115304274,152847179,-771508514,14020
114731550,151187668,-773157183,16888
114389590,149722111,-773660347,15020
114507118,149210568,-773967608,15184
115207847,149913889,-774050993,15124
116780430,151470818,-773892296,13240
118589181,152973498,-773663737,15716
122414591,156557007,-773770685,16052
124595258,159814477,-774211217,14652
124666875,160720009,-773871156,15876
126140390,162754778,-774108230,14936
126889601,164958244,-774068273,14820
126772049,165605887,-773408030,14888
126760144,166494652,-772933812,14504
129112920,165964456,-772321068,15448
128019374,163963353,-771752678,15912
126501040,161788738,-769415972,17060
124770539,158443429,-766696080,9616
123436021,155846357,-762994929,12152
122605865,154825737,-760426081,11900
122774114,154944601,-759760912,15468
122121647,155374333,-759457533,14788
121325464,155610870,-758870849,14336
120664934,156138067,-758269583,13728
120188059,156874132,-757553869,14664
121202755,158410384,-757319504,15396
122628508,161513354,-757907768,19196
123324208,163052055,-758014786,16024
124158750,164904283,-757396374,14892
125197374,165625250,-757061401,14684
126294174,166306994,-756771883,14504
126726350,165738921,-754990495,14760
126266662,164859794,-753327612,13396
125095598,163055881,-750862257,14972
122462431,160617822,-748140504,15744
122171907,159946124,-746605834,14256
121330960,159789877,-745971370,14268
121184074,160800529,-744685910,15144
122217816,162710430,-744179762,15076
122799237,163985564,-744034821,14300
125098674,166386111,-744716041,13056
126306916,169287038,-745030424,16416
126658478,170390485,-744912077,13992
127672002,171556594,-744914130,14384
128483785,172413395,-745036541,14240
#!,zero-counter: 85
127872721,178929518,-738396927,14716
127734953,178778137,-737546024,14804
127631384,178771963,-736403558,15108
127735036,178915724,-734879600,16028
128275623,179033977,-732754101,16748
129173844,178742240,-729836550,16484
130108570,177988286,-726380404,15296
130904180,176919148,-722835082,13520
131712215,175836168,-719697725,12536
132505791,174912234,-717393229,11496
132996430,174283295,-716139564,10852
132963343,173885468,-715809573,10784
132178236,173515847,-716346826,11112
130628919,173041067,-717385115,11836
128482954,172353370,-718806842,13248
125792070,171449631,-720455091,14108
123008922,170425554,-722062335,15008
120569332,169201011,-723599935,14752
118415429,167941120,-725100683,17096
116876159,166753827,-726717854,14896
116758249,166069101,-727784149,14264
118408600,166219714,-728573199,13148
120193063,168576420,-729175639,13800
121902137,170603009,-729955694,12908
123547947,172788387,-730439163,15840
124829140,174802877,-731225051,15164
126390088,177122039,-732319921,13964
127478046,179527712,-733247030,15856
128101640,181189502,-733446701,14596
127902029,182158503,-733593578,14932
129172909,181695265,-734026671,14656
128257154,179617152,-733528230,15624
126910006,177537134,-732830831,13712
125575957,174664282,-731165833,11284
124175748,172832555,-729717883,15020
123411703,172126445,-728374383,11104
122408904,170492317,-727298006,15188
122513515,170743105,-726663913,13584
124157931,172272772,-726537480,12692
126249941,175030057,-727164790,13688
126751351,177240406,-728424030,17316
126628998,177428740,-728973493,15444
127265328,178101703,-728761178,14192
128617062,179249801,-728469578,14032
128974192,178705367,-727999212,14016
128387613,177638082,-727017298,14272
127188096,176089737,-725546376,15212
126245154,175133209,-724456803,13584
125035142,173838240,-723096184,15420
121953065,172411985,-720613627,15244
118151181,169975241,-717680300,14716
115066110,167455699,-714617126,14440
113237239,166379804,-712213772,12512
112888990,165948022,-711548938,14600
113820461,167577000,-711324328,13108
115733346,169459066,-711735209,12516
118526718,171463633,-713064920,16464
120719618,174567035,-714252280,15520
123891037,176840043,-715662632,12912
126261084,179336903,-716925567,16504
127716707,180857594,-717912353,15344
128096782,181561819,-718097549,14504
#!,zero-counter: 59
127883946,182656373,-721159669,14148
127442108,183113207,-720701219,14508
126743552,183359105,-719860560,15124
126215980,183305246,-718339693,14992
126482042,183309382,-716635002,15096
127281766,183591182,-714831217,14768
128148201,183732351,-712792559,13988
128665388,183585448,-710420359,13828
128935219,183062137,-708119099,13092
128474414,182122988,-706211421,11728
127321938,180791274,-704805914,11272
125622032,179451073,-703948932,11028
123620809,178373467,-703648583,11840
121461753,177294053,-703882056,11956
119252795,176157127,-704764640,12744
117040864,175224826,-706061479,13784
115224615,174503261,-707727888,17008
113823226,173995417,-709550742,14704
113980476,173366360,-710459391,14040
114756136,173473237,-711488026,12360
116161273,175607077,-712383788,12292
117194390,177706032,-713641385,15240
117989963,178797469,-714676293,12976
#!,zero-counter: 11
118756068,180332405,-715083796,14220
117032482,178186659,-713713608,13984
113317094,176265306,-711186910,15376
109957867,173940557,-709149797,19192
108439133,172943212,-707975828,13048
107905491,172836202,-708301299,13780
107393362,172445106,-708077693,12928
108207004,172861608,-707746989,13708
111633238,175301117,-707786881,7824
114539630,177642972,-708934793,14472
116573941,179423744,-710405989,19600
117816313,179767348,-711147064,12864
119852668,181219121,-711703867,13164
120254164,182643766,-711943210,14760
121821101,183357816,-712226738,13616
121093783,181386521,-712058896,13344
117693454,178521479,-710279785,16872
116055442,176927744,-708949722,14692
114290418,175623055,-708000390,14732
111618640,174282369,-706123585,15396
109781112,173161126,-704173818,11600
108942432,172483062,-703357471,14268
108598325,173003539,-703748055,13596
107439282,173056027,-703539871,13412
107464450,174415180,-702687708,14316
108190009,174867699,-702758215,14688
111106183,176994398,-703711073,14964
113988863,179869371,-704873803,10108
115037279,181417994,-705691264,14656
116370162,182518579,-705996205,13252
118937779,184998767,-707035121,8424
118883622,186923165,-707713720,14892
#!,zero-counter: 67
118015471,186122178,-712209789,13944
117689427,186978469,-711769316,14236
117581660,188055592,-710717126,16588
118493303,189125369,-708088048,18344
120687116,189679172,-704395328,17900
123513020,189863067,-700380789,14792
125915041,189880031,-696241572,12512
127627391,189466457,-692408014,10812
127566611,188792707,-689024494,9220
126149629,187636531,-686649811,8392
123561019,186606756,-685058200,8272
120645622,185730646,-684496019,8800
117659420,185244543,-685024643,10364
114082926,185040327,-686352681,11004
110498280,184374641,-688172750,12620
106747989,183842193,-689963571,14664
103433635,183107071,-691526127,14560
100408051,182426472,-692794689,14376
97820910,181637076,-693915545,14504
95872635,180937545,-695001881,15128
95271461,179115623,-697459831,13592
98018876,179473630,-698634324,13996
100941537,181059950,-700117892,13384
102962845,182871724,-701281074,12484
104511355,183715669,-702242987,14448
106811612,185152213,-703354368,11876
108591504,186822059,-704460628,14608
108099453,187399827,-705618180,14140
106212514,186037389,-704904551,13952
102886222,184272737,-703588717,13668
100479382,181625226,-702304354,11460
99637592,179900396,-701048462,14032
97551358,179359337,-699853860,12440
95634413,177627552,-698750218,13676
94716672,177760408,-698722879,13308
93845421,177896152,-698921675,13428
92856696,177744507,-698728568,13292
92575469,178190545,-698232936,11024
93512062,180276302,-698010598,18276
94863136,182939075,-698826567,11128
97295704,186218995,-699955822,15224
97996324,188098310,-700648919,14672
98920216,189883048,-701423667,15892
99916747,191041101,-701025360,13532
100814079,191609299,-701527676,13188
101251545,191126671,-702105277,13084
101264672,189700212,-702425485,13104
98329589,188412684,-701347813,11144
97019803,186148766,-700103852,14196
95855126,185803878,-699332367,12480
93912920,185059437,-697901136,14040
90351856,184038980,-696510307,13784
88853764,183626395,-695633637,11952
87429560,183704493,-694907593,13484
86747343,183985151,-694767611,13488
86308696,184176061,-694636122,13460
86986393,184457118,-693926383,13340
89818545,185415768,-694756126,13836
93011562,187501551,-695693002,11120
95290722,188890303,-696565698,10064
96678095,189914396,-697066592,14216
97502449,190253781,-697161169,14068
98486582,190615684,-697257568,13396
99676449,191107432,-697483965,13124
100904609,191746674,-697872940,13616
#!,zero-counter: 28
105963909,190379965,-704979043,13548
106094274,189860726,-704093957,16152
106905153,188883417,-702134540,18588
109974825,188495405,-699771729,18144
115011677,188465851,-696850668,16920
121237202,189007465,-692802153,13072
126653006,189645016,-688770241,10596
130126888,189826827,-685878271,8064
131372230,189494487,-684692448,8176
130605226,188755897,-685228352,8188
128699570,187555070,-687362208,9436
126371573,186179751,-690709000,11096
124719819,184974953,-694884580,12412
124619117,184258597,-699600358,13292
126255805,184646406,-704560965,13760
129097604,186212075,-709271655,13176
132243973,188256464,-713465754,12484
134665703,190382329,-716980540,12060
136265162,192321400,-719948599,11960
137232035,193913702,-722783797,11844
137609855,194891274,-725914544,12176
137409263,195279101,-729750229,13780
136780431,195139315,-734240828,14824
135892176,194791888,-738763139,15524
135356641,194471373,-742904005,15080
135180616,194335047,-746333883,15076
135008036,194355296,-749156609,14364
134455749,194306950,-751617498,14196
133800457,194193286,-753859035,13536
132708838,193910640,-755837967,13828
131361357,193317781,-757375992,14688
129730310,192463025,-758590404,14948
128297416,191596266,-759359386,15360
127221101,190588287,-759828863,15520
125523763,186871015,-757208692,14276
125285385,186363471,-756618019,14240
124989765,185765331,-756048399,13948
124600249,185079268,-755610045,13544
123993834,184355306,-755460913,13424
123131709,183639460,-755683139,13220
122003767,183029599,-756166786,13352
120573106,182533075,-756825495,13352
118917455,182057405,-757698654,13508
117016257,181518505,-758650997,14108
115132994,180944760,-759477092,14464
113398686,180264503,-760163799,14720
111813785,179448704,-760707136,15116
110391683,178533374,-761141691,14820
108969662,177551515,-761402711,14356
107485015,176689401,-761503064,14072
106105119,175972805,-761841841,13768
104504184,175523787,-762495973,13424
102730954,175102017,-763522020,13652
100900081,174536969,-764676276,15548
100226403,174056090,-765043687,14740
100913331,174009672,-764941598,14772
103386183,177062910,-765445557,18108
105525683,180390189,-765786099,14952
106791204,183060539,-766200857,14336
107239368,185792505,-766467431,16900
107707367,187763898,-766453603,16336
108033128,189798476,-766603017,16552
108139959,190462139,-765672249,15004
108767004,191293475,-764991007,14324
109782765,191810196,-764653921,14496
110414801,191406223,-764347657,15088
108870275,189136102,-762454540,13016
107580616,185910697,-759856624,11124
105281625,183573012,-756903526,12216
103800684,180925502,-754077582,13884
101908118,178840055,-751593529,13504
100874293,177086097,-748267824,14876
102112239,178117803,-748273742,12956
104817164,181339217,-748857105,15160
105494272,183529304,-749715653,12168
106448759,184666009,-750886580,13640
107177601,185839363,-751074417,11676
107591725,186654066,-751030175,15372
109472345,187064948,-750297036,14320
110400834,187128155,-750274378,14348
111196717,186104382,-749854297,14972
110800272,185391749,-748908134,13960
109064229,183638183,-746500754,10764
108041121,181127235,-744317103,15288
106814552,180791139,-742404721,12412
103305038,177798062,-739048043,10764
101672006,175897545,-737182625,12388
101280647,175419912,-736740208,14168
101003768,175795131,-735626551,14252
101307245,176953505,-735011600,13952
104595609,180534607,-735487027,14656
106841846,185497656,-737091939,21572
107546719,187360535,-737695543,15844
106394042,188531092,-737718054,15220
107357407,189957120,-736897624,14116
107935250,190543804,-736823839,13868
#!,zero-counter: 42
107850098,193029303,-732755645,14872
107400765,193005864,-731486401,16180
107654146,192906425,-729396778,16724
108844642,192949186,-726794012,16324
110621921,193081588,-723952314,15080
112546156,193210171,-721059728,13588
114221805,193315443,-718470690,12280
115455770,193342369,-716372170,11612
116032598,193303028,-714847202,11384
115812258,193119862,-713840561,11508
114754561,192572041,-713402095,11532
113128283,191953587,-713291020,12420
111363158,191093416,-713476712,12752
109485405,190105714,-714090989,13312
107516414,189126747,-714900200,14388
105684454,188286500,-715637059,14788
104028950,187413069,-716357750,14868
102559328,186472931,-716893836,14296
101249502,185445481,-717239491,13936
99955633,184263544,-717445381,13608
98699881,183167498,-717660953,13484
97445887,182205726,-717995565,13388
96067662,181358846,-718412981,14348
94914040,180617011,-719267744,14168
95755663,178558497,-721539251,14716
96376766,179389933,-721741661,14196
98732019,181199456,-722417234,12856
101365144,184822129,-723307170,15836
102815030,187530122,-724213944,17184
103355627,188479631,-724624465,12792
105151627,190241250,-725399300,13692
107425996,192992679,-726519970,14288
107767189,194398658,-726858067,14412
108284326,194851119,-726631087,13904
109002480,193271629,-727636304,14772
108406448,191963503,-727471426,13000
107841939,189609487,-726857451,14604
105436343,187462217,-725657662,15444
104479021,185114281,-723637684,13252
103947182,183752937,-722498289,14200
102537391,182109094,-720973253,12424
100718349,180576552,-719140605,13292
99704097,180363069,-718529574,13588
98074978,180415224,-718493118,13700
97998005,180781367,-717809850,13160
99094370,182291508,-717196998,13128
100698282,184926990,-717829681,20424
102249636,187134029,-718937198,12472
104549800,189645922,-720231378,12228
105460866,191999001,-720843796,13716
105794872,192787689,-720547297,13612
106730465,193266455,-720584794,13668
107622638,193399973,-720971848,13608
108514476,193395265,-721610520,14040
109415034,193185814,-722204228,13988
109725967,191598496,-722061385,14688
109353230,189916823,-721390289,14240
107829302,187312862,-719346690,11912
103405701,184966802,-716365445,19368
100545534,183125078,-714469924,16252
97635865,181911279,-712748313,11400
95285884,180055912,-710766785,12508
94812015,179589418,-710396013,14228
93855285,180339735,-710487611,13512
93042454,180171875,-710299029,13648
92180051,180492942,-709962520,13628
91977942,181028536,-709208727,14452
92648018,181732645,-708479505,11268
94677370,184172979,-708074982,15948
97888558,187887558,-709130579,17780
97741777,189598112,-709679131,18444
99352382,190669211,-709891388,13780
104086624,194800906,-711873518,13056
105002812,197522796,-712824942,17044
105678943,197168822,-713160727,13320
#!,zero-counter: 58
107765938,196984569,-715293058,13916
107223155,197194462,-713780930,14868
106943974,197166776,-711427243,15540
107341376,197313073,-709038240,14936
108037336,197286172,-706907025,14160
108515028,196877658,-704669207,13520
108522292,196155320,-702328935,12896
107942700,194956644,-700148083,12432
106575031,193447592,-698237026,11700
104708486,191680614,-696478162,11868
102266047,190037992,-695037624,10764
99991569,188613561,-694323727,11168
97861869,187833358,-694661834,11516
95642234,187402919,-695870117,11888
92953833,186843604,-697586895,12280
90132077,186088947,-699471709,22928
88033909,185451285,-701267900,14332
88018037,184800654,-702294148,13832
90541584,184638544,-703936297,12400
92998818,186972529,-705093423,14532
97397576,191809993,-707228678,6884
98876565,194947302,-708386856,13820
98195646,195418961,-708515674,14084
99532958,196787548,-708737969,13604
99986094,197911482,-709053065,13564
101490539,197783503,-710322159,13404
100789915,196699932,-710705555,13020
98672648,195263691,-709353152,14036
96965981,194506215,-707874411,12504
94973122,192726386,-706035280,13088
91699608,191050041,-703438726,11568
89119759,189090913,-700980370,9700
85839801,188050892,-699364785,16384
85327204,187590205,-698840544,12712
83584393,187885758,-698693657,13164
82954245,187829524,-698235883,12728
83876200,188452828,-697888084,13144
86226252,190113421,-698524349,11372
89588182,192635868,-700581078,18056
91070730,194694254,-701998121,12408
93052788,195083523,-702869350,12740
93444819,196984871,-703347285,13972
94668316,197665162,-703318403,13404
95751368,197950694,-703675869,13304
96544363,198116504,-704303525,13268
96202828,197125014,-704559334,13964
95557293,196440842,-704136315,13972
94213008,195286425,-703418384,13068
90807253,193756764,-701216614,14452
88616097,192897968,-699431772,14864
84639856,193312598,-697804918,14844
81185105,192406551,-695330881,13360
79113679,191935931,-694124384,14068
78591278,194200035,-693543328,10616
81459898,195330888,-694675601,13908
83714614,196997014,-695825467,16648
83627091,198332812,-695855589,14948
84012491,198483076,-695506589,13212
85346012,199079364,-695555466,13344
88036477,200226293,-696460115,12552
90491721,202864519,-697925784,18968
90020756,202394982,-698265950,13852
#!,zero-counter: 75
92092225,199645347,-703510149,13212
90433103,198382927,-702653962,14752
89256098,197590843,-701886327,13600
87701327,196653670,-700712191,14088
86380898,195850111,-699005839,15412
86070288,195521953,-696778372,15308
86206475,195553637,-693972179,14380
86374818,195426408,-690956390,13432
86097987,195237794,-687795238,11776
85398086,195027591,-685021984,10356
83758426,194752822,-683021771,9844
81481861,194292566,-682138476,9972
79130749,193967408,-682340534,10464
76719786,193995817,-683415366,10608
73799825,193861513,-685427548,10732
70591805,193482435,-688034869,11280
67917776,193226913,-690862948,18336
68253370,192485268,-692021818,14364
69489954,192396038,-692217400,12896
71670096,192870734,-692932620,14448
74392521,194365827,-694112830,15104
77493212,196599019,-695529434,15972
80419564,198944232,-696931982,13116
82925604,200769430,-698212230,17100
82170812,201318643,-698132437,13208
82270900,201096879,-697750648,13532
82629410,201844115,-697531077,13332
83160450,202306761,-697397395,12944
83652602,202774837,-697757938,13108
84339945,202995904,-698442747,13152
84790454,203061679,-699142610,12864
83955919,202492286,-699246344,13220
82928095,201265346,-699013625,12776
80729068,199511403,-698165976,14376
76078772,198629750,-695998061,15088
72630714,197919054,-693781193,14960
69505489,197693174,-692461105,13512
67660832,197967586,-691954649,12352
66779278,197913238,-691848970,14060
65936278,198461089,-691929547,13260
65271724,198445385,-691723668,12912
64426156,198510870,-691264849,12476
65044571,199133382,-690440072,9676
66354770,200656423,-690618439,13792
67244490,202190806,-690888228,14764
68701777,203622480,-691505453,13148
70595653,206224189,-692185480,13712
70424843,207257861,-692050970,13260
71115939,208296187,-691920956,12916
71828097,209265539,-691848680,12800
73219996,209366762,-692165434,12840
74245164,209398924,-692847665,12932
74137113,208462239,-693212255,15112
72918902,206428465,-692670636,12776
72171881,205481968,-692292423,15148
68457119,204592621,-690713608,10392
65689689,203927128,-689286533,13968
62673570,204164799,-688370953,13640
60435157,203072242,-687529758,12832
56928906,203099615,-686564569,13412
55735603,203014850,-686023805,12864
54788608,203412618,-686232451,12940
54148845,203379504,-686088914,11752
53700364,203547828,-685909817,14080
53769179,203731052,-685135854,11800
57028508,204894955,-685677515,15268
60184405,206337067,-686354736,14956
63457498,208087162,-687686394,14772
65807578,210212087,-687840749,12964
68365511,211055303,-688305187,11140
69107160,212285519,-688692882,14636
#!,zero-counter: 146
72367976,210624682,-698017690,13120
73044431,211264290,-697934543,13008
73924656,211680700,-698208908,13304
75590086,212273365,-698521987,14016
78691353,213126801,-698681293,14304
82527440,213764669,-699247358,15348
86663822,213487355,-700794612,13996
90304387,212475057,-702907986,14532
93353695,210592092,-705395308,15184
95935155,208701407,-707531096,14476
98755878,206722706,-709358921,13636
101702056,204593753,-711371097,12804
104521996,202633757,-714148125,11576
107367483,201283913,-717640217,10936
110474347,200893149,-722030100,10068
113694662,201422544,-727394471,9540
116560265,202835777,-733486322,9856
118492429,205140946,-739663533,11612
119900051,208076519,-745011282,12164
120956810,211139870,-749098480,13260
121550757,214056532,-751837249,13664
122139701,216468737,-753516340,13688
122737076,218391846,-754651565,13512
122756464,219588638,-755396996,13940
122262596,219923895,-756121460,14248
121532920,219675331,-757104717,13944
120861267,218975753,-758485745,14088
120278598,217980951,-760120502,13904
119147502,216767441,-762136274,14796
117280787,215525635,-764355698,15372
114984738,214366617,-766395343,15816
112558032,213160485,-768187024,16156
110153037,211845585,-769647603,16632
105008215,206797498,-769519486,14380
104424380,206394719,-769178805,14200
103998002,205899014,-768896793,13760
103683049,205238786,-768714875,13260
103280259,204585005,-768518957,12980
102646627,203975370,-768511974,12928
101788886,203361445,-768884547,13276
100703261,202742029,-769628457,13844
99249141,201962853,-770445915,13628
97385763,200909671,-771150201,14376
95646007,200003134,-771910986,15024
93960988,199230667,-772528852,15636
92444137,198030011,-772738996,15740
91182533,196978307,-772830280,17816
90863034,196009396,-772596076,15016
90610975,194825492,-772024464,14644
90078892,193593559,-771535707,14568
89750241,191657503,-771016586,14764
90565035,191487792,-769726150,12152
92649072,193757378,-769611654,17168
95156460,196395138,-770455322,13256
96578618,198627743,-770599506,15356
97803307,200345949,-770842156,15404
98099590,201949735,-770582918,15660
98565741,203090799,-769399773,14416
99278843,203575003,-769018557,14596
99999011,203919246,-768780852,14452
100565918,202274624,-767570306,15192
99000378,200568575,-765791936,12156
96511457,197280021,-762835805,9836
95415384,194205021,-760442378,11332
93875772,191746332,-757263221,12704
93525651,190661508,-755949762,14148
92120926,190892247,-755185120,14464
91038784,191166196,-754437170,13972
90931124,192014780,-753549366,13344
91579026,193876959,-752695982,14288
93953309,196658156,-752505304,10924
96796707,200096568,-753395195,14736
97713444,202876869,-754519906,14360
98083691,204299013,-754453884,14588
98899169,205171786,-754038250,14512
100031829,205703916,-753884225,14148
101099015,206116074,-753756109,14464
101480777,205582680,-753213122,14788
100909136,204260354,-751822037,14288
98057099,202448576,-748583039,14380
96267957,200332999,-745850981,14940
95787825,198470216,-744883447,15212
93891340,196503869,-742893056,12740
92285401,194775216,-740860211,14476
91344826,195787227,-740937784,13740
90710647,195424372,-740559686,14332
92172040,197732196,-739810008,15248
93445118,199328593,-739644352,12256
93594559,200185406,-739745686,14036
94943081,201583045,-739824098,15260
97221265,203834285,-740313153,18916
97702603,205591251,-740681624,16300
98187536,206547055,-740629048,14484
#!,zero-counter: 84
99245483,207488935,-736959890,14260
98942555,208342907,-736368567,14372
98688257,209474903,-735515802,14364
98527472,210719016,-734630229,14268
98639706,211616979,-733316763,15768
98935451,211506927,-731112939,16316
99397056,210642553,-728745747,15992
100351436,210039499,-726518085,13508
101336560,210112111,-724098798,13348
102003890,210119470,-721712321,13180
102240999,209915895,-719645989,12712
102051637,209598283,-717929687,12548
101098220,208944752,-716440040,11692
99100810,208141280,-714958399,12120
96584525,206978932,-714056932,12468
93768891,205579909,-713756283,12640
90742835,204089454,-713904674,12272
87618628,202562921,-714562640,13528
84710292,201139537,-715760256,19020
84603553,199331799,-717355807,14536
85029545,198206717,-718472043,13528
87390373,198185856,-719623467,11244
89837890,201594085,-720853541,14732
91400351,203391931,-722517846,15296
92921895,204645409,-723615932,7952
95012057,207810104,-724897382,16840
95939013,209390937,-724888245,15740
96625099,210938003,-725155603,15776
97143416,211784908,-725272050,14292
97725486,212165390,-725158590,13836
98575094,212602812,-725314175,13664
98886634,211629133,-725682139,14284
97086097,209934758,-724781385,15988
95348257,207153688,-723894537,15176
94187129,206062675,-722417303,14084
91475188,203240861,-720309803,9148
88770606,199504565,-717032813,9048
87048442,197401554,-714982535,11552
86205346,197055861,-714011451,14372
85333190,197249264,-714567670,13856
84759303,196857922,-714648956,13684
85237567,198374850,-713716277,12856
88179064,200322820,-714353207,17316
90789200,203428740,-715332295,15848
93324269,205498695,-716825450,16480
94296610,207575871,-718100727,16032
95025469,208487846,-718271561,15552
96120518,209345439,-718064418,13652
97121556,209727866,-718348532,13632
98036476,209836960,-718827762,13584
98430214,208501044,-719029717,14072
97840103,207448776,-718092782,13512
96137254,206065515,-715479670,12392
95108160,204580136,-713481988,11896
91999534,203121560,-711195483,15904
88645499,201333179,-708771887,13260
88428397,200401587,-708283798,14624
88410153,200479209,-708878463,13752
88594054,201881726,-708623204,14080
89305177,202960525,-709187706,14316
92334874,205245374,-710025872,11136
94939501,208413011,-711031100,15872
96751434,210566445,-711871112,19352
96850175,211434069,-712144140,14996
97594163,211876190,-712055123,13776
98599996,212325086,-712197615,13380
#!,zero-counter: 110
100828947,209562129,-717889826,13948
100679216,210361877,-717321054,13992
100537343,211221036,-716481286,14476
100910786,211999960,-715458521,16260
102234533,212449889,-713467087,15672
103580697,212112645,-710707301,14616
104891674,211712853,-707959216,12892
105785514,211517497,-705438646,11772
105487816,211020615,-703182650,11104
103937045,210238092,-701181279,11352
101277631,209219019,-699508139,11052
97924905,208015649,-698268490,11868
94258036,206923647,-697471646,11292
90420884,205924409,-697315825,10868
86497778,204752623,-698273910,10996
82694667,203789467,-700098457,23408
79794540,203184034,-702370933,14716
79657625,202605875,-703104522,14580
81572203,201695313,-703878657,12820
83395619,203134097,-704313186,13656
85656006,204588023,-705060644,13472
88349364,206499111,-706044403,11772
89992811,208448722,-706760736,12660
90912655,209817963,-706844597,14156
91930467,210971191,-706776492,15168
92705050,212280954,-706787337,13780
92625209,214215174,-705939244,13324
90190945,212495970,-704811917,13304
87929828,210973591,-703933077,12792
85109470,208844861,-702880545,14852
82237929,206617292,-701669721,13284
79441698,204827157,-700497433,13824
78282879,203560023,-700167208,13340
77199228,203668713,-700661371,13588
76012829,203295188,-700619443,13380
75326298,203366230,-700346768,10580
76585029,204319766,-700164461,12996
78589951,206009635,-700568970,14608
80852974,208322936,-701269624,10180
82467825,211481291,-702003046,11844
82805524,212960363,-701963252,13084
82862455,214484375,-701850342,14200
83660048,215364310,-701467032,13532
84993276,216471254,-701510412,12956
85950361,216787592,-701870398,12996
84545100,216009744,-701313850,13308
81903982,214165465,-700274745,13392
81248553,211888426,-700019296,12184
78832327,209432070,-698766974,12852
75356043,208053969,-697524811,13836
74434215,206875777,-696989518,13988
73901325,207068467,-697582693,13412
73079636,206881905,-697673399,13212
72353755,206925439,-697383298,12692
72924304,207239097,-696859774,13620
73311070,208038978,-696446217,13496
74103116,208727331,-696269926,8092
77787577,210904688,-696580819,9220
81529544,214266889,-697963326,13128
81478511,216780990,-698223414,12824
83990937,219637878,-698381054,14676
84459328,220623625,-699239303,13108
83505427,220827442,-699211491,13292
82515973,221129470,-698922141,13288
81657465,221365077,-698658519,13272
81041934,221507056,-698455096,13240
#!,zero-counter: 79
85108109,223262153,-702318004,14204
85078706,223275090,-700660596,16048
85535417,222820947,-697935847,15108
86654316,222479322,-694957165,13412
87479375,222402225,-692036674,12284
87835861,222393373,-689569940,11936
87738600,222404690,-687593841,11456
87089749,222281587,-686142946,10996
85631443,221998262,-685253234,10604
83177386,221571923,-684876175,10372
79572307,221255420,-684620427,10924
75552924,220691527,-684459099,10956
71184319,220079151,-684684439,10908
67457649,219623975,-685271182,11980
64463491,219199331,-687036759,12344
61923666,218792310,-689400840,14440
61822806,217525032,-690613684,13620
62400578,216466570,-691382183,13364
63917463,215631922,-691734257,12680
64580367,216307563,-692004683,13592
66100578,217024487,-692425874,10884
69131022,218934857,-693260957,13080
69822745,220528952,-693656884,15564
69120648,220660514,-693497862,13732
69905250,222917319,-693506509,12668
68868411,222372269,-693098319,12740
65709672,221924405,-691816704,12408
62452618,221094134,-690376765,16168
60682774,220238842,-689718187,13508
58629952,219577708,-688909411,11732
55112288,218712891,-687571400,12132
53058046,218117952,-686604131,12416
52568826,217730151,-686480431,13236
50966100,217547044,-686529952,12468
50214608,217723382,-686143747,11768
50594779,218187002,-685718122,12228
52513727,219242210,-686004902,12128
55974015,221601605,-687279381,13680
56067512,223395811,-687585159,14616
56576183,224206973,-687660501,14412
56765020,224974828,-687403378,13220
57789230,225416226,-687344643,12484
58654069,225829537,-687702195,12728
58025118,225408280,-687941718,11780
55806921,223496414,-686590645,8188
53047958,222441424,-685484449,12308
50202968,221528733,-684600354,13172
47209800,221857559,-683572878,13628
44668719,221897697,-682739041,12744
42826377,222181524,-682016769,12416
41123392,222932816,-681485584,13756
40329160,223369579,-681489022,13080
39808050,223645218,-681310966,13000
39467662,223989604,-681176900,12780
41076015,225157182,-681314632,12956
43962134,226072560,-682048645,12592
46912971,227557771,-682606633,16516
47441153,228506840,-683016079,12752
48851687,229151833,-683191666,13352
49802317,230440718,-682889842,11696
50186978,231140846,-682955493,12360
#!,zero-counter: 54
60963716,228876899,-690236230,13052
61421543,229721966,-689911659,13180
62651727,230670409,-689844202,13612
64530376,231800056,-689706218,14372
66095322,232293801,-688712253,15024
68209841,231850230,-686684758,14660
70545555,231656600,-684557775,13124
73164841,231692018,-682604849,13324
76242355,231902640,-680613731,13036
79501940,232237774,-678612725,13112
82942723,232451430,-676823778,13440
86727374,232611287,-674900589,11908
90257691,232297825,-673482023,12076
94067954,231756860,-672469948,10916
98511961,230928916,-672265557,9432
102926209,230189173,-673325330,8384
107144185,229795078,-675616627,8736
110983089,229892369,-679057451,9292
114324758,230723413,-683354029,10132
117276156,232150243,-688198199,11512
119932439,233831485,-693418005,12556
122690473,235396890,-698956595,12628
125467051,236795283,-704428186,12696
127755015,237673993,-709535203,12536
129163768,237727628,-714325066,12884
129730452,237015464,-719260949,12752
129691303,236151081,-724379759,12876
129309898,235290746,-729519531,13024
128994702,234475533,-734288884,13572
128848265,233880399,-738737750,13152
128446427,233603260,-742953160,13600
127473268,233396389,-746872728,14036
126211999,232919150,-750458722,14276
124507252,232062798,-753694910,14268
122545131,230723136,-756551818,14856
120437537,229059676,-758773598,15268
118425242,227268838,-760271955,14976
116612547,225746096,-760788251,13904
115767471,224023746,-760745725,13528
115561658,222370985,-760476153,13340
115517303,221243792,-759967715,13268
115080591,220762870,-759089709,13788
114366794,220546537,-758014788,14104
113525032,220471113,-757161489,14096
112526212,220503896,-756454235,13884
111372082,220322092,-755778667,13200
110022132,219793956,-755186937,12520
108470449,218951996,-754776150,11836
106732377,217715631,-754520472,11696
104874731,216234469,-754393301,11496
102562420,214576608,-754513929,23728
99737393,212862108,-754997207,14636
96502666,211087293,-756088688,14480
89923593,203335453,-760752284,14072
92639484,205839393,-759225925,12628
96919402,210132305,-759894692,11072
99741170,214656694,-761336955,11192
99639669,216938841,-761457349,17380
100081760,218981832,-761424672,15812
101297735,220989300,-761783879,12524
102790657,222233582,-761898114,14596
103385334,222531803,-761408044,14356
104515917,222808219,-761230756,13804
105500584,222924393,-761361709,14080
104346912,220341057,-759571976,14164
103053047,218737834,-757414727,13720
101169669,216781082,-754855412,13332
98233283,215556474,-751571486,19936
97316763,213990010,-749225205,14012
95561089,212479092,-747423862,14428
94333872,211697762,-746105684,13392
93656156,211440662,-746139980,14352
92382879,211152301,-745790759,13984
90987597,211329212,-745107236,13752
90887905,212113187,-744463673,14148
92424779,214701691,-744100210,15116
94328858,217351090,-744821696,12628
94935729,219765424,-744857043,16100
94727786,220834176,-744413644,14828
95106204,222214088,-743785457,14356
95961666,223163495,-743211111,13860
96953067,224063283,-742887131,13636
97578691,224483060,-742546159,14512
96958616,223441502,-741653465,16232
95046396,221955525,-739914258,14172
93627502,220274363,-738421558,12696
92274378,218613070,-737171054,13376
89902428,216348633,-734443456,13056
86713446,214974007,-731573494,12856
85433255,214106996,-730103317,14060
84628924,214367408,-730206291,13412
83570924,214464418,-729273942,13136
84479534,214996763,-728738288,13136
87383337,216905235,-728573013,11268
89944301,219642135,-729275821,12984
90625651,221159666,-729754478,13576
91059740,221899019,-729834613,12324
95026362,224694158,-730797986,14356
#!,zero-counter: 78
97069146,229805258,-725910271,14876
97468577,230793743,-724722799,17244
98582388,231379455,-722156030,18228
100319325,230602976,-718597739,16120
101733400,229670763,-714217966,13388
103306624,229135113,-709987330,12060
103933125,229451971,-705721295,11488
103751423,229580746,-701630413,10540
102230911,229692802,-698047404,10680
100395550,229341290,-695314342,10132
98483402,228761822,-693623150,10276
95799297,228124218,-693023896,10564
92035772,227431645,-693051861,11088
88195934,226343704,-693644832,11464
83875867,225117673,-694879116,11596
80019652,223629500,-696766155,12352
76850611,222304601,-699207181,12832
73825756,221073382,-702099408,13736
70897292,219842691,-705285649,14196
71189789,218060548,-707367524,14768
71595165,216778584,-708478347,13140
72316745,216087428,-709100779,13492
73125679,215634335,-709268034,12756
74665400,216097119,-709580755,11856
77446096,217726437,-710652964,11816
80782246,220441206,-712278860,13504
83784758,222937066,-714398619,15264
85697703,224578509,-715519861,14676
87160838,226136779,-715935805,14444
91625966,228889172,-717488131,13776
90701308,227186495,-717007875,14432
88621404,225621060,-715972752,13188
86697499,223894890,-714392119,15280
86120395,222424075,-713538182,12020
83515980,221547581,-711608319,14384
79950738,219696958,-709319126,15540
78084447,218337916,-708134338,13336
76380057,218165946,-708750836,13644
75492905,217909337,-708605995,13664
74934830,217950154,-708221513,11920
75870495,218869886,-707290654,15600
77451337,219999698,-707421021,15612
80638265,221742428,-708835704,11576
84351509,224915390,-710136616,10988
85856232,228594071,-711312023,15480
86291142,229266216,-711048683,16188
86727154,229961494,-710629405,13852
88269586,230680817,-710415503,13088
89370151,231378175,-710572295,13052
88833019,230847882,-710319705,13268
86914732,229695056,-709061255,10180
85273785,228283838,-707563456,12452
82413691,227099115,-706234018,13468
80152195,226404591,-705360603,14472
76394936,226047308,-703843695,16784
71409732,224726014,-701374354,10620
67717766,223697863,-698701744,15508
65769945,224321097,-697613878,13648
65205964,224553006,-697713060,13508
69540400,224872066,-698009434,12772
72313023,227596869,-698698709,15988
74657064,229744860,-700282111,16492
74746293,231110630,-700595886,15256
75450821,232041756,-700611362,14320
76415455,232924520,-700569704,13144
#!,zero-counter: 91
79148307,234935566,-705845730,14276
78409371,234900320,-704670833,15400
77877231,234021884,-702223547,15504
78101831,233487676,-699126148,13684
78507421,233683186,-695996855,12612
78537400,233953779,-692998309,11632
77544850,234131113,-690217631,11260
75767142,234347138,-687665416,11340
73939234,234240827,-685975044,10804
71650734,234135001,-685321632,10808
68677440,234258780,-685230240,11260
65527629,234045410,-685608739,11556
62045845,233519187,-686502329,11480
58028472,233010174,-687827996,12264
55247839,232227998,-689585532,13580
55650335,231471657,-690438957,13184
56353272,230601339,-691293721,13580
57221853,230237679,-691636628,12720
57305469,229880989,-691743584,13080
57772515,229435818,-692813246,13064
59565238,229667981,-693858664,13428
62245746,231537448,-695283547,12436
64952602,232170812,-696687400,11620
66000499,232951152,-697148786,12904
68787658,233848974,-697993343,15496
70401442,235373350,-698548616,11948
70773654,236225502,-698652650,13600
72572708,236898606,-699313219,13128
69695453,235179151,-698199244,14752
67304710,234239044,-696981960,13296
63345072,232365081,-695533843,13324
59901746,229820525,-693654049,12092
56424002,227743629,-692122201,15528
54451652,226525951,-691430128,12136
53141369,226583504,-691502417,14324
51962636,226563113,-691994068,13524
51145016,226453988,-691829732,13340
50504251,226387232,-691312279,12848
50714608,226512621,-690638564,13120
50358644,226506726,-690127528,13268
51712460,226501373,-689797047,12008
55927261,228891293,-690304460,10284
60730664,232479497,-692185775,11656
61824679,234428969,-693449222,12308
61398851,234785838,-693311857,14524
65028393,235375317,-694782845,12816
65739223,235126942,-695280440,12924
62751551,233859991,-694208858,12536
58019965,231740673,-690900024,12784
55855947,230991423,-689504070,15100
52126548,231237535,-688597888,13620
47797569,229772485,-687058250,14396
46475200,230430908,-687664439,13112
45525439,230693213,-686968327,12504
45427408,230960913,-686525002,12632
47226022,231952505,-686136350,13564
47220432,232899306,-686147019,13564
48999759,233934839,-686402343,14836
52315560,235495213,-687080608,11416
53503394,237746244,-688213190,18324
54256663,238458492,-688453483,13860
54779923,239735165,-688658883,13064
57365349,241038727,-689468067,14008
56649376,241455339,-689418777,13884
#!,zero-counter: 75
67950843,238106142,-702829846,13040
68596683,238114279,-703673079,13256
68881579,237890480,-704770689,13376
68733727,237173781,-706067734,14072
68425822,236279188,-707427902,14188
69313445,235574347,-708625654,15380
71848999,235388709,-709159391,14560
75543030,235034709,-709756034,13812
79554946,234216937,-710970256,12312
82907132,233598444,-712661517,11668
85877377,233207328,-714727589,11300
88419007,233075657,-717296666,11852
90488206,233003003,-720246385,12396
92189837,232995045,-723003400,12788
93747651,233081623,-725369705,12448
95321970,233418770,-727385744,11960
96934442,233964187,-729402981,11300
98453289,234617246,-731782463,11260
99419576,235364881,-734455856,12188
100020100,235917736,-737349456,12760
100442790,236137128,-740389114,13236
100290106,236066525,-743240996,12692
99488655,235599705,-745810050,13912
98673913,235138347,-747996562,14504
98054612,234925664,-750081186,14624
97258869,234988789,-751933219,14964
96307113,234953542,-753366711,14892
95117468,234821255,-754372607,14716
94623205,233061728,-753822379,14444
94334016,232773468,-752914374,14564
93876237,232373407,-751824421,14400
93258655,231885752,-750815268,13856
92443462,231412945,-750160353,13100
91227106,230919516,-749696639,12676
89645323,230377089,-749519281,12248
87279488,229645050,-749725128,11952
84015676,228525651,-750239905,12424
80055516,227150461,-751048893,13084
77173816,225935661,-752139607,30808
76740069,225164440,-753280315,13728
77362967,223902668,-753718395,14620
76765541,223576247,-752629689,13796
78073566,224764153,-751779199,12008
80637944,227804467,-751560424,11380
82438872,231140574,-751799253,15700
82901725,233340877,-751782458,15432
82799637,234478122,-751324376,14612
84292142,236314560,-751094745,15308
85239865,238800364,-751321188,15424
85124068,239959118,-750834595,15084
85910668,241630960,-749538924,14064
86782491,242603285,-749100353,13916
87442141,243314110,-748636439,13952
86361103,242920988,-747406896,14572
84882459,240558533,-745548015,10816
82582676,238053439,-743308652,15964
79774763,235685834,-741058825,15864
76970299,233662261,-738233584,16288
74363715,231578614,-736007880,19264
72665800,231550452,-736083681,13984
71587345,231388458,-735591051,13444
72538426,232335865,-734631971,9612
74053251,233669959,-734097206,18836
74822077,234817923,-734039753,14284
79764620,237691634,-735241187,16560
82673607,242193098,-737069108,13804
83025157,243006836,-737731016,16012
84028492,243570520,-737994310,14056
85038476,243741154,-738067912,13672
85917982,243974867,-738233684,13700
86779063,244110945,-738448666,13640
87012601,242944358,-738316965,13804
85589708,240894084,-737141716,13924
84091154,238961071,-735778377,14632
82180595,238250107,-733678896,13852
78860265,236628152,-730753894,10132
75423572,234378028,-728117302,17284
73218766,235111754,-726457129,10680
70486211,234375675,-724005194,15436
70615041,234866592,-722822172,13500
71614753,235628086,-722598423,13728
73916979,236766318,-723207863,17748
76523000,239710785,-723995988,10800
79813628,242572059,-725639739,12848
80088984,245087692,-726167515,16316
79679398,244695575,-725859911,14260
80334240,245270078,-725593126,13396
81141289,245677409,-725352140,13544
81840894,245979649,-725335414,13416
#!,zero-counter: 85
82007205,248437205,-719657967,15512
82609794,247761161,-718005588,14976
83416722,246750468,-716057366,14764
84273620,246024775,-714024905,13612
85164173,245358181,-712044903,12820
85581810,244781836,-710188671,12712
85636932,244150231,-708620784,12300
85445967,243601494,-707398294,11692
84658903,243076344,-706594866,11316
83440809,242358355,-706287927,11692
81796263,241477026,-706257723,11900
79503071,240177269,-706433158,11992
76607525,238338812,-706710982,11484
73111819,236271600,-707253852,11536
69329910,234219755,-708240551,11244
66291488,232646783,-709686423,25612
65637056,232262062,-710798778,14804
65561533,230844772,-711495369,13784
65392800,230603899,-711362249,13816
65511510,230782896,-710808635,12632
66074718,231626934,-710511897,12504
68977193,234233570,-710827599,13192
72442519,237583812,-712622409,16892
73970237,240798845,-713749626,14224
74845918,242064867,-714333108,12584
75290951,243333970,-714972845,12912
78006939,245034481,-716127522,13768
78993496,246624404,-716881246,13400
80482622,247055862,-717400617,13388
80894283,247098210,-717911761,13468
79984867,245451596,-717558392,13360
78535401,244349619,-716134794,12944
75240065,242072965,-714147669,10648
72751097,240743615,-711902267,15240
69561724,240182231,-709333118,12184
64921886,239266554,-706398431,14176
62204677,237852266,-704568132,10664
60767545,238059021,-704614072,13376
60104964,237739198,-704434312,12648
59645697,238062176,-703831731,13292
60510737,238319123,-703413821,12180
61932486,239671877,-703544453,12060
64874675,242259174,-704948767,15436
66467445,244599588,-705859288,16552
68322773,246365917,-707354101,19132
68689669,247654640,-707843660,13672
69856352,248578025,-707543901,13332
71029819,248981813,-707858942,13084
72130136,249155017,-708684069,13108
72612208,248766969,-709332526,13140
72312437,247761163,-709567681,13328
71517156,246425761,-709091606,13444
71164553,245364077,-708419721,13120
69324461,244496912,-707259023,12964
69059408,244105096,-706105058,10740
67210618,243176015,-704441343,15900
63143865,242425680,-701867933,9724
61141155,240948451,-699552765,13748
60655404,240699015,-699067631,13264
59810021,240912767,-699119418,13008
59015742,240668059,-699210423,13588
58804480,240713477,-698401800,11416
59560279,242026058,-698577973,14092
61647251,243586283,-699102565,12836
65372099,246807694,-700962342,16344
67172480,249367985,-702169695,10328
67969251,250576440,-702555523,14252
69045776,251588342,-702278575,13192
#!,zero-counter: 61
71626057,251769975,-706610771,13620
71670790,252827377,-706084783,13568
71184911,253499876,-705164497,14852
70736013,253286289,-703269455,16096
71998823,253095362,-700705680,15716
74101723,253304198,-698190247,14472
76315876,253599254,-695583579,12816
78131207,253930441,-692830259,12716
79680816,254056517,-690238701,11828
80609044,253911629,-688122483,11224
80422902,253638170,-686350141,11080
79235045,253281260,-684784571,10836
77357506,252599513,-683747497,10424
74597985,251958720,-683345891,10160
72055864,251223722,-683475721,10656
69542039,250669876,-684075560,10856
66723546,250060836,-685150946,11260
63575726,249368686,-686451083,12260
60322791,248589568,-687656654,13076
57185486,247548121,-688906763,13248
54353519,246359439,-690306320,13440
52042811,245260214,-691772580,15068
50537627,244409209,-693205685,13556
52857045,242486237,-694376977,13680
55115348,243866996,-695268605,12948
57499138,245106309,-696686034,11412
59193555,246653540,-698058473,14940
60808183,246840084,-699185333,14436
61957090,247372482,-699704591,13580
65771856,249047205,-701563227,12280
67093669,252041813,-702627116,13664
67487862,252750263,-702749406,14024
68700340,253254653,-703862042,13060
68543368,252456334,-704246831,13012
65649994,251197958,-703144049,14816
63469297,250102676,-701863222,12832
61506882,249330561,-700238760,12372
59188714,248111182,-699369840,14316
56248535,247287076,-697893559,11776
52143464,246173271,-695319048,11192
48166557,245077723,-693585781,11404
46772108,244572480,-693053880,12816
45703524,244602752,-693444449,13420
44724061,244333660,-693514117,13124
43976957,244088101,-693139131,12736
44439854,244246806,-692437085,12408
45854335,245218881,-692171967,16732
49676758,246838933,-693348626,11960
54056393,249467689,-695091257,18052
56722565,251866160,-696588712,14884
57120384,253296158,-696879625,13272
57845401,253872347,-696622129,13152
59003468,254481302,-696741963,12772
60099416,254756152,-697388165,12544
60805273,254679940,-698172792,12736
61086853,253826716,-698667250,12300
60301881,252443331,-698465538,13032
58829525,251033589,-697645201,13056
57700373,249768547,-696647482,14016
56320724,248162133,-695800978,13660
53442763,247483304,-694278394,13664
50541003,246605689,-692836477,12672
48419596,245102204,-691658703,13340
45719778,244352463,-690280592,12780
45274471,243894638,-690443072,13108
44097663,244605493,-690916897,13012
43318298,244651607,-690823067,12860
42412302,245083047,-690340637,11424
42082220,245543585,-689745818,13384
42189222,246597407,-689405800,11984
43208904,247686287,-689484447,12292
45556579,249473650,-689673319,13420
47354269,251586322,-690138637,16632
49308496,252973330,-691069747,14512
#!,zero-counter: 61
64772299,252935917,-701892264,13200
66340827,252405448,-703304129,13568
68379051,251888514,-704987792,13348
70915122,251205674,-706641386,13732
73966314,250598413,-708331728,14880
78024494,250071548,-709774194,16532
82915544,250119291,-710410567,16432
88807407,250294990,-710466293,15272
94538512,250702265,-710381614,13312
99679093,251063623,-710430193,10920
104019001,251263990,-710727742,9400
107423045,251321682,-711426450,8904
110011705,251216679,-712573640,8584
111811358,250865262,-714333403,9284
112958525,250191266,-716634807,9780
113346461,249361261,-719549616,10288
113473891,248640560,-722522609,11516
113412842,248038570,-725398809,12160
112757053,247698906,-727981249,12988
111741389,247396897,-730343202,13096
110265542,247472716,-732220175,14044
108793080,247811108,-733512961,13716
107140428,248389747,-734241597,13780
105513731,248946505,-734689605,13712
104290358,249468594,-735247055,13896
103547785,250038656,-736471192,13740
103100888,250638170,-738289552,14188
102681321,251292110,-740347718,14748
102328528,251745446,-742761883,14848
101850366,252193476,-745229616,14724
101217675,252461280,-747480188,14476
100620057,252357124,-749298935,14160
99846388,252246464,-750480460,14380
99087064,251861605,-751402435,13832
98049507,251553984,-751805637,13664
97082044,251142012,-751882913,13704
96091278,250959231,-752128545,13864
94972476,250910138,-752499005,13724
93636657,250803718,-752692461,14452
92200796,250539629,-752797185,14296
90952856,250127425,-752788390,14092
89908397,249610982,-752789106,13396
89059915,248893804,-752702204,13216
88239590,247942564,-752678444,12848
87178300,246868913,-752724003,13208
85944773,245729940,-752867684,13564
84378135,244680996,-753131029,18528
82707969,243777416,-753531134,14440
80964183,243024559,-754137408,14140
79206103,242198622,-754832784,13748
77128095,236570434,-755545977,13916
76583932,235875523,-755459571,13736
76710200,237124300,-754973359,16244
77987073,238864971,-755224321,13168
80884915,241560699,-755982808,11696
82322109,244474090,-756818143,16604
82470115,246010063,-756768095,15064
81958208,246395034,-756222437,14640
82619114,246913441,-755591735,14112
83630780,247704317,-755209147,13944
84806235,248179411,-755118588,13948
86032160,248343004,-755291638,14164
86738764,247634460,-755274707,14560
86272459,245543748,-754580548,15088
84606333,242971101,-753324268,14340
83954502,240955275,-751803791,12280
83035169,237625620,-749353636,13460
80321804,234712305,-746444441,15660
78592637,232119922,-744154735,12320
79014025,231418378,-744034008,14760
77665398,231650757,-744168934,14300
76444808,231363923,-743722753,13540
75389473,231737552,-742983680,12720
75333548,232663403,-741645062,14164
77036141,234045733,-741245387,5616
79657819,238066130,-741362897,20840
80527227,241144521,-741660734,12208
81675268,242283531,-742391791,16188
83078564,245481591,-743484715,16488
85053366,247918721,-742947862,13848
86532115,248037115,-743116990,13684
87365335,247954301,-743281489,14036
87145798,247395980,-742352810,14396
86630725,245770751,-740735021,14308
82739228,244330845,-737647098,14108
81451585,242327552,-735515908,13544
79723519,240433190,-733745993,14188
77455341,239124658,-731421416,14052
74906887,238219051,-729249282,11780
73710664,237601457,-728544792,14364
72355523,237940625,-728450190,13664
71637234,237758647,-727774081,12664
71603467,238471608,-726560052,11436
72912548,240330373,-725554832,14260
73351218,241659665,-725682717,18036
74759250,242623885,-725905596,9900
76678955,245265605,-726357587,13108
77064879,247093629,-726763144,15772
77507034,247820278,-726978044,13596
#!,zero-counter: 100
80640622,250357665,-725112264,13892
80514713,251143418,-724430751,13988
80474207,251884058,-723783837,15016
80690724,252373941,-722854386,15476
82011629,251779320,-720961294,15656
83191874,250651718,-718408497,13556
84109491,249598241,-716058647,12344
84511554,248909247,-713899244,11540
84010809,248403359,-711639103,11432
82477262,247907818,-709477615,11692
80098756,247416577,-707655289,11696
77604929,246484071,-706823238,11468
75061743,245467706,-706959343,11872
72733331,244539976,-707727872,11720
69963035,243733858,-708865487,11768
66815536,242640301,-710236240,12372
65273962,241510326,-711328637,32372
65615717,240412921,-712259435,14112
66230160,238258618,-713293399,12856
65668135,237824520,-713192426,13540
68205971,239597842,-714114760,11488
70657133,243217460,-715664311,18904
71864026,245191779,-717165595,15952
71332581,245751564,-717228828,14652
73531878,247438791,-717518838,14160
74088871,248798556,-717938454,13524
75127313,249465462,-718099565,13540
76111667,249725271,-718422817,13420
76856983,250027312,-718883051,13308
76522449,249042731,-718467051,12584
74466002,246907840,-717104557,14400
73312842,245310263,-715883793,14476
69542495,244277157,-713968190,12384
64088400,242454237,-710693909,18260
60546344,240467224,-708625303,9148
58896246,240012461,-708154423,15236
57136105,240351661,-708250158,13192
56003336,240059161,-707740013,12168
55624840,240510547,-706861993,15656
57075081,241398971,-706243344,13608
60649900,242925452,-706859932,8896
63816993,246676383,-707616923,8728
63452578,247853314,-707837105,15096
65429366,248688105,-708211538,13256
66800210,249131004,-708592270,13084
67814396,249358517,-709160958,13252
67710205,247964492,-709063785,12624
66232047,246513550,-707336325,9716
63667950,245230910,-705455471,14088
61965129,244121634,-703846794,13900
60489322,243340370,-702719694,11184
57188753,242369917,-700779470,14556
54908908,242191493,-699080308,12628
54189311,241936573,-698769717,13240
53108082,242266850,-698383608,10144
52770322,241801390,-697935485,14424
53648719,242315985,-697603220,14812
56407279,244586546,-698160206,16456
58763218,246760952,-699340594,14904
60074949,248260298,-700178876,17008
60494557,248579150,-700276154,13252
61303203,249291563,-700283792,13092
61997919,249908899,-700446500,13052
62753718,250235435,-700770743,13168
63587391,250346500,-701104346,13004
#!,zero-counter: 71
66398905,250395701,-706352772,13448
65331868,249751960,-705284367,13776
64803399,249157023,-703633730,13528
63945411,249137743,-701965991,12464
63174949,248938149,-700603700,12432
62395043,248820906,-699203944,13212
61771991,248702251,-697749267,13536
61152894,248526331,-696266010,13188
60325747,248239287,-694859180,12660
59505506,247963405,-693445485,12224
58636070,247725513,-692192166,11796
57666152,247407053,-691570920,10756
56521335,247092964,-691757199,10336
55020117,246974867,-692640439,10156
52782100,246870592,-694305431,10168
49721995,246786621,-696433161,11124
48530657,246237108,-697252295,10568
48113456,245132003,-697837908,15040
49725206,244409501,-698362793,13392
53074149,245618348,-699372395,13460
57325133,248399277,-701270886,13792
60089094,250244430,-702978498,15964
61861295,251877545,-704063686,11816
62561171,253403525,-704694294,12388
62611843,254384234,-704866544,12632
61449360,253031135,-704286325,13116
59770532,252703877,-703389123,12512
56621715,251923045,-701626057,13264
54365173,251047328,-700082950,13008
51925644,250555672,-698733256,14436
48890712,250227507,-697025477,14676
46179295,249692677,-695818673,12796
44708640,249385691,-695542310,12268
45558062,250018704,-695455426,14172
48018588,251720798,-695771697,11964
50619186,254406514,-696975290,16708
50057438,255734059,-696996744,16176
49982823,255653952,-696659503,13428
50719056,256654963,-696214380,12860
51608066,257189806,-696124522,12552
52288134,257604687,-696347507,12716
53786068,257382630,-697916879,12612
51828075,256248136,-696887064,12348
49380672,254805269,-695214361,9768
46515773,254214225,-693638105,11436
43449655,253859776,-691910385,13456
40852941,253346103,-690727675,11084
38891677,253254022,-689902284,14308
37967638,253746798,-690171797,13392
36990598,254107000,-689651952,12628
36935807,254366617,-689177224,12992
40392351,255711273,-689565118,16384
44659983,257934937,-691198167,10908
45892233,258586804,-691872341,14760
47291973,259308124,-692025016,13484
47842080,259788859,-691984597,12768
#!,zero-counter: 151
58994607,258072980,-701877779,13412
60910851,258194183,-702818356,13524
63934643,257977716,-704011503,13452
67782662,257764353,-705116524,14484
72043741,257518469,-705561593,13688
76906244,257219378,-705708797,12928
81963530,257369200,-705844525,13584
86910654,257650272,-705774382,12856
90912904,257703518,-705582833,13424
94565504,257482874,-705146828,13264
98040214,257215311,-704581054,12404
101298191,257039695,-704167757,11376
104223380,257009211,-704080555,10560
106697893,257307385,-704330562,10308
108775608,257878055,-705053656,10404
110338246,258881896,-706233505,10656
111438976,259849687,-708061836,10348
112264703,260813970,-710124202,11804
112775082,261451712,-712543122,12064
112778482,261642627,-715255875,13000
112023402,261572209,-717811567,13132
110676144,260861313,-720137646,12676
108623244,259567872,-722155707,12988
106890716,257843124,-723682305,13848
105072788,256402626,-724912926,14320
103146114,255392065,-725730239,12944
101532958,254628103,-726293370,12368
97850559,253724663,-726259750,12956
96340102,253879168,-725824406,12904
94469200,253981308,-725100716,13220
92554974,253712980,-724483266,13180
90816247,253379069,-723997409,13016
89090065,252948140,-723946375,12704
87120498,252294294,-724252545,11984
84609466,251409144,-724730245,11892
81691721,250362703,-725376357,11840
78203054,249154232,-726334127,11536
74282924,247961199,-727567734,11368
70000508,246829678,-729219894,11936
65850256,245824810,-731451838,29380
64987576,244474161,-732635348,15092
65434159,243026243,-733228064,14440
64515082,243096366,-732173296,13812
66276623,244945330,-732585758,12644
69031849,248649405,-734402439,11436
71091430,250902179,-735352869,10368
71757227,253197446,-735551291,14568
72831748,255279964,-735893590,12604
73337502,256793478,-735958449,15356
73693260,258213041,-736002191,16408
73505347,258951111,-735781872,15444
74453545,258971755,-735593352,13792
75674306,259755877,-735586236,13856
76352729,260025223,-735402990,14248
74322443,258267402,-734582359,10968
72493259,255594061,-732820949,10288
72801103,253750913,-731607957,12960
70488814,253100553,-729925698,9480
67826676,249728930,-727923868,13016
65353547,247976931,-726219188,11252
64052173,246494216,-725020805,13652
63059816,245802277,-725547974,14064
61443756,245029854,-725812971,13420
59888302,244388064,-725488972,13256
58790609,244171061,-724675527,13388
58504028,244392660,-723786089,12836
60739696,246927271,-723108159,13244
62434480,250605118,-723213462,18352
63194958,252750852,-723776220,13212
64255648,254888180,-723918965,14036
64755017,256606636,-723385487,13440
65291117,257337251,-722735117,13288
66116901,258346837,-722384518,13172
67340914,258930805,-722377158,13116
68544385,259309090,-722766715,13236
69505010,259344403,-723329480,13320
70224883,259025293,-723846572,12824
70129169,258229818,-723759300,14680
69651392,256856242,-723252906,15408
68858972,255876838,-722491081,13628
65895024,254983819,-720537524,10564
64136635,252756206,-719015758,14336
61902982,252527412,-717370990,13652
59966629,251818867,-715619799,13440
59209835,252211308,-715506458,13300
59265787,253064218,-713780462,13800
60425646,254172399,-714072688,13004
62620711,255636514,-714731420,14008
65252782,257671963,-716012208,11120
65813825,259937619,-716116936,12164
66659119,261571970,-716443386,15348
66895534,262654418,-716243523,13964
67156577,263391227,-715936475,13676
68118605,264179723,-715923931,13080
69140926,264014756,-717045552,13236
69516274,263735282,-717596588,13276
#!,zero-counter: 74
68788229,265858671,-713778653,14012
69743465,266926539,-712869723,15516
71669441,267973518,-711093761,16248
73889233,268171843,-708620047,15344
76609698,267964656,-705836800,13640
79024573,268004962,-702891349,12388
80535982,267666715,-699986120,11732
81018556,267004738,-697106700,10224
80573742,266198720,-694307001,10548
79263467,264975362,-692297846,10128
76893223,263695270,-691245172,9432
74398168,262563546,-690867854,10360
71699265,261824401,-690979268,10952
68225489,261135611,-691466072,10872
64377781,259801724,-692465346,11864
60779905,258394566,-694111051,12100
57510196,257395885,-696000204,12496
54357890,256459881,-698048961,13064
51353269,255438289,-700119944,13444
51526032,254234637,-701136857,14116
53550964,254065701,-702785883,11360
56927457,256652067,-704241995,15156
58643729,258776349,-705256242,15564
61258140,260922444,-706693577,8576
63489612,263155319,-707862450,13236
65516137,264824909,-709083853,11892
66528819,266086780,-709717506,12956
66725094,266766569,-709529913,13996
67661897,267081829,-710029216,13076
66482784,265827733,-710207783,13132
64397960,264087528,-708671951,10756
60965765,262664932,-706803547,13976
59265504,261888014,-705790444,11700
57049949,260283745,-704557770,12688
54811953,258739921,-703317872,12188
53409088,258071708,-702666653,13344
52404854,257055679,-702995939,12736
52421271,257266653,-702514340,12588
53144400,258430873,-702070078,10136
54443680,259839594,-702416001,12664
56031625,262048634,-703036515,13944
55955881,264083646,-703130323,15768
56742580,265449448,-702907532,13520
57151232,266385062,-702836608,13004
57846881,266852767,-702943146,12772
58680140,267288107,-703401526,12860
57816775,265728750,-703597661,14048
56184817,264783079,-702897774,13168
54172259,264148727,-701445806,11360
52097397,263140588,-700104462,12372
50985667,262347993,-699285091,12868
48365068,261734656,-697433539,12652
46026083,260899804,-695833161,12508
44942857,260872830,-695720537,11556
43865459,260804165,-695320043,13028
42834972,260943154,-694926087,13664
42215905,260977358,-694560291,13072
42777458,261559617,-693902529,13640
44207764,262584876,-694205154,8624
47992309,264726772,-695064549,11732
49816919,267653596,-695907251,12432
50977175,269264371,-696080566,12656
52541841,271893785,-696716498,14816
52768093,273005205,-696378304,12764
#!,zero-counter: 90
55635232,271827149,-699870194,15788
56687002,271146684,-697803248,15760
58238072,270578162,-694793819,14156
59443093,269898131,-691675299,12152
59491415,269320497,-688458993,11264
58497434,268797772,-685300583,11064
56527328,268621329,-682056070,10156
53858459,268417856,-679264892,9908
50783773,268220311,-677176568,9660
47692984,267977710,-676022981,9636
44795975,267975623,-675889496,9944
42208256,268124927,-676967892,10440
39451468,268353130,-678943030,10380
36201260,268497380,-681207400,11508
33009943,268451173,-683578516,12728
29891284,268187484,-685937647,13104
27067320,267822692,-688216647,13736
26883758,266501540,-689603350,10236
27000332,265570758,-690459884,14048
27349259,265576937,-691007919,12860
26697325,265903316,-690677328,12376
28013108,266808749,-690641270,12992
30857581,268481006,-691829529,10260
33150215,270083946,-692407591,13440
34966727,271504896,-693096403,12628
36271654,272649735,-693705380,14180
37902177,274260857,-694203087,15100
37994550,275062460,-694116188,13252
39144025,275660565,-695036318,12768
37720666,274812158,-694036649,12540
34661957,273772822,-692455896,12648
32079387,272464109,-691184536,13200
29855568,270763027,-690368820,12804
27316142,268905040,-689145505,12724
23783310,267533600,-687898096,13020
21697013,266382036,-687430237,11600
21034960,266204864,-688170926,13964
19970141,266305586,-688507245,12544
19324494,266360949,-688058549,12636
19851934,266982343,-687266884,12884
21835071,268125631,-686853597,16084
24605807,269683923,-687117327,20408
29231970,272067583,-689114295,13492
31749641,274737820,-690284196,11632
31451189,275769263,-689915856,13860
31505685,276403518,-689293516,12896
32587555,276688081,-689177752,12312
33450669,276907174,-689469339,12320
34272348,275818892,-690223035,12672
32727227,274441175,-689221963,11632
32152909,273112794,-688627504,12212
30250853,271666401,-687740939,11820
28302775,270111111,-686813706,13912
26626701,268782845,-686161822,13092
25678585,267212641,-685787044,11968
24330442,265958092,-685479292,11736
24170734,265594608,-686222084,13272
23100402,265894242,-686786731,12764
22129261,266063506,-686701686,12904
21078444,266516971,-686216873,12388
20368678,267424483,-685331060,11752
21388910,268728575,-684891028,12440
22562078,270343892,-685062676,15228
24123879,271862691,-685727472,18104
24360111,273041004,-685459023,12908
26193473,274079570,-685474717,14668
#!,zero-counter: 795
47995965,272431685,-701035634,12572
48765927,272309969,-701625016,13064
49552035,272256350,-702139926,13016
50421035,272399232,-702852207,13568
52971927,271729868,-704902815,14348
55936470,271384496,-707831139,14576
59095114,270380095,-710255655,14796
62560296,268245921,-711401014,14096
66381152,265626071,-712276082,13772
71120290,263282625,-713812543,12104
76426966,261390200,-716502961,11364
80875308,260374392,-720070125,11676
84085274,260047897,-723593373,12104
85678131,260658509,-726255994,13680
86295720,261143853,-727902096,13380
86113216,261616545,-728778089,12352
85912227,262169400,-729484708,10984
85768299,263097806,-730608553,10136
86015042,264090526,-732518814,10336
87097689,265040957,-735512864,10396
89192367,266087677,-739829667,11652
91595012,267803584,-744929099,12664
93528763,269714924,-749867925,13808
94553969,271272509,-753888279,14948
94585978,272192207,-756766060,14520
94226920,272274184,-758776106,13592
93594752,271814762,-760367549,12816
92819851,271151084,-761775366,11648
91725429,270528145,-763071104,12604
90661571,270321003,-764194567,13852
89670063,269949898,-765541944,13948
88104206,269591141,-766906663,14760
86437904,268925953,-767955163,15596
84813319,268116350,-768764229,16100
83512954,267551638,-769407775,16656
82277784,267103928,-769671474,16848
81364730,266744796,-769394682,15904
80995657,266430520,-768577948,14772
81267297,265698154,-767365961,13972
81268807,264883241,-765629224,12824
81398380,263764960,-763572292,12364
81680592,262710655,-761410727,12368
81895098,261669200,-759192853,12812
82084690,260644767,-757165437,12972
81841266,259774311,-755359393,13208
81515033,258981938,-753902381,13072
80962729,258285846,-752888094,12800
80008342,257654047,-752269741,12712
78939669,257011314,-752089219,12552
77570436,256260502,-752439633,12448
75627680,255455967,-753224096,12568
73193581,254553945,-754150970,32767
70172123,253664414,-755266155,13808
66970827,252877375,-756613002,14056
63553342,252266919,-758012523,12360
60546088,251675545,-759338611,13876
60133713,250749915,-759759429,15960
60546259,250172498,-759755308,12620
62854260,250925342,-760073792,14464
65880093,253571291,-760737376,14364
67677797,255697565,-761812042,14556
69193249,257805348,-762447690,14092
69544223,259395439,-762616679,13992
69639469,260883591,-762519316,14252
71439843,263115364,-760771908,14344
70843303,260947577,-758361491,14376
69586034,258796101,-756200104,15036
68251262,256993509,-754392573,10724
66456954,254887173,-751527874,13152
64712690,253950712,-749180280,15832
64006712,253877734,-747967545,13516
63115778,254140854,-747808645,13596
62155822,253955642,-747276274,13904
61290786,254079536,-746607617,13104
62071829,255497011,-745749136,14044
63264834,257926177,-745559213,14164
63704835,259435438,-745340114,15788
64455337,261551120,-745151297,16308
64512992,262719142,-744676041,14704
64814086,263742057,-744155383,14096
65407885,264832515,-743648568,13780
66229424,265664445,-743313258,13720
66833237,266348934,-742997027,13496
66807176,266505720,-742378676,13732
66492187,265926920,-741500609,12580
65539150,265249252,-740047738,15216
64308831,263670395,-738658694,7908
61957463,262999935,-736820009,14816
58361604,260538511,-732685773,11924
58380646,261506965,-731636747,16956
58678143,262164293,-731368737,13820
60996231,263463764,-731900763,10312
63378549,266357713,-733017511,14744
64309972,267713555,-733713693,14204
65188814,269195160,-734107447,15744
65820402,270375110,-734128772,14640
66442594,271938084,-733651315,13656
