#!,zero-counter: 616
-41330589,25623200,-750896558,14456
-39136827,26715784,-749790241,14108
-39499638,28139162,-748064724,13104
-40284478,29718538,-745161602,16308
-40472019,30807060,-744450153,15436
-40332338,31629812,-744397538,14292
-40271746,32481365,-743744789,13252
-42504030,34628353,-740376776,11052
-43788452,35343013,-737070723,16152
-44528276,36459248,-736170564,14924
-43267201,37065186,-736439534,14192
-42406600,37548721,-736348756,14028
-41686862,38204074,-736124549,13984
#!,zero-counter: 16
-40834244,39110824,-737578373,14080
-41477829,39401110,-737867894,14084
-42224436,39639594,-738110872,14120
-42967718,39855217,-738344668,14108
-43687139,40077870,-738574290,14060
-44394129,40331923,-738819754,14112
-45432391,41554142,-739256650,14476
-45307145,42568576,-739365431,14384
-44944455,43651869,-739388316,14236
-44753984,44532953,-739402010,14492
-45846986,44189496,-738671607,14436
-46405475,43692290,-737288384,14660
-46220587,43877764,-735580614,14444
-45986431,44127691,-734049149,14700
-46212706,44165563,-732454472,15188
-47026103,44807157,-730195761,16688
-47890883,46195577,-726930032,16556
-48641010,47843308,-722866592,16376
-49222115,49413004,-718513760,15028
-49240952,50846583,-714252510,12308
-48791783,52228101,-710859910,10600
-48396186,53548578,-708731198,9288
-48549513,54632762,-707715472,8692
-49328233,55368363,-707736116,8680
-50555532,55959075,-708470618,8968
-51812543,56734891,-709869289,9832
-52783224,57878186,-711868939,10868
-53313447,59193417,-714264700,11908
-53703558,60281723,-717195538,12472
-54415158,60859939,-720622196,13576
-55416626,61010946,-724299720,14336
-56456532,60851959,-727869643,15288
-57245336,60536048,-731348309,15540
-57740916,60067461,-734873523,15624
-57947872,59195323,-738387912,15780
-57829335,57962821,-741814591,16564
-57312479,56629687,-744985726,17240
-56359703,55510752,-747509246,16860
-54753930,54921264,-749333120,15884
-52681287,54738025,-750568820,15300
-50765044,54743765,-751281924,21996
-49095899,54695902,-751735921,12848
-46260615,55091794,-753488642,13100
-46612161,55184686,-754057450,13324
-47115676,55370659,-754491104,13652
-49954651,54325602,-756950827,13292
-50349906,53990043,-758385635,13448
-51009117,53632729,-759885866,13620
-52007503,53201980,-761170970,14008
-53262488,52732136,-762402655,14220
-54672235,52091726,-763358080,14228
-56240896,51169466,-763962335,14256
-58024920,50003942,-764387496,14228
-60007493,48625124,-764745843,14136
-61807487,47292119,-765276706,14156
-63360986,46065099,-765952310,20912
-63619742,45129889,-766360595,14936
-63510444,44297153,-766499004,14756
-61628596,44660478,-767316876,14876
-58431357,46927325,-769285112,11444
-57236966,48908454,-770118760,19780
-56777790,50129504,-770493553,14596
-55408365,51961136,-771046536,16352
-55098269,53222878,-771095708,15444
-54980126,54037728,-771073720,15460
-54664879,54679127,-770772712,14608
-53876426,55241522,-770714980,14472
-53225305,55492994,-770860004,14236
-53956976,54573412,-770835622,14980
-55902244,52836807,-769927905,15400
-56942523,51682312,-768772116,13652
-58512684,50250063,-767380621,13232
-60779760,48618647,-764832091,16040
-65835557,46780639,-759353833,8764
-68696323,44325029,-755353735,17308
-68622212,43597193,-754465520,13004
-69932321,43672645,-753575257,12552
-70682867,43484346,-753486793,15200
-71875059,43601709,-753455780,14504
-72890272,43962124,-753027847,13988
-70969314,45815944,-753009932,11352
-65734235,51169749,-754249528,6316
-65089304,53728423,-754859297,19640
-64424629,54926701,-755194242,12688
-60039294,58119474,-756818391,19444
-58295517,60768555,-757905038,16876
-59218961,60836190,-757871857,14976
-58375936,61587137,-757883249,14296
-57721829,61966689,-757932067,14416
-57136698,62302871,-758027033,14220
#!,zero-counter: 112
-62091632,70362658,-759421180,14388
-61992711,71332360,-759110100,14652
-62062960,72198605,-758682630,14808
-63039625,72600371,-757437064,15384
-63661880,72747759,-755396101,16124
-63115063,73519805,-753344651,15892
-61748821,74576952,-751450468,14832
-60566786,75454718,-749568533,13688
-60099019,76245269,-747580124,12852
-59956622,76686913,-745796380,12416
-60624226,76860913,-744203944,12708
-62131167,76697787,-742620847,12620
-63804999,76169401,-741133135,13004
-65483358,75722345,-739725035,13404
-67087288,74998807,-738359529,13484
-68651301,74074884,-737376390,13180
-69970036,73005764,-737075499,12792
-71394897,71906396,-737265760,12256
-73052803,70755370,-737992151,11864
-75103432,69638347,-739215645,12616
-77517837,68462692,-741050567,16676
-79832787,67310900,-742988128,15536
-80130081,65868629,-743780246,14328
-77201364,66179030,-745612983,11516
-73998260,69100286,-747990699,16256
-72531964,70612593,-749476054,13144
-71108989,71685093,-750660557,14676
-69438606,73340031,-751901092,14232
-68399497,75172743,-752992713,15600
-68135534,76689013,-753069809,14068
-67694388,77157908,-753233147,13984
-67180806,77533176,-753547037,13928
-66903749,77118221,-753759329,14612
-67781706,76242415,-752691898,13720
-69751981,75142296,-750547168,12416
-71967303,73439500,-747738406,15756
-75677921,72105907,-744750356,18200
-77733410,70820516,-742307148,14208
-79135897,70049551,-740373438,14796
-79192123,69990010,-739974497,13960
-80420996,69983553,-740134667,13908
-81435996,70037861,-739820748,13824
-81627816,70647085,-739384511,13184
-80347455,72968319,-738899360,12208
-78393614,75607858,-739177140,14412
-77781124,76738931,-739690188,14584
-75677329,78538457,-740609968,15892
-73748771,81123408,-742368421,16148
-73298398,82136891,-742865089,13892
-71812665,82747506,-743864702,12852
-70509089,84369382,-745331578,14612
#!,zero-counter: 88
-76216824,88848258,-750164715,13884
-76398809,89785018,-749904532,14084
-76492400,90808513,-749629836,14032
-76540310,91794131,-749324343,14424
-77027280,92092680,-748449192,15156
-78093663,91460975,-746449682,15048
-78589636,90742124,-743926353,14980
-78173465,90332416,-741854542,14364
-77673142,90254142,-740173669,13616
-77262991,90512893,-738594576,13660
-76742100,91138194,-736867115,13680
-76085885,91907291,-735148467,13328
-75691509,92587967,-733656253,13040
-75659140,93177820,-732295690,12416
-75831495,93587202,-731016263,12176
-76365570,93777191,-730085721,12272
-77315121,93606888,-729566545,11960
-78596802,93180291,-729268342,11732
-80147630,92582339,-729331104,11724
-81931773,91778113,-729981294,12008
-83968340,90941818,-731260373,12016
-86053236,90283407,-732981089,12600
-88263352,89688357,-735115685,14964
-90558200,88929982,-737213515,15248
-90608240,87794115,-737717514,14592
-90499037,86414455,-738347365,13672
-87289942,86320315,-740238438,8556
-84045677,89832046,-743129828,12500
-83617580,91736542,-744057035,17064
-84608928,91994725,-744357746,15048
-84410041,93409020,-744341850,13744
-83971010,93863725,-744446249,13624
-83261773,94200871,-744850144,13640
-82564058,94320492,-745335397,13620
-82013710,92756099,-745827729,13940
-83376477,91382531,-744795969,14568
-85307013,90421773,-742763147,12504
-86727075,89919197,-740411256,12152
-89846163,89487624,-737356967,15460
-91628571,88857945,-734666708,14248
-92987792,88940065,-733604253,13200
-94302528,89586697,-733753244,13192
-95426305,89788132,-733356379,13236
-96156411,89909081,-732854073,13056
-95817629,90954863,-732749630,11668
-93436427,93998176,-733222706,13208
-93617624,95715845,-733973244,13368
-91974534,97755477,-735412117,16500
-91245485,98579147,-736296088,15440
-90203011,99100982,-736635948,13632
-89343403,99602501,-736930537,13596
-88509718,99922719,-737123425,13472
-87641728,100194889,-737553496,13488
-86802443,100376186,-738017723,13540
#!,zero-counter: 185
-98982880,110349327,-744901300,13856
-99748151,110845341,-744111817,16120
-99897502,111315357,-742364417,16840
-98913241,112168503,-739513428,17296
-97261649,112990963,-736001114,16004
-95832191,113535825,-731968892,14752
-95005633,113740894,-727341214,12848
-95212195,113920296,-722520772,11296
-95477019,114020490,-718308245,10068
-95872211,114574954,-715019069,8768
-95978238,115073920,-712964146,9928
-96571160,115706887,-711831323,10072
-97710017,116262926,-711323278,10540
-99375683,116437605,-711250129,10780
-101464782,116426379,-711422934,11232
-103815278,116025419,-711964457,11512
-106732917,115341943,-712904793,12016
-109763507,114275799,-714264133,12384
-112799299,113195863,-716076904,12292
-115851698,112051194,-718136312,12280
-118900084,110891028,-720433426,12056
-122110152,109669291,-723018757,28452
-125298256,108546782,-725905923,15000
-125758995,107006387,-727496329,13532
-125484909,105479792,-728582368,14980
-119056619,109418137,-732439682,9312
-117012716,111179746,-733647922,13012
-115075757,112388029,-735012895,14500
-112284330,114698841,-737436452,13624
-110933144,115915239,-738504797,12800
-110816083,116727976,-738832509,13424
-110048649,117181871,-739143768,13388
-112080206,116902003,-738430603,12040
-114942923,115802272,-735883259,15252
-118095046,115613050,-733606254,14304
-121014771,114919681,-731202905,16292
-123190468,114313141,-729018351,10744
-126594372,113915419,-726733798,14292
-128014303,114080302,-725785715,13044
-128888151,114429069,-725953588,13616
-130385792,114924983,-725851895,12528
-131977218,115767428,-725032676,13280
-133219563,116411401,-724391222,14524
-134054357,116952243,-724031888,13384
-133624188,118359415,-723544992,12376
-132345216,120177763,-723662208,14616
-131791354,121266106,-724109601,14616
-130554206,122099124,-724738841,13460
-128349228,123948236,-726189149,13876
-125930628,127172372,-727043621,10640
-123747149,129538210,-728380881,14392
-122783656,130231492,-728979879,13356
#!,zero-counter: 115
-126079017,133613145,-736009865,13416
-126372635,134397034,-735990523,13644
-125943945,134840341,-737075902,14196
-125560489,133668339,-738678862,14784
-125434729,131282618,-740470754,15604
-126187409,127724039,-741524111,17100
-126894166,123674027,-741329184,18016
-126514869,119704207,-740423898,17540
-124567034,115652062,-739672214,16220
-121407294,112057894,-738988264,13920
-118281426,108630798,-738333423,13084
-115345928,105329205,-737615262,11600
-113100841,102663733,-737289166,9772
-111695741,101004988,-737671982,9232
-110800660,100369613,-738660032,8464
-110453720,100641236,-739994755,9360
-110179111,101559145,-741472347,10056
-109450111,102922461,-742939704,10212
-108655219,105130407,-744100383,9400
-107246737,107448513,-745273905,9012
-105294156,109529247,-747030872,8940
-103201789,111457283,-749324208,8984
-101224620,112495070,-752372495,9340
-100042985,112769045,-755891192,10132
-99730551,112486285,-759656153,11460
-99943338,111858346,-763770429,13108
-101180772,110788533,-768145059,26772
-104274534,109248864,-772872792,32767
-108848799,107325424,-777304745,20156
-112641053,106094182,-780412893,16112
-113002645,105709085,-782209144,13128
-111929131,105972992,-781755822,12688
-110513380,105938496,-780228122,12940
-109767874,103714174,-777238044,12344
-110755471,103345550,-777828552,13316
-112039474,102920134,-778552250,14316
-113446468,102530541,-779290548,14792
-114431463,102362356,-780072963,14864
-115113888,102607245,-780887889,15300
-115718657,102988903,-781472294,15100
-116416182,103197512,-781689936,14780
-118588295,103125437,-781075011,13836
-119167305,102323247,-780909753,13604
-120144685,101286887,-780852580,13256
-121551976,100089124,-780959913,12964
-123177536,98961397,-781423141,13132
-124824480,97908095,-782283582,13716
-126772677,96919187,-783176532,14124
-127560313,95555073,-783789405,17268
-127691531,94466503,-783814844,14372
-126222863,94870371,-784220003,12552
-123006452,96945237,-785453064,11464
-121256320,99213061,-785971993,20852
-120324579,100257357,-785724993,16252
-118499027,101635162,-786585270,14724
-117684689,102924216,-786968502,14960
-117097614,103904174,-787209044,14724
-116641126,105171590,-787587702,15156
-116585931,106268089,-787532356,14688
-116848712,106992315,-787191671,14316
-116526318,107649526,-786889903,14368
-115560111,106951123,-786426208,15308
-118710381,104456182,-783958546,11712
-121031429,101971315,-780842252,14796
-121873725,98817448,-778453235,13504
-122335198,97814708,-776700645,10432
-124736417,97462130,-773603742,17100
-125746493,97543585,-772313098,12388
-126611104,97707117,-771958685,14740
-128219049,97648256,-771363264,14236
-129683285,97718873,-770572712,13372
-129516223,98844856,-769914460,15108
-130579598,99310251,-769703423,14852
-129529483,100075181,-770012520,14184
-125420871,103109794,-772180188,13436
-126217970,105197086,-772581999,15460
-127040121,105059759,-771780403,14748
-127161239,106067197,-771797866,4428
-122966802,109338299,-773245195,14844
-120915946,113533660,-774355501,17736
-120110269,114368494,-773897283,14136
-119503745,114064948,-774101068,14104
-118898267,113673128,-774424512,14284
#!,zero-counter: 81
-124408722,122008118,-768523436,14244
-124636017,123042342,-768133395,14288
-124763868,124206257,-767735768,14308
-124722244,125321621,-767213493,15260
-124549009,126006292,-766022085,16280
-124308720,126008551,-763658169,14960
-123805072,125569432,-760970763,14476
-123134508,125105228,-758772956,12928
-122578231,124744735,-756934094,12580
-122294343,124565990,-755384140,12452
-122272406,124731637,-754041158,13120
-122265375,125132254,-752894534,14100
-122416536,125623650,-752109547,14048
-122726248,126044494,-751274875,14164
-122927689,126275804,-750377596,13840
-123009150,126434979,-749347652,13476
-123037842,126461409,-748412138,13068
-123328436,126254891,-747453078,12772
-123897676,125857307,-746627631,12512
-124709446,125445701,-745982122,12732
-125718225,125043869,-745712100,12944
-126795165,124699812,-745814040,12632
-127917986,124339084,-746234467,12484
-129256526,123713262,-746886126,12784
-131105366,122724843,-747664782,13504
-133214779,121436813,-748622438,15584
-135435736,119825188,-749780125,14292
-137445435,118101064,-751059138,13812
-135254942,114233705,-753593116,13864
-136828152,113329174,-753243053,13120
-136153016,114331523,-754105257,13840
-134809850,115644337,-755955195,13372
-134670977,116794578,-757256870,16176
-135409503,116494409,-757187207,14748
-134093538,117585672,-758129184,12392
-132914545,119108626,-758580799,14296
-130665361,121086256,-759806303,11244
-128499333,123693421,-762350432,16964
-128717687,124549556,-762128186,14104
-126572745,125537047,-763038895,14092
-125851048,125318926,-762453443,14140
-126718582,124739808,-760908651,14552
-130125240,122580477,-757943606,11504
-133631219,119972773,-753990497,17972
-135457177,118267646,-751371798,10888
-137578924,117016530,-749334684,14776
-138913000,115914464,-748083165,13548
-141046217,116630288,-747442703,13428
-141340214,117704466,-746817891,13556
-141129231,119129941,-746477652,15716
-139477730,121458486,-746532049,13264
-137905045,123731483,-747352694,14348
-135871416,125846420,-748598930,14716
-134913314,127780862,-749363672,14464
-134089595,128257501,-749966804,10988
-131849040,129957969,-751209415,13172
-130107716,131764519,-752894001,13828
-129409816,133006147,-754134603,12504
-128676885,133774473,-754772785,13684
#!,zero-counter: 85
-131850895,140439166,-756546446,14264
-132043085,141964565,-756072839,14588
-131797559,143349920,-755369128,17380
-130632901,144601480,-753570632,17716
-128244044,145995692,-750599147,16668
-125236369,147677968,-747205550,15056
-122210282,149493211,-743786260,12800
-119732292,151074920,-740405747,12088
-117785123,152215435,-737484972,10812
-116503446,153064902,-735234246,9896
-116144247,153554856,-733677197,9548
-116939000,153710551,-732567511,9748
-118636919,153267655,-731960915,11260
-120891849,152499085,-731744078,11856
-123451004,151521151,-731681180,12696
-126410382,150268785,-731778075,13660
-129337622,148986640,-731819152,13892
-131785128,147901904,-731875206,14344
-133557395,147011216,-732057557,14164
-134841257,146367356,-732424247,13620
-135817873,145829801,-732788652,13300
-136590010,145344944,-733015839,12844
-137298678,144927318,-733245182,12248
-138159529,144362734,-733564979,11844
-139207294,143635693,-734192942,11500
-140591185,142794688,-735181258,13320
-142342395,141778053,-736532797,27592
-144511273,140655512,-738214598,14412
-146854571,139494529,-739882149,13724
-147573931,136598230,-742733978,14792
-146360382,137705501,-744064887,15532
-144574505,139125667,-746228268,14076
-142328261,140587338,-748488444,9660
-141647483,141840726,-749485489,12144
-141509523,142003597,-749852747,13060
-140802448,143513266,-750511639,14192
-139745193,144499727,-750772341,13460
-137416543,143688766,-752393225,13776
-138281473,142859436,-751679944,12916
-140025697,141064975,-750058977,14308
-141756707,140940096,-747856655,15104
-143746706,140138305,-745251823,14332
-145155995,139110586,-743331034,14676
-147066710,138579033,-741242624,11676
-148968218,137880894,-738915124,14996
-150678767,138256697,-738915560,13456
-151657366,138582638,-738465170,13012
-151439083,139650808,-737982486,13004
-151145717,141182458,-737606728,11260
-149344021,142649418,-738302710,14880
-146851765,144696042,-739910074,8572
-144580678,146893342,-741638250,15072
-142801697,148510234,-743255713,9908
-141262293,150346258,-745141488,15536
-140384581,151099439,-745131906,13344
#!,zero-counter: 90
-146158343,155636892,-748534975,13468
-146777853,156135440,-748278849,13728
-147137851,156856833,-748001756,13768
-147418715,157608693,-747728611,13956
-147872473,158178289,-747363132,13860
-148298713,158212759,-746772305,13968
-149095173,158358933,-745516637,13604
-149766096,158252805,-744013505,13964
-150494226,158079055,-742192026,13504
-151676283,158489192,-739940287,13672
-152640695,158997271,-737166277,14384
-153926651,159795167,-733942929,13876
-154689354,160419356,-730847456,13000
-154837649,161247715,-728181087,11948
-154748183,161996356,-726014976,11240
-154752130,162379013,-724458033,10772
-155106627,162480664,-723502208,10432
-155904317,162298268,-723137596,10716
-157133593,161946290,-723422709,10820
-158627823,161477427,-724384322,11740
-160716576,160626556,-725799412,13552
-163550399,159467410,-727651731,23284
-167154841,156684723,-733171016,12836
-164934638,158142096,-735267039,7728
-162951055,159914193,-737544479,15304
-162460311,160564539,-738362611,12684
-162570569,160806549,-738921329,14580
-161407774,161841825,-739585604,12376
-160109296,163581304,-740889170,15908
-160539341,164317640,-741355084,14392
-160316796,164683870,-741360194,13500
-158564477,165438382,-742579972,14584
-160146777,164888557,-740972256,11296
-162575188,163897760,-738424518,13428
-165175206,163175855,-735806502,12248
-167382639,162213223,-733513306,11104
-170217477,161453194,-731083120,14180
-172722479,161641622,-729194946,14420
-173797383,161633934,-728417411,13024
-174771462,162437765,-728432820,11132
-175352535,162865807,-727729385,14472
-175896782,163427736,-727644422,13216
-176560044,164557248,-726890479,12972
-176197055,165632556,-726494071,14640
-174338702,166625082,-726899274,11992
-172183485,168664912,-728048353,16184
-169964794,170299739,-729736004,17100
-168559147,171006366,-731320954,18508
-166450047,172500187,-732846004,15744
-165060681,173622491,-733797389,14220
-164709576,174193647,-734215596,13956
#!,zero-counter: 45
-161024533,171875080,-740738266,13184
-160569520,171353972,-741224783,13276
-160108648,170930698,-741612754,13264
-159667646,170468975,-741950446,13276
-156898483,169830574,-743629534,13380
-155977323,169389381,-744347682,13776
-154496514,168291770,-745139771,13956
-153332609,167157505,-745460564,15580
-151323157,165277728,-745674705,15008
-148682781,163441573,-746189619,14684
-145612776,161710833,-746975419,14400
-142378730,159862378,-747726112,13660
-140060981,159255301,-747901757,14320
-138120028,159243182,-747364206,11372
-137259928,159109671,-746949023,13184
-137029006,157517981,-747161883,12496
-135223311,157051679,-748199485,11480
-132614130,156635211,-750228699,10320
-129968322,156577499,-753059186,9680
-128090235,156950471,-756068306,9320
-127187433,157434643,-758730503,10028
-127063627,158064234,-760853395,11120
-127681197,158554261,-762517262,11800
-129158066,159112624,-763622026,12728
-131582773,159355534,-764055298,13900
-135187649,158907850,-764135825,14788
-139405264,157860848,-764195895,14964
-143369749,156904073,-764378915,14980
-146162998,156115998,-764838559,13864
-147632967,156271277,-765463577,13648
-148259517,156812142,-766283169,13132
-148784515,157311774,-767293557,13092
-149573194,157423250,-768314393,14124
-150924431,157122190,-769175876,15212
-152572334,156467155,-769671515,15476
-154472447,155526549,-769676107,15288
-156226136,154645110,-769248488,14096
-157214709,154150450,-768945141,13012
-157878946,153873771,-768968824,13084
-158693580,153551330,-769280818,13700
-159532775,153325111,-769919289,13892
-160284270,153281362,-770678191,14112
-160794905,153360662,-771390571,14288
-161258106,153489739,-772029086,14336
-164579277,153173739,-773134384,13964
-165235326,153356211,-773434001,14096
-166102318,153442757,-773653503,13820
-166980892,153533243,-773934490,13748
-167786256,153451138,-774305947,13600
-168648901,153303856,-774651892,13712
-169723736,153026902,-774800435,13748
-171105257,152406255,-774812170,13536
-173049053,151526277,-774744692,13376
-175153748,150554299,-774857818,13016
-177192539,149557190,-775381088,12996
-179152183,148643863,-776230421,13208
-181341010,147559940,-777116734,13976
-182754748,146157960,-777983790,27480
-183396850,144923863,-778156761,13808
-183557399,144297552,-778205166,13604
-182673194,144652000,-778686346,14960
-180855648,145545414,-779520530,12244
-178887708,146385435,-780316724,12304
-176498455,147847037,-781278316,14068
-175253857,149253906,-781997652,14964
-172771650,150730335,-783258290,14148
-171033789,152589748,-784519784,14308
-169153204,156806094,-784630941,14308
-168111883,157340041,-784757907,13972
-167407595,157543687,-784977279,14164
-167748952,156226651,-783656997,13824
-168431224,155125617,-782089027,14412
-169886899,154237902,-779985005,12036
-172215749,152396662,-776938395,14176
-175264187,150297666,-773545162,11720
-178507062,150130361,-769820379,12788
-181550479,149062362,-765808287,17192
-183505124,148801887,-763249904,16952
-183873759,149424795,-763543479,14140
-184353184,149020408,-763125779,13880
-183701166,150377226,-762179932,15456
-180015040,152267497,-762972004,7656
-176158227,155636003,-764846033,10700
-173878661,157684487,-765870773,10432
-172701774,159468397,-767010198,13632
-171776064,160671788,-767667697,14416
-171113227,162112891,-768386159,14888
-170254752,163425883,-768408273,13408
#!,zero-counter: 93
-174798682,170028212,-765244944,14276
-174847948,170962737,-764712091,14612
-174734444,172104446,-763864373,16072
-173896228,173191714,-762261916,16328
-172408017,174620380,-759907730,15124
-169912432,175954203,-757617740,14920
-167439186,177189618,-755325456,13492
-165422682,178189600,-752965327,12216
-164591730,179062007,-750173746,11424
-164300704,179614434,-747437398,12024
-164622812,179852236,-744938717,11620
-165328514,179689892,-742938389,11564
-166493227,179295662,-741524044,11320
-167766669,178510571,-740799505,12296
-169261061,177743628,-740568350,12484
-170972186,176774855,-740548223,12820
-172858989,175475409,-740834171,12600
-175007169,173957046,-741273684,12980
-177401127,172364631,-741800200,12788
-179865276,170805192,-742427925,13844
-182391846,169174514,-743226278,15600
-184729281,167664414,-744462281,14696
-186567961,166424300,-745822022,14004
-186794101,165518790,-746485528,12976
-186763807,164390714,-746839854,13356
-186143772,164106258,-747178235,13148
-185328160,164376169,-747832865,13128
-184187944,165651910,-748981928,13708
-182527037,167105763,-750545735,14156
-180555463,169280482,-752421656,14300
-178867721,170805334,-754640859,14304
-177912590,171799237,-755565217,13264
-177547493,172336253,-756219099,14928
-171714330,176092216,-760258955,13624
-171860533,174635154,-759405796,14184
-173655686,173200168,-757741795,15996
-175600792,171835164,-756034951,15156
-178181128,170580854,-753925509,13988
-180024672,169334740,-751617053,13720
-182063833,168589088,-749299333,14000
-184614710,167533379,-747043770,14716
-185689586,167006292,-745685345,12660
-186682672,167222653,-744813362,13820
-188054052,167361546,-744173551,13580
-188494926,167762826,-743524162,12860
-188224399,169016163,-742819342,12408
-185773599,171238677,-743314325,11648
-184097595,173969178,-744399570,15176
-182602261,175498501,-745520762,11424
-181696722,176675440,-746628022,13924
-181291471,177261030,-747069428,14324
-181037598,178066966,-747173942,14108
-180474682,178834907,-747300192,13528
-179203535,179663099,-747867289,12404
-176678981,181449707,-749505526,12512
-175749646,182888730,-751010952,14892
#!,zero-counter: 97
-182586749,190248724,-751632403,14392
-183789911,189683763,-749767914,13956
-184314328,189078109,-747913897,13828
-184586329,188976044,-746270390,13524
-184714495,188709422,-744930397,12644
-185310253,188547878,-743335534,13184
-186215756,188672154,-741544675,13248
-186842770,188813089,-739946510,13456
-187448062,189240010,-738366573,13592
-187948876,189471387,-736926541,13168
-188491451,189740179,-735573929,13252
-189184515,190151512,-734265753,12464
-190121361,190127428,-732954916,12424
-191397009,189718948,-731983864,11968
-192608236,189008395,-731499201,11928
-193466525,188399596,-731529682,11432
-194155146,187936364,-732260589,11700
-195232690,187477920,-733556926,12704
-196945207,186671211,-737199988,13896
-194824140,188090942,-738865786,13020
-192190616,190095079,-741988021,15904
-191047179,191730262,-743957638,13204
-190838058,192185874,-744605438,11768
-190221124,192989426,-745619640,13820
-189089664,194099053,-746703609,13924
-188819749,194778865,-747190710,13912
-186589506,193820335,-749367917,13656
-187667928,193058254,-748084428,14100
-189140901,192580155,-746497739,14000
-189997226,192174242,-745114095,12908
-192035383,191964530,-742784033,14968
-195655282,192165444,-739917652,15476
-197620265,191671947,-737769224,13356
-198965155,192333246,-736580825,12552
-200411894,192552565,-735058531,14096
-201013141,192942133,-734678417,13084
-201758298,193200672,-734713557,13124
-202634668,193897588,-733945121,12384
-203353575,194837727,-732920668,13288
-204027319,195379063,-732444495,14488
-201506213,197236677,-732977446,10004
-198250496,199807074,-735831914,16592
-196175059,201942603,-737944579,10760
-195308607,202848151,-739232428,14380
-194964643,203295701,-739932946,14076
-194036910,203741148,-740393078,14080
#!,zero-counter: 81
-198635392,209603177,-743736580,13540
-198516078,211831320,-741579025,13036
-198673818,211750888,-740318576,12800
-198787895,211641623,-739520274,12708
-199073266,211642244,-738893256,12272
-199414422,211411748,-738180101,13216
-200074491,211247923,-737348283,13432
-200712761,211253450,-736415789,14096
-201473630,211242810,-735053189,13912
-202197571,211007611,-733477666,13928
-202846856,210859035,-731858320,12988
-203244860,210786438,-730300596,11956
-203625133,210712102,-728879023,12608
-204198728,210583756,-727788718,11916
-204956981,210391782,-726923719,11508
-205854061,210246050,-726335149,11740
-206996990,210180407,-725850657,11704
-208388852,210093616,-725358470,11752
-210635506,209847952,-724674584,12376
-213097807,208878581,-724240305,12972
-215826296,207747634,-723997264,13548
-217780487,206546910,-724024051,13980
-219422874,205145406,-726068492,11936
-218429295,205563745,-727128546,12572
-218063444,206411224,-727674398,13808
-216314616,206942674,-729076355,11760
-214349465,208583887,-731008296,9236
-212918137,209695274,-732422562,15220
-211254750,210181487,-733527030,12244
-208457763,212181087,-736001246,12560
-206315944,213616749,-738088152,12468
-206126926,215011022,-739040659,16284
-207032093,215305151,-738784138,13924
-204557283,214564497,-741110325,14248
-205232008,214023294,-740189854,13312
-207019262,213718278,-738502680,11816
-209157400,212546909,-736353527,14072
-210355146,212107781,-734855225,11484
-213023130,211821023,-732841305,14260
-215152704,211499889,-730933561,12880
-217162914,211572641,-729257227,13612
-218056501,211917599,-728148405,13144
-218650832,211887620,-727229153,12132
-221413503,213331921,-725278694,13388
-220693933,214133840,-725909400,11332
-219704627,215234495,-726878206,11156
-218939052,215985815,-727735250,13692
-217947498,216578426,-728523720,13000
-217182774,217580972,-728991696,14556
-216090388,218496413,-729823203,12700
-215391083,219312817,-730266435,13396
#!,zero-counter: 72
-215217269,222531841,-737454051,13208
-214982836,223423481,-737563765,13148
-214942782,223708173,-738228993,14156
-215286985,222208254,-739220233,13812
-215880703,220169805,-740282654,13068
-216275923,217709349,-741382553,12732
-216735509,214963683,-742567008,12440
-217540590,212213630,-743995829,13072
-218320442,209604320,-745826511,14024
-218506946,207547082,-747348023,13264
-218374603,205989414,-748423674,14996
-217632642,204798920,-749226203,16552
-215910544,204993314,-749253809,15272
-213692134,205817407,-748602514,12028
-211508853,206461099,-748271974,11644
-209519934,207137679,-748682402,10504
-208128340,207674703,-749572447,9180
-207458187,208081323,-750800198,8844
-207573473,208333067,-752341091,10716
-208427518,208573017,-753927997,11824
-209255499,208773174,-755490994,12736
-210015335,208984546,-756977130,13568
-211002092,209183290,-758150863,14356
-212148180,209306160,-759358779,14308
-213366173,209343300,-760733076,15028
-214241671,209382437,-762726885,14876
-214683790,209242950,-765108213,14996
-214961762,209028926,-767683622,15396
-215199407,208784100,-770029659,15064
-215276035,208614824,-771871258,14508
-215147795,208126976,-773795880,13096
-216026937,206881340,-774968127,13660
-216446532,205507451,-776839701,14652
-216320562,204350001,-779093898,14952
-215931337,203215530,-781206889,15400
-215787731,202229085,-782670111,14832
-215516628,201380815,-783657780,14700
-215300604,200784385,-784232331,14048
-216374497,199705129,-783054200,13424
-217308971,199234537,-782325370,13980
-218202293,198957367,-781818500,13928
-221292212,198605542,-779783864,14440
-221545560,198454561,-778953823,14288
-221757982,198187603,-778232091,13672
-222677155,197597690,-778043642,13780
-223465549,197526900,-778429802,13168
-224303878,197435202,-778690560,13504
-225156886,197239497,-779002947,13776
-226016756,196864825,-779293134,13988
-227044866,196246575,-779504601,13468
-228329452,195442640,-779788758,13116
-229975494,194530658,-780355137,13300
-231919713,193564765,-781088761,13404
-234024218,192487758,-781938942,13852
-236283179,191325577,-782948635,13792
-238876158,189988928,-784117694,13848
-241467743,188792406,-785045081,16208
-242674060,187714149,-785313479,16588
-243213321,186908882,-785332033,14812
-241170778,188312112,-785902275,15976
-239256041,189586451,-786683358,13820
-236781796,190790628,-787906076,14524
-234781268,192207021,-789230067,13896
-233695265,193188980,-790287260,13920
-232788572,193956925,-791055695,14280
-232857703,195060444,-790749293,14420
-232643275,195706610,-790633651,14628
-231658498,196699872,-790397878,14292
-230904693,196644418,-790706559,14360
-230069341,196389511,-791083986,14332
-229644150,195895463,-791013417,14508
-230033560,195022196,-790337719,15004
-230900258,193986915,-788985707,15016
-233365883,192940744,-785857101,13376
-235229518,192008319,-782473250,11512
-236169809,191627743,-780625160,14136
-237150948,191051298,-778468841,13192
-237615694,191165027,-776248040,12744
-237933120,191620967,-775284919,14728
-238582116,192344252,-773979091,12672
-237319595,193390058,-774143146,14880
-235382597,194471520,-775019441,15388
-232734250,196161812,-776598277,13640
-230486366,198032440,-778521861,14764
-229489513,199515624,-779170880,15992
-230113778,200345688,-779121409,15268
-229806524,201362559,-778893203,14344
-228993473,201893623,-779045609,14104
-228224628,202123148,-779441663,13864
#!,zero-counter: 112
-238187066,207828183,-772926350,13296
-237985155,209802282,-772076346,13924
-238033681,210590120,-771435346,15216
-238222413,211145472,-770225017,14752
-238182257,211703585,-769022786,14012
-237895644,212253203,-768257291,13712
-237610250,212601985,-767662758,13448
-237742290,212702976,-766861547,13696
-238238768,212586277,-765853786,14008
-238683772,212439524,-764530017,15316
-238945126,212257426,-762724004,15028
-238926393,212009054,-760735175,14740
-238644167,211865347,-758878177,14048
-237974011,211921215,-757272336,13264
-237148806,212108702,-756037659,12880
-236608757,212212340,-755200785,12296
-236601972,212092192,-754623499,11976
-237312886,211708963,-754292685,11848
-238688531,211003398,-754274905,11780
-240779383,210071060,-754432403,11696
-243577509,208767881,-754716278,12724
-246848256,207319900,-755369866,14620
-249749193,206086718,-756534146,16096
-249047768,204843355,-757718455,13644
-247475869,205838729,-758750456,12440
-246367546,207069254,-760173507,12976
-245193089,207816389,-761621615,12024
-245054277,208392891,-762044434,12276
-244356342,209323820,-763002412,15092
-243757464,210071773,-764034517,14860
-243398521,211231767,-765007477,15120
-243245586,212225685,-765385554,13924
-241587532,212001893,-766650457,14080
-240674343,211580081,-767362228,14012
-239749887,211047184,-768109635,14020
-239383421,210254493,-768209825,14380
-239820944,208792900,-767260995,14156
-241079606,207660187,-765516830,13604
-240869247,205882444,-764325568,13904
-242323633,204894976,-762203500,10500
-244790068,202658992,-758252918,15764
-247511622,202637451,-755558944,13012
-247791408,203202287,-754804107,13600
-248293254,203650870,-754875609,14020
-249077586,203846210,-754436771,13556
-249841760,204212315,-753904238,13912
-250006577,204601403,-753427880,13636
-249497264,205407704,-753420631,13920
-248035080,206558975,-753608707,5748
-244650016,208791986,-754928182,15160
-241369445,211763589,-756896012,16124
-240075568,213934333,-758409756,14292
-238307178,215514723,-759754648,12048
-236087694,217156699,-760769122,13124
-234605452,218996552,-761762477,13824
-234098278,219034912,-762109161,14084
-233165544,219023434,-762653982,13812
-232228475,218603821,-763169591,13824
-231551713,218112942,-763713847,13700
-231103779,217522354,-764173894,13776
-230734959,216993106,-764563117,13932
#!,zero-counter: 74
-238354145,224062963,-762411346,14204
-238368781,225388850,-761906288,14392
-238190192,226795629,-761399310,15032
-237377672,228323524,-761213467,16616
-235498606,229879763,-760499570,16696
-232848964,231270383,-758799512,15392
-230178466,232570969,-756663440,13424
-227548484,233538177,-754776022,12376
-225526170,234376151,-753173580,12116
-224303147,235006283,-751514395,11924
-223835079,235439260,-749862341,11164
-223799479,235604600,-748480555,11776
-224357765,235604656,-747212485,12080
-225405851,235421975,-745954536,12840
-226644605,235133807,-744745524,13072
-228177911,234717977,-743600286,13440
-229624073,234045659,-742514031,13264
-231050731,233332086,-741429955,13352
-232148717,232635837,-740648295,12808
-233152201,232039314,-740131071,12772
-234088046,231404761,-739790155,12880
-235287968,230763653,-739499715,12928
-236550672,230167081,-739392931,12788
-237998716,229569060,-739389672,12444
-239668710,228904740,-739421502,12824
-241770358,228172554,-739364131,12632
-243896971,227143673,-739396166,12952
-246244367,225980962,-739753787,13064
-248842503,224710570,-740367322,18228
-251430705,223413050,-741273191,13772
-254032686,222070001,-742305684,13556
-253435861,219708672,-747247454,15124
-250349294,221611582,-750369113,12908
-248442797,222888243,-752864951,14880
-248507915,223984447,-753356384,13600
-249210719,224224395,-753402449,15028
-248702508,225635459,-753689492,13448
-247276321,226370424,-754526453,13204
-246872375,226855720,-755285493,14324
-246242998,226418151,-755703289,13964
-245619096,226298593,-756373905,13708
-244739574,225953295,-757023925,13640
-243984993,225626549,-757677160,13772
-243289268,225242413,-758133843,13656
-245476045,223609733,-756367404,14924
-245055176,221522774,-755666456,12604
-247269744,221476582,-753526509,15260
-250549143,220518487,-749009729,15824
-252405543,220295063,-745704299,8580
-254584233,218981683,-743148803,14360
-255537358,219687561,-742006882,12956
-256559002,220022797,-742016923,13592
-257421324,220448808,-741429731,13360
-257596246,221118357,-740772145,10496
-256216250,222699869,-740434268,5944
-253037967,224884682,-741704534,7916
-249376042,226811784,-744547153,16708
-247385104,228110046,-746674207,12792
-248260978,228412089,-746798799,13940
-246572329,229169560,-747514304,13864
-244274583,230603558,-749445116,13688
-243570952,231245810,-750378012,13268
-243113102,231652697,-750905226,13036
-242366578,232354544,-751849873,13792
#!,zero-counter: 84
-246739247,238934502,-752828595,13364
-247002799,239559329,-752369921,14788
-247275514,239924662,-751762168,15228
-246595038,240495227,-750653879,15876
-244881824,241344911,-749270824,14844
-243302824,242191306,-747700722,12928
-241952814,242696654,-746233619,12852
-241031572,243315613,-744472659,12812
-240524755,243796766,-742507066,12476
-240656351,244073249,-740615150,11776
-241165898,244131264,-738815721,12272
-242006157,243981253,-737079546,11884
-243194558,243751629,-735391187,12008
-244348740,243371452,-733989450,12356
-245640351,243133085,-732799543,11944
-247191011,243144145,-731629901,12740
-248550198,242812424,-730730698,13088
-250329111,242391498,-729914799,12160
-251997840,241644499,-729504828,12064
-253849908,240587625,-729302297,12112
-255789872,239290969,-729548172,11824
-257854392,238124807,-730412564,13440
-260094295,236943452,-731656915,14688
-262546093,235859227,-733344251,13968
-262698927,234877056,-735443810,13872
-262192818,235817265,-736457473,13952
-260725104,237053232,-737743861,14280
-258933637,238186602,-740354818,14236
-257822135,239752575,-741710104,16844
-256958941,240640330,-742979882,18224
-256376383,241404991,-743688938,13956
-255786655,242287094,-744255735,13888
-255114426,242787093,-744660524,13208
-254553815,243367374,-745109642,13816
-252180265,242861664,-747335912,13512
-251446235,242385514,-748095593,13448
-250744311,241907079,-748808585,13236
-250395109,241364934,-749059181,13740
-251233243,240700904,-748431514,13256
-253123380,239485646,-746785386,12744
-255071754,239174579,-744417488,15940
-256797548,238860976,-742602158,12776
-257576092,238880446,-741409607,13360
-259908249,239450455,-739595740,12804
-262209751,239790374,-737160415,11956
-265707021,240162298,-734291165,15336
-266815534,240858875,-733969987,13380
-267459441,240789715,-733646932,13040
-267747165,241511901,-732947209,13572
-267433948,242319439,-732967501,12868
-266548886,242929848,-733515044,12924
-264523873,244007742,-734539919,9356
-261126351,245511972,-737228765,15876
-261370932,246502450,-737658947,14348
-261745512,246139448,-737526965,14136
-260944384,246935814,-737940554,12880
-258062211,248297231,-739669336,12384
-256644385,250032547,-741022182,14352
#!,zero-counter: 42
-256309422,252441811,-745697022,13428
-256913248,253577326,-746074699,11512
-257215709,253477584,-746455795,14052
-257950206,252814675,-747253637,14104
-258521298,251550825,-748410355,14820
-257909082,250495796,-749208371,15860
-255909903,249980226,-749518658,15500
-253136629,249691719,-749999653,15352
-249594303,249660258,-750804850,13612
-246084040,249541932,-752022454,13840
-243528729,249377584,-752969883,13968
-240896754,249514504,-753432599,12584
-238074162,249708811,-753975685,11444
-235577579,249728719,-755263840,11584
-233391605,249528523,-757339736,10604
-231634383,249616065,-759720545,9984
-230325415,249743386,-762333656,9912
-229689859,250148526,-764950484,10980
-229470843,250595317,-767402716,11708
-229489822,251211972,-769557665,11964
-229400640,252023001,-771499262,12832
-229104053,253135181,-773127288,12368
-228918333,254486045,-774349980,12620
-228846281,255821428,-775122323,12660
-229204592,256717776,-775746725,13348
-230253579,257080583,-776474393,13928
-231746249,256901898,-777472718,14544
-233411660,256242877,-778651674,15324
-235403571,255295059,-779841530,16452
-237648421,254280055,-780936206,16936
-241992549,249280187,-782042122,13128
-243007319,248741779,-782243256,13240
-244366192,248262194,-782420053,13868
-245699164,247808177,-782551055,13892
-246984003,247289307,-782611616,14256
-247964977,246659342,-782894701,14024
-248944466,245888025,-783382667,13816
-249923288,245149957,-783780298,13748
-250829936,244548456,-784100072,13848
-251642229,244034393,-784348812,13768
-252475509,243527016,-784509248,13908
-253312044,243153461,-784606507,14192
-254969733,242587440,-784697670,14512
-255859554,242242459,-784778860,14708
-258917730,240788090,-784987108,13236
-259693472,240214632,-785523838,13136
-260882548,239381203,-786077347,13208
-262436436,238344563,-786568743,13368
-264331332,237067813,-786946193,13564
-266742155,235644971,-787121942,13956
-269479336,233960308,-787177694,13912
-272361850,232168355,-787326417,13680
-275299969,230258323,-787686303,13868
-277901835,228601046,-788342510,13992
-279166554,226975379,-789022589,20972
-280065955,225629740,-789193755,14660
-280033704,225081443,-790048386,13928
-278188256,225741997,-791295622,12876
-275887365,226733020,-792777249,13116
-273701486,227911178,-794251926,16296
-272854433,228998126,-794760816,13556
-271382559,230014327,-795701070,13484
-270177490,231104060,-796804736,14096
-269219759,232423619,-797651276,16072
-269559780,233427756,-797546649,16224
-268878048,234227232,-797085068,14296
-267854393,234424627,-797380215,14344
-268159089,233470123,-796838183,13512
-269771505,232531593,-794991591,14944
-271818587,230908519,-792627243,16296
-273981795,230340830,-790191473,15512
-273754144,229620712,-788924132,14004
-275096351,229207997,-785511048,11628
-278268976,228889716,-779985896,14056
-279204841,228665495,-777315988,13664
-279210795,230753719,-776512180,13840
-277758888,232100588,-777013473,16832
-276104654,233220832,-778004683,12460
-272901847,234782481,-780661276,10372
-273034269,236106243,-781233701,17756
-272991591,237003655,-781131315,14052
-270051465,238272978,-782865508,14180
-267780096,240372793,-784850598,16764
-267370113,241022356,-785373081,17104
#!,zero-counter: 106
-277692662,250257139,-778974168,14796
-277553641,251718830,-778422823,15540
-276968584,253816539,-776840997,18968
-274382775,255861829,-774685935,18680
-270750257,258386242,-772354382,17040
-266644276,260754615,-770138181,14488
-262708305,263071569,-767601510,12480
-259224956,265143832,-764971423,11456
-256679742,266718500,-762389549,10364
-255506577,267457907,-760052977,10544
-255938764,267422587,-757995025,9436
-257320963,266881374,-756589528,10556
-259508162,266123203,-755841971,11224
-262106882,265239393,-755735579,12436
-265158073,264250207,-755954548,13968
-269006177,263304584,-755865646,14352
-272551475,262057830,-755870529,14832
-275893274,260663330,-755833957,15012
-278849516,259119569,-755639678,13992
-281588315,257631640,-755338831,13396
-284022992,255970234,-755073685,12916
-286068345,254317190,-755106093,12996
-287822860,252803537,-755505714,13996
-289433224,251434483,-756285203,19216
-290365095,247613059,-760111381,13152
-288382136,248650807,-762006859,13888
-286410424,249921451,-764230914,14300
-284953461,250810258,-765793835,13752
-283783661,252009566,-767408511,14568
-283162549,253223915,-768189346,16372
-281116003,254437190,-769918541,13316
-280641936,255189906,-770892606,13376
-279789609,255693946,-771799550,15024
-278804817,256528147,-772607614,14052
-278005752,256495451,-773108598,14000
-277377637,256218857,-773664276,14012
-278201991,254525889,-773003887,14108
-279832313,252881445,-771321322,16712
-281420262,251104456,-769891459,13464
-281410253,249993915,-768977359,12524
-282733987,249607380,-766588299,13180
-283994713,248952875,-762962434,11348
-286082250,248538646,-759140175,14528
-286809959,248938832,-758067444,13272
-288022895,249365165,-757777757,13988
-288722127,249747558,-757214157,13736
-288610007,250599088,-756650840,13944
-287503001,251789844,-756590744,8040
-285239243,254521519,-757481913,10848
-283981921,255892994,-758333414,11944
-283446425,256947009,-759090049,18524
-282070579,258383350,-760543123,13904
-279989441,259609110,-762765868,13928
-279530613,260826421,-763791089,15008
-278848692,262073696,-763892861,13684
-277076398,261396247,-765417338,13764
-276764417,260767658,-765921377,13860
#!,zero-counter: 84
-282725173,269051438,-765643253,14212
-282300900,270327705,-765189049,14848
-281149743,271719096,-764743310,16264
-279382023,273132155,-763577117,17536
-276937119,274209371,-761670576,15536
-274836357,275965662,-759428048,13320
-272216975,277377465,-757649047,12628
-269927836,278827623,-755922238,12348
-268348139,280225489,-754067843,11752
-267451363,281013293,-752015234,12120
-267564518,281398208,-749782433,11744
-268384438,281260256,-747626681,11216
-269824934,280748720,-745571735,11240
-272024099,280003979,-743587291,11584
-273974650,278910968,-742275775,12076
-275702108,277998338,-741785176,11556
-277496441,277061458,-742022194,11916
-279901620,276049665,-742541905,12448
-282648046,274991029,-743236403,13024
-285607423,273901296,-744126518,12948
-288742920,272691563,-745190002,18284
-292151558,271335417,-746277061,14824
-295367425,270018495,-747345602,14548
-296600204,268693994,-747978183,11432
-295253515,268871948,-749105518,16184
-293121861,270378973,-751759352,14792
-291537115,272032145,-754187270,13772
-290004081,273321381,-756239568,14320
-289174096,274424620,-757488184,12992
-287966182,275218846,-758945973,14336
-286194084,274641013,-761468462,13972
-286346977,273766008,-761136112,13564
-287115297,272877101,-759835651,14584
-289227496,272099222,-756936009,16364
-291879499,270603293,-752743334,12784
-293122397,270375126,-749676351,12964
-294688915,271095712,-746864156,12904
-295938348,271073636,-744242593,9616
-296866042,270892537,-742681098,13944
-297350347,271240570,-742986130,13824
-298958051,271595428,-742287410,13336
-299185414,272359093,-741770683,13316
-298728928,273638844,-741605894,11860
-297754547,274839789,-742314325,15212
-295256062,276448178,-744590764,12424
-294027787,278320712,-746344574,16772
-293656760,278682008,-747188672,16064
-292577606,279612446,-748281746,13452
-291224757,280662635,-749376180,15576
-290919058,281419280,-749905925,14300
#!,zero-counter: 86
-294467965,290145133,-753077867,13684
-294079779,291082079,-752874162,13540
-294836030,292531476,-751312514,14332
-295828771,292665391,-749887314,13320
-296261290,292563056,-748698299,13576
-296934029,292818686,-747215643,13712
-297260111,293128134,-745714492,14752
-297104796,294086413,-743809873,15612
-296539439,295178333,-741522977,15380
-295767575,296355808,-739026704,14524
-294735699,297460855,-736533187,13492
-293642877,298552676,-734154080,12872
-292383258,299295859,-732176072,12056
-291630567,299698441,-730507411,11024
-291315431,299612117,-729445963,10116
-291605276,299156328,-729102248,9572
-292780645,298515820,-729273696,9996
-294715886,297740928,-729699200,10752
-297034868,296796510,-730397712,11704
-300095608,295646472,-731260699,12856
-303520646,294307787,-732075328,14028
-306860136,293067946,-732942868,23316
-309477253,292103009,-733684547,14676
-309474799,292447491,-734472175,13232
-308410224,293708202,-735791666,12672
-307020791,294935020,-737292530,11952
-304971396,296277710,-740208507,13404
-304271510,297811558,-741735048,14072
-304038627,298549134,-742900205,15308
-304013979,298985525,-743637848,14884
-303351843,299697516,-744243799,13824
-303019919,300532360,-744812472,13548
-302017850,300749468,-745570130,13308
-301324196,300673828,-746255975,13192
-300625741,300400767,-747105657,13260
-299926966,300016032,-748018234,13424
-299594977,299377806,-748509186,13632
-300091492,298641186,-747972090,13840
-301559184,298077299,-746138788,15904
-302314599,297934677,-743975421,11620
-302848834,297882878,-742215978,14080
-304777272,298334566,-739596808,12700
-306534103,298085642,-736786884,11436
-308727649,298173201,-734060689,14864
-309557015,298695351,-732805511,13036
-311306111,299686237,-731479107,13068
-312252996,299880586,-730814110,14404
-313074598,300072571,-730721799,13356
-313844555,300241567,-730250998,12628
-314719269,300724004,-729599429,13772
-314899087,302054554,-728688779,13600
-314576203,302370297,-728449976,11612
-311347056,303192808,-730533519,14444
-308392108,305571926,-733296999,13644
-304608797,306854605,-737351648,13100
#!,zero-counter: 42
-301927141,307385545,-743326262,13584
-301234915,308075687,-743588641,13580
-300668398,308656084,-743779666,15276
-299958121,309148086,-743157793,17060
-297598629,309742639,-741731230,16988
-293832945,310486491,-740520878,14852
-289874465,310805013,-740240903,12992
-285739415,310382931,-740910449,10416
-282902088,310022092,-741987298,10308
-281338977,309145186,-743521254,11624
-280644358,308001092,-745361551,12364
-280026302,307255144,-746951071,11704
-279155140,306428459,-748682423,12452
-278556319,305526031,-750860680,12324
-278073541,304690356,-753697601,11288
-277240687,304103925,-757305245,10972
-276320939,303981015,-761128250,10724
-275560169,304068078,-764833200,10356
-275446566,304156874,-768070506,12028
-276184099,304221719,-770607140,13016
-277392290,304335504,-772585667,12860
-278862415,304388078,-774194971,13712
-280735770,304315761,-775617474,14260
-282302551,303796764,-777233783,13856
-283762201,303172957,-778814700,14212
-285688498,302398431,-780125855,14872
-287858544,301608196,-781130842,14808
-290140821,300857580,-781880420,14796
-292010017,300480459,-782408035,15236
-293374920,300303403,-782825257,15376
-294341224,300263762,-783352430,15648
-295213322,300066840,-783923203,14976
-295882998,299631371,-784620610,14272
-296570848,296634193,-787297720,13096
-297444181,296189543,-787579678,13512
-298443204,295637316,-788044780,13704
-299616848,295011960,-788564849,13848
-300891673,294379074,-789002197,13964
-302227398,293734640,-789239974,14068
-303407466,293267777,-789385582,14440
-303239716,292730855,-789454592,13404
-303202297,292470875,-789947944,13064
-303333258,292382479,-790311892,13180
-303671222,292280889,-790535457,13652
-304923340,291632610,-790487115,13984
-305655680,291230400,-790247470,13972
-306568348,290765907,-789999376,13612
-307687146,290186560,-789864049,13384
-309159055,289498793,-789890149,13424
-310781183,288767500,-790114331,13416
-312563618,287945640,-790306607,13536
-314691706,286910691,-790390595,13412
-317094196,285660928,-790469230,13500
-319867746,284182207,-790448585,13464
-323093674,282510096,-790264850,13408
-326198046,280683625,-790197528,14456
-327343096,278615049,-791004555,19776
-327764882,277171621,-791264495,14672
-326553446,276822513,-791397649,13924
-324639645,277602563,-792694306,13576
-322354252,278461148,-794676885,12960
-321186321,279359850,-795834501,14184
-320577784,279808240,-796793738,13916
-319610456,280704308,-797628219,14580
-319865306,281268068,-797380432,15064
-319297174,282213798,-797310630,14448
-318735932,282596407,-797533712,14436
-318097343,282739499,-797893693,14280
-319357299,282050324,-794827400,13072
-321615060,281700067,-790671896,12664
-323477125,281389937,-786693919,14208
-325140915,281981561,-783294892,19208
-326726100,282052098,-779858792,13824
-327976031,282174866,-777569873,13924
-329255402,282979052,-776138734,13936
-328979841,283676332,-775739026,14096
-327078658,285049677,-776158477,10536
-323199692,287339177,-777824482,10780
-320343683,289287913,-780342531,16160
-319706693,290220857,-781456336,17176
-320748797,290093436,-780991217,14760
-319801725,291726407,-781215137,13900
-319446434,292648037,-781362605,14460
-319097856,293333943,-781523791,14072
-318442078,293909529,-782055249,13672
-318127354,294238885,-782529078,14352
#!,zero-counter: 80
-325988594,302883188,-777732223,14520
-325054387,304711055,-776737200,16416
-323636946,305806412,-775258128,16396
-321604803,306870317,-773712744,15716
-319317026,307974194,-772161343,14424
-316771863,309213035,-770690348,13588
-314308608,310557183,-769227916,13192
-312138245,311731683,-767930779,12656
-310625839,312578920,-766734124,11980
-309751992,313023348,-765727703,11344
-309727967,313215821,-764890050,10972
-310531380,313102385,-764300233,11840
-312084478,312727781,-763755180,12024
-313925627,312328759,-763273984,12748
-315852067,311750135,-762811810,14060
-318035580,310921191,-762245735,13364
-320306351,309904020,-761663252,13776
-322539610,308830412,-761134753,13680
-324473358,307563389,-760942691,13264
-326288429,306304932,-761082511,13032
-328330887,304913243,-761393003,13060
-330778577,303286785,-761617740,13652
-333230194,301567691,-762041039,28372
-335287794,299749368,-762865449,14468
-335723912,296111580,-763633449,13596
-334995301,297028630,-763705007,11420
-333120035,298841975,-765186762,14428
-331366706,300162303,-767240010,10888
-330251225,301112049,-769441058,15400
-329879188,301509779,-771039466,13608
-329009371,302744058,-772249105,13172
-327779933,303582350,-773666578,11736
-327630629,304738330,-774594559,14972
-326135687,304893664,-775695395,14064
-325247211,304396034,-776544473,14024
-324729943,303764085,-776992229,14344
-324546287,302631446,-776870748,14452
-325787988,301657396,-775008440,12388
-327249627,300060885,-772237783,13992
-328796218,298369765,-769345066,13860
-329159338,298021173,-766935640,10876
-330956316,297838194,-763178560,11512
-332610083,298604131,-759736444,13504
-333237802,298756782,-758705506,13804
-334060536,299227308,-758591802,13964
-334916265,299393802,-758029197,13980
-335805501,299849497,-757334573,12064
-335873358,300858876,-756660779,14492
-335301585,301506679,-756635864,10848
-332574133,303294670,-758533189,13220
-330950120,305377855,-760046313,16440
-330241367,305880965,-760910780,13748
-329956283,306624466,-761422166,14360
-329412723,307509858,-761885739,12792
-327754356,308369846,-763228640,14540
-325950516,309119066,-764947691,14548
-322957683,309851575,-768758965,13876
-322506306,309269773,-769267068,13872
#!,zero-counter: 64
-328206733,317028545,-766569220,13816
-328738927,318148406,-765455152,14308
-329509669,318547631,-764191834,14280
-329727336,319026419,-762792363,14192
-329855405,319235893,-761287466,14340
-329970379,319097220,-759563648,13760
-330179717,318823018,-757685317,14212
-330427402,318507743,-755631034,13120
-330868201,318135373,-753605457,12632
-331593162,318188036,-751453097,12444
-331986025,318386300,-749757664,12844
-332346001,318654326,-748802456,12656
-334645929,318645047,-748067488,13328
-335936708,318198673,-747817451,13232
-337325934,317345299,-747692495,13004
-338989610,316313936,-747633060,12808
-339602155,315197234,-748013858,20216
-339707804,314285494,-748591420,14360
-339582394,313378847,-749069544,13880
-339335639,313340084,-750188573,12608
-337728331,314120809,-751813897,13536
-336018763,315332173,-753898727,14152
-334994972,316015018,-755134705,13560
-334091882,316784265,-756377988,13968
-332549478,317328918,-758137392,12960
-331555143,318441952,-759497225,14968
-329861442,320015398,-761095340,13416
-329322625,320591520,-762073936,14008
-327738061,319768919,-764038814,13828
-328632935,318698528,-762673819,13488
-330295635,316963520,-760639954,14412
-331627189,316315140,-758665469,12924
-332534725,315878862,-756860920,12164
-332913892,315779190,-755056170,14136
-335433514,316270860,-751719457,14420
-336338868,316420967,-749852371,13424
-337700832,317805277,-748027076,12588
-338419751,318442905,-746567779,11944
-339413593,318908176,-745189600,14520
-340058090,319176604,-744904206,14176
-340517232,319564633,-744626385,13600
-340954821,320125147,-743954391,13004
-340743360,321695618,-743288146,16056
-341331630,322336255,-742923507,14212
-340549107,323117308,-743144692,12680
-337104344,324753118,-746147078,13800
-335982205,326605193,-747855111,14464
-334831024,327399897,-748895219,13572
-332683107,328351165,-751195728,16796
-332514236,329101495,-752195710,14764
-332610302,328461848,-751978446,13856
#!,zero-counter: 80
-333924793,335485356,-755123627,13848
-333502199,336569721,-754837700,13812
-333051603,337911105,-754413250,16036
-332104824,339396333,-752839856,17588
-329586065,340820147,-749918484,17152
-326565121,342524210,-746627194,15648
-323350340,343904579,-743974852,12656
-320502490,345119079,-741680589,11528
-318348799,346334875,-739412912,11068
-317027877,347388086,-737323272,10924
-316546943,348079953,-735503999,10516
-316833084,348476595,-734052877,9756
-317769243,348506317,-733129012,10152
-319596504,348332711,-732489014,11080
-321779521,347943221,-732157853,11380
-324207706,347341469,-732222493,11792
-327171753,346352994,-732450910,12600
-330401195,345284776,-732769777,12720
-333630607,344214704,-733267605,13128
-337096688,342941876,-733789646,14004
-340739083,341481915,-734309692,31708
-343910763,340018552,-734983053,14496
-345279317,338247474,-737932742,9912
-342288530,339394854,-741106045,10496
-339855386,340408281,-744729900,17296
-339023612,341091829,-746298036,13852
-338216853,341320591,-747385486,15172
-336789889,342488107,-749749487,15940
-336501259,343301733,-750068217,13044
-335446801,344164230,-750441398,13396
-334738042,344180326,-751124932,13312
-334203615,343851863,-751861709,13252
-333705380,343428674,-752684033,13524
-333395553,342856460,-753223053,13308
-333681749,341907380,-752985900,13904
-333945131,340905416,-752355114,13320
-335625488,341321576,-749894632,11820
-338101443,340560671,-745595837,14840
-340299431,341180637,-741881078,15792
-342335816,341892600,-738739802,13952
-344563368,342745009,-735200651,13872
-346294765,343512174,-732329870,12260
-347029979,343945909,-731191474,12676
-347599877,344276783,-731213725,13432
-348416177,344550339,-730724234,12452
-349089347,345311740,-729925475,13180
-348854508,346755240,-729288243,11692
-346800377,348454833,-730685306,18068
-344728954,350516418,-732974264,15292
-343028034,351452111,-735319900,13040
-342385288,352074826,-736662507,14188
-339379540,354462065,-739512441,13372
-339022726,354999372,-739654400,13296
#!,zero-counter: 52
-339030960,356520532,-744313279,13152
-339214551,357607386,-745070324,13464
-340090176,357214746,-745191984,14012
-341202639,356159452,-745269324,14680
-342034141,354722881,-745820459,15672
-341380322,353140709,-747015396,15988
-339873857,352589687,-748175637,15928
-337573224,352058731,-749477000,13280
-335297972,351025278,-751261442,12604
-333390640,349961030,-753356753,13680
-331257765,349832550,-755045724,11588
-328947580,349652307,-756832563,10980
-327393706,349904778,-758615925,11932
-326307897,350391000,-760442590,11492
-325521215,350965956,-762180844,11648
-324839143,351465670,-763932483,12064
-324568501,351853516,-765672226,11608
-324685929,351800861,-767426808,11764
-325253932,351382407,-769053383,12236
-326707233,350664100,-770313659,12800
-328868161,349772400,-771088395,13860
-331154300,349076589,-771241612,13552
-333369394,348292581,-770990170,13672
-335375825,347604377,-770699026,14040
-337053860,347209491,-770610391,13416
-338454963,346713717,-770728998,14064
-339741854,346094788,-771176131,14176
-340755263,345506393,-771906213,14676
-341599847,344914627,-772735974,14772
-342382295,344377423,-773491489,14904
-343229105,343836995,-773996846,14880
-346589227,342228505,-775279302,13588
-348854948,341945757,-775079803,13660
-349681500,341752858,-774827389,13680
-350538218,341443215,-774489487,14196
-354786119,339030372,-773935298,13692
-355950571,338472452,-773448719,13600
-357087229,337880820,-772923153,13976
-358245193,337282859,-772467183,13628
-359556280,336563750,-772034359,13628
-360921289,335843774,-771718550,13508
-362249292,335165379,-771583385,13368
-363821607,334455628,-771511075,13596
-365669085,333578710,-771461630,13480
-367971654,332485542,-771356184,13392
-370529341,331190523,-771321967,13612
-373057413,329851584,-771521783,27212
-374046530,328659961,-771673185,14644
-374374051,327687933,-771794373,14684
-373148801,327713506,-772612199,14668
-371151916,328202691,-774533275,14084
-369284367,329054367,-776089719,12240
-367633651,330108395,-777569428,17596
-366193315,330790906,-779106949,13004
-365081752,331600114,-780469249,13724
-364878709,332461941,-780582141,14932
-364328606,334049019,-780322212,14172
-363857609,334327922,-780514700,14132
-362897092,332850243,-780870297,14516
-363103901,332632061,-779513614,13884
-365566716,332321211,-775293878,16304
-367825447,333082405,-770256014,14912
-367963857,333168824,-766907676,13220
-368520693,333863441,-763699890,12604
-369592415,334408020,-760611706,16776
-370644365,335488520,-759291137,14424
-369518008,336560104,-759478080,12304
-367214307,337668441,-761077883,10576
-364869491,338560467,-763191771,11100
-363206029,339140937,-765186443,10544
-362690202,339887881,-765857269,14424
-361715971,341077969,-766306868,13988
-360853420,341553742,-766897470,13112
-359492989,342426449,-768153843,12080
-358866322,343402218,-768904758,14784
#!,zero-counter: 73
-363385936,352163259,-764913251,15192
-362914694,353130930,-763476579,16020
-362243549,354263614,-761482118,15424
-361508838,355322392,-759849884,13828
-360586598,356282225,-758644726,13476
-359700333,357080922,-757566933,12816
-359228368,357706785,-756495327,12236
-359090021,357968753,-755693242,13016
-359549262,357942659,-754905394,12600
-360563359,357646534,-753998680,12392
-361967339,357079488,-753041501,13172
-363524068,356567647,-752078107,13776
-364888338,356081657,-751130761,14200
-366191569,355667209,-750118607,14340
-367161627,355230881,-749142728,13592
-368019013,354755477,-748224061,13252
-368534874,354264789,-747576745,12696
-369023968,353740180,-747212410,12192
-369803311,352999185,-747108604,12104
-370963838,352125916,-747266340,16944
-372576841,351237597,-747602019,14996
-374761072,350138450,-748076659,14336
-376171292,348674628,-748438147,12672
-374805245,349381221,-749436786,12672
-371221511,351289580,-753930411,11236
-370274967,352428338,-755133212,12584
-368937995,353211624,-756664764,13228
-368451528,353973934,-757641918,13772
-366997697,354418088,-758934045,13068
-365657369,355591340,-760604400,16388
-365464413,356406333,-760890923,13940
-364474715,354725190,-762022801,14792
-365252111,353697932,-761171521,14004
-367749211,351996873,-758782726,15632
-368875166,350842263,-755917634,10588
-369167750,351452994,-753517675,14432
-371325072,352163694,-749201443,13904
-373412781,353371465,-745513010,15608
-374280264,353847177,-743637711,14100
-375664708,355131285,-742745469,12656
-375516401,356406634,-742124589,14668
-374701854,357682001,-742088456,15708
-372173051,358985639,-744339066,14936
-370385810,360438459,-746156406,15240
-368821950,361950532,-747672921,11320
-366583338,363475208,-749539366,14576
-365397782,364982843,-751447918,19468
-365719865,366164119,-751513710,13604
-364868795,366825141,-752133944,13868
-363934072,366241102,-753296965,13596
-363549753,365709379,-753908167,13724
#!,zero-counter: 82
-368160737,371471091,-752564970,13940
-367581844,374063865,-751451343,15708
-367581299,374473047,-750242765,15608
-366836991,374929941,-748550272,15032
-365856350,375422452,-746820443,13336
-364865493,375978376,-745368819,12648
-364290592,376517868,-743818114,12252
-364032249,377208695,-742101573,12784
-363871013,377866756,-740358196,12856
-364273395,378453425,-738454338,12428
-365091027,378737461,-736565080,12504
-366202678,378616235,-734772789,12064
-367487454,378304506,-733226179,11856
-369017550,377615421,-731882150,11952
-370640946,376677838,-730912693,11976
-372064210,375467465,-730541916,11864
-373314008,374178208,-730850920,12228
-375038317,372718078,-731420737,12692
-377078321,371485835,-732153999,12896
-379584016,370514558,-732847869,15884
-380112585,368909522,-733854088,14660
-380931469,367977641,-734295411,13536
-380299783,369125246,-735285970,15284
-377805789,369991989,-737980401,11324
-374274020,371452276,-742378885,16628
-372077361,372923386,-745416966,13328
-370659681,373653291,-747339323,14612
-369248715,374228961,-749298466,11756
-368927471,375153020,-749963941,13620
-368460402,375372302,-750294002,13776
-367638792,375488966,-750826851,13580
-367000330,375397917,-751461450,13476
-366507910,375054844,-752185183,13440
-366677290,373342559,-751892068,14036
-368786102,373429513,-748219868,14968
-370214383,374336753,-744318327,12344
-372330905,375789599,-740240654,18400
-373363093,375885881,-737495902,11260
-374685343,376815538,-734611583,12400
-376128090,377887647,-732455495,13680
-377566086,378106868,-731855356,13664
-378124256,378610762,-731094416,13160
-378430984,379760908,-730074347,11704
-378279597,380943636,-729359044,14168
-378391444,381892082,-728936370,14956
-376946244,382743075,-730009394,17888
-373922428,384215143,-733569496,15492
-373347432,385004078,-734812776,11928
-373047422,385486027,-735486386,13400
-371032413,386441013,-737481573,11100
-370903478,387330256,-737694834,14104
-369925554,387318924,-738409342,13304
-369478310,386888763,-738966491,13284
#!,zero-counter: 68
-371372655,394577154,-738422226,14208
-371201924,394973780,-737644616,14184
-370913734,395401078,-736585698,14008
-370241078,396145464,-735292501,14196
-369469808,397015736,-733619271,13768
-368976395,397715910,-731683062,13208
-368752457,398263552,-729588904,13024
-368727647,398793037,-727425955,12608
-369078616,399451439,-725260631,12352
-369664322,400051428,-723239196,11860
-370375363,400442698,-721672306,11576
-371119764,400428196,-720835616,11480
-372249099,400222089,-720390576,11484
-374037709,399745256,-719956335,11476
-376405435,399177812,-719444587,11652
-379163048,397901349,-719375287,13688
-382251253,396377291,-719542776,12408
-382196577,395189517,-720057045,14700
-381831438,394060683,-721199648,12980
-381119239,395298317,-721756641,12952
-378901070,396303908,-724632371,13660
-376721427,397449275,-728023030,11536
-376079122,398490951,-729615297,16368
-376903089,398855315,-729484407,13860
-375794815,398959040,-731286629,13176
-376812276,399501271,-729237433,14440
-377452924,400163225,-727014739,12448
-378863187,400609879,-724267536,11924
-380395469,401816034,-721494726,12904
-382385442,402151433,-718329981,14624
-384414423,403598503,-715346773,12300
-385757921,404314395,-713330937,13760
-387207932,405843724,-711382102,11512
-387666228,406183730,-710139580,15472
-388146161,406717828,-710113085,13288
-388610184,407684478,-709141682,11724
-388549769,408265102,-708725309,14180
-385541223,408669991,-710923325,11028
-383562589,409806549,-713649307,20432
-382767194,409752176,-714961345,13516
-382475205,410233476,-715385537,14192
-381442884,410663164,-716249097,12976
-380812942,411351481,-716785462,13700
#!,zero-counter: 95
-381769492,420692663,-719975188,13284
-381039714,422129381,-719943734,13384
-380737677,422802427,-719984917,14312
-380176081,423435642,-719790690,14676
-379177047,424058951,-719050449,14376
-378060110,425031467,-717585139,13380
-377189757,425840548,-716113668,12276
-376948579,426731586,-714377608,12180
-376791320,427305928,-712684329,12272
-377115958,428053203,-710747501,12676
-377644865,428993516,-708770666,11644
-377941745,429459064,-707373043,10736
-378391391,429564266,-706550359,10704
-379207256,429387697,-706356633,10796
-380427863,429015225,-706468055,11096
-382136972,428318765,-706662244,11584
-384306193,427366999,-706858218,11804
-387313170,426184491,-706848815,14676
-390749509,425013543,-706533950,13448
-390877372,424016415,-706620419,13820
-391504120,423071449,-706640149,12768
-391018728,422268228,-707438875,12940
-393023647,422685648,-705923776,12352
-393119325,423566285,-705582086,12912
-392873699,424688794,-705771479,13772
-391314065,425000898,-707254120,9416
-389199364,426438152,-710242987,11000
-388315352,427143899,-711669575,14676
-388929188,427356178,-711189694,14104
-388444855,427828375,-711474247,13304
-386554947,430116724,-712773825,12932
-385405589,429218476,-714839754,12960
-385435117,428946122,-714761609,11132
-386251573,428589108,-713106116,12912
-387555739,428550241,-711499054,13548
-388449731,428895760,-710116744,13664
-390531177,430534580,-707306746,11932
-393182226,431459144,-703557580,11844
-395604892,433297605,-700578479,14380
-396142907,434585632,-699394357,13132
-396972047,435176505,-699157200,12472
-397459232,435487488,-698510911,12284
-397631511,436376038,-697750735,12168
-397371776,437035628,-697355371,14180
-395391673,438384267,-698411881,12624
-392957468,439126293,-700433238,9996
-391309328,440476898,-702556850,13896
-391462618,441030872,-702869391,12072
#!,zero-counter: 91
-392307323,449513344,-703903937,13808
-391729444,450421744,-702398795,14792
-390439809,451633378,-700921140,13300
-389102301,452889445,-699850818,12168
-387867636,453848541,-698988844,11724
-387502478,455008146,-697642024,11780
-387682006,456029379,-696037701,11804
-388335784,457381056,-694040909,11992
-389148905,457971214,-692357111,11360
-390694790,458583454,-690455891,11384
-392520773,458995177,-688515741,11692
-394710307,459522238,-686368730,11824
-396667219,459782203,-684626005,11672
-398621227,459969944,-683170748,11436
-400578674,459950188,-682144489,11696
-402543077,459805352,-681510502,11624
-404592504,459585599,-681142344,11932
-406664963,459301507,-681012014,12104
-408895033,458944684,-680966135,19548
-411088644,458673549,-680906156,13088
-411062458,458832328,-681628951,12804
-409069582,458685228,-683854141,11316
-407284896,459096024,-686050397,11744
-405579094,459293534,-688125120,13224
-404508485,459140335,-689253142,12364
-402763260,458835498,-690927720,12484
-401202771,459678211,-692761143,13196
-401219926,460026331,-693265136,13088
-401396320,462364097,-694358256,12376
-403227422,463402179,-691946248,11944
-406826827,465440131,-687560869,12276
-409611340,466556261,-684079536,13100
-413091441,468684032,-680093673,10864
-416567866,470447754,-675947188,11612
-419602019,472960992,-672236084,14920
-421227282,474353391,-670345649,12228
-422259191,474804746,-669911549,12784
-421934898,474963503,-669215748,12108
-420799073,474915850,-669393994,12588
-418533604,475028093,-670802056,13440
-414756320,475153634,-674262683,10148
-413672358,475805870,-675479438,14156
-412511234,475638733,-677029034,12600
-410728338,476146898,-678605865,13832
-410120338,476653723,-679010049,13500
#!,zero-counter: 60
-405604056,477438813,-686135942,15524
-403120581,478228172,-686363682,15112
-400221646,478697153,-686719593,14632
-396815529,478392134,-687677368,13812
-393344894,478198941,-688492518,12496
-390245391,477184955,-689728881,12508
-387337543,475224623,-691589309,12212
-384065071,472417675,-694579173,10780
-381660302,468726514,-698361079,10900
-380008311,464394427,-702811152,10660
-378713278,460012169,-707638019,10008
-377719593,456023749,-712591365,10452
-376577102,452559247,-717752143,9924
-375240267,449728742,-723180647,10148
-373726080,447449209,-728913668,10880
-372139565,445658417,-734787581,11472
-371205658,444500790,-739867237,11084
-371173106,443569495,-743700713,11128
-371880236,441973121,-746923761,12120
-373196806,439586120,-749985492,12208
-374701033,436340643,-753358874,12440
-376488929,432490923,-756817228,13504
-378746695,428145765,-760260156,14884
-381661391,423572307,-763659321,15860
-385449422,419009860,-766412926,16720
-389541429,414861807,-768317164,17392
-393257134,411256788,-769384230,15624
-396057349,408206491,-769846294,15620
-397742158,405798197,-769853065,14064
-398608483,403776313,-769497600,13844
-398781378,402044813,-769224907,13416
-399212264,400041949,-769113670,13176
-399946738,397679647,-769438499,13156
-400953292,395376814,-769842110,14872
-402171714,393317770,-770184954,14572
-403308077,391574474,-770497077,13636
-404386416,390118009,-770889397,13784
-405646270,388795416,-770727475,14060
-406760651,387955720,-770006658,14472
-408087112,387192768,-769275867,14568
-416055540,381801592,-767328152,13160
-417239976,381199744,-767039050,12896
-419004868,380512007,-766631218,13032
-421263831,379778891,-766170285,13152
-423987314,379032760,-765623822,13624
-426655366,378276922,-765055593,14680
-429147113,377452795,-764413765,15224
-431444307,376506506,-763665128,15268
-433447548,375634028,-762955343,15100
-435179120,374771712,-762388116,14768
-436211405,373815480,-762255303,19240
-437060749,372131851,-762087909,14592
-435023089,372016699,-763187089,12700
-432818885,372837734,-764897129,10312
-430838034,373522948,-766666071,13204
-429577247,374300769,-767824065,12524
-429299483,375227364,-767987278,14280
-428572674,376226620,-768488891,14204
-427511318,377000774,-769818103,12532
-426832539,378443688,-770978147,16140
-427366368,379289438,-770261087,15024
-426373653,379219301,-769782137,15684
-427082444,378930102,-768013336,14912
-428575200,379127134,-764137318,12920
-430267718,379347237,-760006268,10256
-431143161,380037353,-756555858,14824
-431728317,380801134,-753409087,17148
-431933973,381124919,-752079627,13808
-432185623,383164663,-750427597,13512
-430013427,384979237,-751574303,14100
-427041711,386760425,-754373507,10864
-426540055,388231662,-755455651,17888
-426110605,388843557,-756222818,17820
-425568499,389843948,-757099237,13204
-425525846,390780752,-756957590,15756
-424334415,391970737,-757104234,14208
-423465246,392314870,-757514827,14180
-422822128,392362821,-758019194,14036
#!,zero-counter: 95
-426487345,398880863,-754857489,14772
-425975370,399407962,-753884399,15288
-425398046,399921777,-752566391,14776
-424616239,400398680,-751595599,14580
-423418944,401145739,-751085144,14380
-422173414,401893869,-750645716,14512
-420889789,402738248,-750073955,15240
-419285832,403619690,-749416555,14964
-417384617,404637228,-748666928,14688
-415495126,405596998,-747673734,13896
-413826182,406498030,-746474388,13028
-412390766,407420887,-745255390,11808
-411564218,408110980,-744001826,11628
-411589998,408505017,-742690085,11784
-412218943,408514334,-741659300,11972
-413432936,408347564,-740920969,12684
-415099438,408126178,-740187544,13688
-416961154,407651324,-739491228,13436
-419256369,406930862,-738712400,13064
-421836680,405701742,-738000308,13220
-424334643,404371013,-737433028,12932
-426656014,402978032,-737260196,15000
-429311278,401441545,-737249707,15096
-432051361,399703530,-737346771,14852
-433905977,398413348,-737293575,13484
-433503830,399087293,-737704413,13672
-432127610,400245303,-739078939,14596
-431114587,401257653,-741133443,18000
-430748715,401803505,-742408184,15800
-430553520,401898840,-743388273,14032
-428411134,403001565,-745562004,11056
-427484263,404049705,-747088691,17724
-425524578,403982819,-749377541,14148
-425087803,403371456,-750089067,13980
-424668865,402785383,-750651895,14128
-425013850,402350001,-750117362,14172
-426854792,402358376,-747095100,15852
-427946101,402509676,-744646663,13468
-430122160,402610452,-740377164,15008
-431026365,403230924,-736769523,8132
-432813684,404619760,-733028865,17996
-432990706,405715361,-731098477,12996
-433542913,406347351,-729926820,14668
-434136999,406623211,-729590386,14252
-434189069,408165054,-728459531,14840
-432505804,409669727,-729106494,10008
-429696297,411378729,-731576781,17436
-427343761,412141524,-734691934,15832
-428256602,412155104,-734308576,14620
-427618476,412157110,-734944819,13484
-423796735,413010788,-738844090,8540
-421449325,414644670,-741659774,14388
-422395446,415310584,-740866855,15392
-421838737,416017218,-740902440,13928
-420330322,415652688,-742437202,13900
-419906733,415139097,-743095504,13756
#!,zero-counter: 82
-425023145,419046996,-740374257,15180
-424241166,419653058,-740423505,15808
-422994482,420170388,-740297534,15820
-421212379,420922260,-739711171,14276
-419133523,421650177,-739133893,13480
-417324976,422023660,-738726413,13024
-415835650,422314362,-738013706,13020
-414589377,422691466,-736731834,13636
-413788826,423022466,-734835211,14204
-412972958,423411934,-732663705,13688
-411988083,423966952,-730520475,13176
-411053753,424506978,-728713440,12032
-410123986,425022911,-727413104,11920
-409382234,425352148,-726512272,11712
-408983513,425327829,-725957777,11424
-409304032,425218239,-725464460,11732
-410360918,424930998,-724897153,11992
-411997403,424690348,-724169761,13044
-414011832,424541933,-723279390,13124
-416265579,424019752,-722428616,12912
-418857171,423070176,-721513860,12616
-421249090,421883704,-720870008,12604
-423628234,420614567,-720587150,12808
-426129329,419400946,-720627160,12556
-429004046,418151942,-720745930,29164
-432171259,416929991,-721132574,13360
-434151681,416221103,-721446795,13424
-435508017,415397001,-721005618,16572
-436174753,414956572,-721026981,14340
-435400782,415156238,-721850739,15964
-434550625,415919223,-722631080,13596
-433712489,416463238,-724007698,12780
-432207903,416595852,-726056374,8668
-430616964,417571855,-727980690,17024
-430137810,418144168,-728493616,14284
-425672643,420223896,-734243062,15104
-427993568,421184590,-729950658,15532
-431220389,421925808,-724042854,16048
-433902484,423766162,-719622252,16936
-434937839,424800926,-716855705,13584
-434947657,425817615,-715229163,13432
-435100334,426465882,-714623798,13328
-435516642,427130411,-714096800,12784
-435871176,427796892,-713250073,15092
-435839135,428613272,-712748224,12284
-434558457,429482453,-713395165,12000
-432587787,430481102,-715286638,18444
-430816218,431718768,-717006005,13484
-430336836,432164328,-717728253,13964
-429481979,432535931,-718920523,12544
-428101366,433990066,-720643901,11600
-424252101,435962187,-724465588,9836
-422850047,437341759,-726557422,11908
-423789232,437272633,-726054349,14008
-422759378,437063487,-726729839,13840
-422236372,436789982,-727237534,13480
#!,zero-counter: 78
-425194915,442726208,-724881319,15332
-424828038,443697853,-723535981,16052
-423186122,445103472,-722034569,16496
-420437156,446386037,-721192486,14348
-417999097,447573704,-720350561,13348
-415964054,448626031,-719201878,12388
-414673918,449757518,-717566088,11528
-414145978,450572871,-715908059,11236
-414720386,451356093,-713803905,10700
-416328233,451804553,-711353660,11240
-418634301,451940293,-708749545,11808
-420911163,451766250,-706506999,12068
-423067086,451203287,-704960579,11908
-425386921,450214547,-703931757,11920
-427875245,448938016,-703322602,12272
-430382612,447629716,-703114699,12272
-433261352,446172949,-703038859,15044
-436748666,444117109,-703164022,14080
-435827864,444171195,-704721758,12768
-433803129,444556525,-707858665,11440
-432347147,445093410,-710531893,13080
-431531576,446128229,-712038134,17416
-431819528,446599751,-712240302,14768
-430612342,446534450,-713688126,9496
-430019236,447571789,-714672093,13556
-428349628,446907076,-717959411,13492
-427446393,446355680,-719071399,13460
-426706564,445666815,-720067084,13192
-428171336,445482876,-718337709,12604
-429809982,445316064,-715763803,15972
-431918302,444424129,-713054951,14504
-432438167,444327316,-710718415,11564
-435391311,444954797,-706052718,10160
-437821586,445261443,-702374748,9508
-438864300,446229234,-700128881,12700
-439136267,446940422,-699624586,13968
-439613446,447583453,-699212809,13576
-439852453,448843619,-698295715,13320
-439667813,449571087,-697821288,12944
-438801139,450980708,-697730932,14188
-438301286,451860377,-697892890,12128
-437395661,452767400,-698448862,14360
-435163419,453203462,-700945259,10404
-432989447,454287230,-704502145,17276
-432907766,455050312,-705035694,10312
-431929578,456103135,-706353168,13476
-430771956,457515168,-707558612,11872
-430068542,458412700,-708245848,13580
-428408360,458057478,-710164562,13328
-428409013,457441257,-710763732,13440
#!,zero-counter: 72
-431939464,463160570,-707948660,14088
-431336358,463854811,-707276547,16020
-429700030,464993799,-705699857,16292
-427218050,466672973,-703588554,14164
-424841143,468160098,-701667240,12896
-423074547,469351399,-699877390,11204
-421967594,470503460,-697956750,11380
-421692998,471924967,-695729806,10576
-421762893,472764737,-693933097,11624
-422831351,473355082,-692100261,11268
-424262201,473608553,-690434514,11296
-426114346,473685886,-688839808,11816
-428306191,473563133,-687376097,11844
-430859231,473111087,-685929294,12116
-433354512,472367654,-684937973,11752
-436116468,471434722,-684131813,12136
-439087347,470346556,-683452306,12460
-441994951,469061681,-683245110,14056
-444845391,467960766,-683363373,13684
-445103637,466970754,-684963602,13084
-442776885,467716444,-687648781,11700
-440570431,468371890,-691033612,15344
-438996356,468785224,-693717232,15100
-438043719,468869981,-695758433,13200
-437366791,469537404,-697111357,13452
-436498844,470014228,-698389924,14884
-436728053,470554702,-698150245,13472
-435647642,470336055,-699832244,13100
-436347866,469484847,-699148719,13180
-437942521,470066311,-696540053,13412
-439184038,470984791,-693707030,10756
-439917725,471408924,-691590187,12580
-441271020,471972538,-689121931,14272
-441549421,472079029,-687871709,12364
-443594772,473072576,-684530026,10152
-445440840,474807539,-681294200,12100
-445987762,475342052,-680207839,12024
-446577883,475880326,-679441481,13948
-447275069,476227970,-678976403,13608
-447788805,476594814,-678425283,13200
-448018835,477827897,-677064858,10824
-447052072,478555062,-677438661,13460
-445716606,479134619,-678960304,14756
-444319549,480008775,-680854824,14516
-442958510,480310876,-682847695,17416
-442883432,480760947,-683334038,14612
-441720787,481646845,-684197460,14840
-439972862,482296471,-686367897,13800
-439597312,483289197,-686676871,14220
#!,zero-counter: 60
-438500032,486774803,-689845143,13332
-439844473,486521076,-689419734,14180
-439743369,484868632,-690310662,15008
-439100399,483144628,-691729775,15440
-437943640,481390710,-693539464,14636
-436536413,479279487,-695879968,13492
-435320083,477285945,-698380089,13916
-434317272,475104447,-700854751,12408
-433937586,472982120,-702969505,13488
-433647116,471086228,-704997220,13544
-433139774,469628120,-706866096,14112
-432095548,468678504,-708731260,13292
-430615217,467691365,-711074991,13496
-428577622,466664875,-714007454,12760
-426382830,465477533,-717323894,11908
-424705288,464585624,-720200310,10764
-423556081,463780868,-722448850,9732
-423100968,463070741,-724136991,9868
-423715554,462123359,-725274053,10048
-425103764,461043508,-726091374,10248
-426980028,460088373,-726609234,11788
-428262811,459023685,-727662966,11680
-429566527,458467807,-728718294,12468
-430934015,457999015,-729539330,14036
-432465103,457621838,-730009681,14108
-434257259,457210244,-730233940,13980
-436143443,456735082,-730355257,13636
-437846649,456111967,-730579182,13520
-439546721,455475495,-730735128,14136
-441241850,454920849,-730877859,14068
-443205162,453930006,-731178436,15292
-445356728,452636359,-731588266,15992
-447600379,450939041,-732194815,16152
-450156503,449228893,-732541644,15924
-452183634,447812601,-732697968,14660
-453764593,446587030,-732674847,13652
-454859176,445529078,-732559654,13296
-455450300,444482051,-732706140,13188
-455636656,443557304,-733178004,13400
-455992685,442602155,-733686222,13776
-456486780,441784200,-734127566,14316
-457183707,441025412,-734442985,14456
-458279531,440292655,-734464749,15324
-468771398,436044943,-731044375,13516
-470119360,435426190,-730253220,13676
-471710056,434549128,-729375584,13176
-473688906,433524277,-728344758,12876
-475659367,432549318,-727696612,12820
-477922986,431517938,-727406088,12696
-480729098,430233651,-727267135,13032
-483964639,428863077,-727082157,14464
-486219242,427848777,-726586982,16176
-487557088,426687200,-726173567,14876
-487145738,426266864,-727294181,14952
-486259614,426710762,-727857434,13520
-484698500,427626197,-728784631,14660
-483928422,428558789,-729440966,16316
-482043904,428940983,-731209877,9584
-480100931,429669481,-734190885,15088
-479997547,430800789,-734619128,15376
-480802431,431458980,-733829180,15124
-480739503,432180512,-733737445,14540
-480190807,432899251,-733949956,14620
-479389245,433147863,-734345425,14392
-478605813,432965891,-735078935,14316
-478478227,432489563,-735332640,14512
-478677999,431368455,-735167392,15396
-479400840,430140582,-733930589,11552
-479639843,430056849,-732741930,14428
-480165231,429926574,-730527650,7956
-481616469,430372531,-725962156,15736
-482031075,431840736,-722187299,17180
-483754550,434496742,-718262141,13760
-483343964,435679164,-717854092,14036
-483049556,436771938,-717521648,14188
-481639040,438073689,-718104097,10256
-478390868,439567299,-721455320,10420
-476855044,440721366,-723670790,17568
-477219945,441268201,-723571518,14188
-476657131,441948071,-723945033,14532
-475774928,442292140,-724518224,14116
-475142630,442491205,-725037252,14224
-474553256,442574746,-725615359,14236
-473933279,442557457,-726209100,14272
-473337738,442685556,-726685585,14244
-472826845,442969374,-726999896,14136
-472416569,443484830,-727186236,14628
#!,zero-counter: 77
-478386266,451243829,-720939514,15464
-478956484,452008099,-719401740,17104
-479054224,453411712,-717026706,17616
-477790619,454840250,-715158472,15252
-476148503,455968650,-713848117,13612
-474834485,456912010,-712419393,12600
-473928711,457724357,-710688517,11724
-473688204,458644548,-708578517,12536
-473128008,459773825,-706627943,12816
-473450506,460713950,-704315895,12316
-474539302,460909549,-702210541,12580
-475831772,461066814,-700504584,12572
-477197266,460841041,-699215862,12456
-478838219,460066813,-698325841,12148
-480601443,458783862,-697951984,12100
-482315608,457251150,-698252310,11976
-484434690,455547344,-698932285,13400
-487075028,453963225,-699665171,32092
-488307205,451108221,-702400101,13036
-486307803,452118155,-704297681,16712
-484874387,452509609,-705840136,13916
-482977978,453324669,-708699480,22116
-481025514,454318010,-711048551,11692
-479632341,455161244,-712798697,15480
-479893400,455861799,-712943015,14888
-479380204,455951545,-713769506,13292
-478838545,456509964,-714585134,14428
-478212128,456767568,-714975066,14260
-477438419,457064353,-715555201,14212
-476545321,457159535,-716292005,13920
-475712514,457023168,-717216048,13984
-475128957,456629313,-718083672,14192
-474863175,455903439,-718705489,14736
-474885339,454977912,-718931813,12996
-476615736,454105814,-716458540,15020
-477206357,454292181,-713857093,16412
-477541832,453998859,-711077176,15672
-477991195,454866245,-708275648,14964
-479026946,455295046,-704877256,15000
-480746081,456923619,-699797161,13872
-481321674,457451626,-698939437,13404
-481024718,458321067,-698610071,13168
-480549695,459674661,-698327202,13928
-478660888,460975857,-699413316,10472
-475552141,462861393,-702535901,16500
-474295339,464045608,-704481479,13732
-474191028,464728559,-704648032,16712
-473994456,464843441,-705349783,13620
-473164536,465274022,-706127897,14232
-472122008,465819181,-706945845,13740
-471447169,466233100,-707483920,13920
#!,zero-counter: 74
-472298809,474207579,-705206762,15288
-471460779,475732644,-703757331,15912
-470414872,476718549,-702441765,15156
-469482262,477578243,-701081750,14240
-468549373,478804981,-699333384,13324
-467588355,479821374,-697697610,12796
-467256639,480569049,-696076110,12000
-467347788,480870876,-694770644,11720
-467839400,480858897,-693817452,11428
-468679097,480627572,-693294707,11776
-470242485,480366825,-692592255,12360
-472094396,479638655,-691842104,13376
-474177939,478855406,-690902659,13664
-476221350,477625832,-690074451,13108
-478527720,476152805,-689165145,13124
-480900626,474460705,-688334279,13896
-482676483,472781295,-688190566,15544
-482778174,471201476,-689080718,13956
-482837472,469980744,-690608486,14788
-481373580,470566456,-692413236,11616
-480104725,471157885,-694178236,14972
-478859363,471420338,-696275669,17540
-477392295,471335821,-698711712,13500
-476087123,471819305,-700960870,15328
-474938026,472430602,-702910904,12512
-475312882,473114735,-702371227,13988
-475158096,474196882,-702071568,13848
-474419698,473339752,-703578751,13696
-474354581,472623352,-704166066,13832
-474039578,472302407,-704147243,14148
-474567085,472580800,-702649977,13504
-475480976,473429921,-698941861,11240
-477487060,474857671,-695010543,16360
-478518272,475250539,-692773438,15264
-480106231,476165489,-689809778,16620
-481214197,477096618,-686774027,12580
-482430435,477769545,-684483709,13968
-483452704,478475553,-683489210,13756
-483772681,479191702,-682655111,12756
-483007785,480747559,-682097646,13236
-481689746,482083645,-682767887,12468
-479688074,482794658,-685330026,13220
-478949997,483333790,-686621539,13796
-477448207,483552482,-688578356,11400
-475957573,484227208,-690722012,16096
-474706123,484435281,-692530072,17012
-473843260,484882790,-694003931,12220
-473200529,485162905,-694614503,14488
-472756256,485311865,-695077587,13768
#!,zero-counter: 70
-475575076,489254992,-693649431,14056
-475005916,490419444,-693341084,14204
-473957228,491512690,-693266973,16084
-472265333,493291332,-692300277,15368
-469951907,495268959,-690611203,15240
-467515631,496992713,-689163515,13336
-465242122,498508752,-688127352,12316
-463279135,499834221,-686998033,11828
-462258953,501189080,-685342371,11356
-462024487,502315630,-683540897,12024
-462575312,503137573,-681570040,11852
-463722157,503794488,-679337729,11596
-465277126,504039008,-677224448,11564
-466989450,503841671,-675609394,11492
-468967507,503294384,-674438197,11996
-470948375,502409213,-673849387,11808
-473257379,501290651,-673503999,12344
-476102378,499983004,-673122835,13036
-479198512,498508187,-672756201,16612
-482046064,497080733,-672613147,13716
-482793699,495320375,-673292901,13724
-482147844,494671978,-675269369,13032
-480823770,495032730,-677249731,10496
-479626766,495625361,-679554264,18252
-479115291,496168458,-680997500,13644
-478673362,496447572,-681965461,14868
-478260197,496690128,-682845830,13160
-476610185,496824409,-684737901,12576
-477703612,496891071,-682472053,14192
-479086812,497669368,-679600350,11200
-480057071,498278427,-677219632,11952
-482046423,500072181,-673486018,15844
-483770929,501779318,-669550502,14844
-485494102,503109813,-666030802,16060
-486041454,504400614,-663952544,13704
-486083891,505287379,-663254411,12796
-486309149,505756864,-662835448,13088
-486510637,506320834,-662225296,12172
-486399865,507016378,-661644060,13772
-485578633,507943189,-661602949,12772
-483924860,508837187,-662769715,11336
-481248535,509033916,-666115722,17284
-478919090,509335608,-669085381,8516
-477652107,510282623,-670808378,14484
-476828186,510427403,-672225620,13536
-476379037,511132474,-672872945,14196
-475490931,511673891,-673699324,12376
#!,zero-counter: 55
-475157717,512751605,-677099049,13236
-474888317,513107931,-677376013,13336
-474181220,513166757,-678348716,13004
-473843242,512849910,-679142570,13812
-473164327,512052655,-680136701,14236
-472759752,510970192,-680413296,14348
-472268482,510469969,-680560506,14648
-470874584,509595412,-681683133,13312
-469568473,508691627,-683187746,13292
-468270702,507774235,-684929350,13168
-467149936,507066784,-686690200,14444
-466051731,506568208,-688373473,13776
-464716682,506174954,-690095644,14268
-463627290,505960426,-691413450,13872
-462481631,505532275,-692879406,12692
-461152781,505076327,-694675116,11872
-459800738,504665365,-696715419,11128
-458416033,504216602,-699041066,9924
-457471732,503684713,-701409428,9744
-457734888,503143382,-703179431,9340
-458669316,502630908,-704546632,9456
-460411374,501785920,-705686105,11012
-463331102,500739054,-706373850,12104
-466730248,499260452,-707096992,14080
-470695463,497128958,-707775452,16108
-475152503,494594280,-708207200,17260
-479437566,491874404,-708492548,18084
-482859710,489417953,-708692827,18148
-484922236,487337123,-709040855,16032
-485634233,485815352,-709428689,14680
-485456846,484744394,-709650565,13200
-484877896,483687070,-709879462,13148
-486169978,480576075,-709625683,12744
-487713732,479717986,-709210666,12576
-489277704,478891748,-708908171,13480
-490632186,478145620,-708711560,14220
-491637802,477553407,-708616202,15156
-492596297,476911747,-708410436,15248
-493438828,476375933,-708015621,15172
-495368635,474165192,-706840990,13612
-496489375,473385872,-706619948,13360
-497772695,472528259,-706379779,13672
-499297465,471380847,-706106854,13836
-501242045,469906188,-705707772,13756
-503376786,468326525,-705275600,13548
-505827538,466762108,-704571300,13432
-508271961,465363412,-703780975,13076
-511042636,463984638,-702955591,12976
-514203663,462580244,-701991656,12792
-517564825,461092094,-701146253,12848
-521245775,459406176,-700488860,13252
-524925416,457723894,-700022249,15408
-526938977,456745793,-699428985,16152
-527418918,456135596,-699297115,14956
-526302928,456276344,-700106026,18124
-523926353,456948298,-701957939,16976
-521633432,457628033,-704461331,15524
-521029753,458629356,-704836994,13688
-520518087,458947001,-705616631,15636
-519752686,460036896,-706319613,14208
-519204364,460695059,-706958042,15664
-518291402,461067898,-708673205,15380
-515847522,462797701,-711037307,14604
-515129191,462333959,-711837301,14352
-514664593,461739496,-712565407,14484
-514502617,461109195,-712857093,15240
-514867701,460730298,-712003462,14304
-516205905,460259178,-709085813,13436
-517298717,460186519,-705677147,13376
-517785427,460613800,-703050799,10704
-518335490,461374667,-700102456,13320
-518414734,461365309,-698760926,13996
-519315384,461942991,-697879412,14132
-518929836,463075788,-697343851,13464
-517582221,464695759,-697634473,16372
-516379765,466132575,-698371121,14400
-513787740,467435456,-700582152,13308
-512905405,468550308,-701866321,13308
-512947521,469644625,-701780299,14860
-512505244,470639020,-702268957,16572
-511330442,471407542,-704044481,14864
-510506418,472198104,-705027272,15440
-509806255,472608305,-705545086,14664
-509104592,472714475,-706115163,14476
-508240962,472467692,-706831354,14112
-507508370,472019548,-707617014,14252
-507000765,471629195,-708243715,14200
#!,zero-counter: 68
-509068045,478563393,-705367135,14544
-508433243,479154758,-705316845,15672
-507448220,479660454,-705361286,15668
-506357014,480203699,-704828899,15572
-504964446,480700799,-704046766,15300
-503679669,481265918,-703122559,14216
-502425911,481787943,-702229102,13676
-501427577,482449798,-701036633,13272
-500433009,483343301,-699719081,13408
-499271084,484412874,-698339286,13692
-498091566,485628089,-696850318,13680
-496965283,486823115,-695414969,13136
-495993877,487692209,-694288266,12752
-495295454,488467312,-693265909,12736
-494985654,488977226,-692220950,12352
-495494941,489285539,-690857781,12988
-496109081,489110903,-689789876,12576
-497109051,488770980,-688719618,12804
-498360222,488350166,-687749671,13232
-499682168,487701977,-687115506,13528
-501147099,486834962,-686840498,13296
-502733523,485855280,-686812122,13368
-504733087,484799254,-686713851,12996
-507053035,483644695,-686545635,13024
-509671669,482417104,-686444462,29244
-512697847,481158318,-686462108,13796
-514971609,480238516,-686512064,12872
-516068720,479673252,-686157425,15972
-516350437,479432530,-686435429,16328
-515314696,479723372,-687764527,12316
-514043744,480396848,-689374709,13652
-510044234,483309174,-695479686,13276
-509316388,484058265,-696172030,13260
-508693975,484658424,-696874921,14188
-508346956,485071155,-697476200,14296
-507474599,484266171,-698700040,13976
-507175137,483379482,-699458203,13960
-507269133,482378193,-699617551,14320
-507971135,481106342,-698582301,14312
-509322247,480471409,-696544602,12732
-510295485,480701849,-693913093,13424
-510487169,481063118,-692195428,14316
-511230683,481607349,-689897839,12528
-511526365,482521831,-687399266,12884
-511640988,482982097,-685695699,14420
-512378178,484075962,-683282231,13504
-512656246,485274262,-680687070,12080
-512969114,486129771,-678709102,14380
-513098039,486439039,-678036961,14700
-512766310,487479073,-677234803,13592
-511505140,488428207,-677867041,12956
-510212022,489923859,-678531613,14568
-508361101,490534776,-680130838,14232
-505510477,491516521,-683995734,13856
-503797432,492701324,-685848566,15892
-504475869,493014313,-684954311,14352
-503293745,493536688,-685960736,12448
