x,y,z
#!,zero-counter: 239
-19489337,4035096,-378238266,-1296
#!,zero-counter: 193
-33879738,11338482,-497835565,-1216
-33084739,10830301,-498567800,-1036
#!,zero-counter: 34
-40032348,14723095,-504916634,824
-50221468,21697899,-503709741,-1428
-54772219,25047030,-504290476,-1808
-47928208,19100984,-505401693,4656
-40451467,14554737,-506051077,-484
-34570877,11328053,-506668138,1204
-34126584,11805004,-506238783,5084
-41159963,17115597,-505192904,552
-43369982,19143280,-505734779,-7220
-27821775,8655350,-507312382,-1404
-18273006,2740139,-507703406,-88
-8870843,-3982920,-508049139,-1220
-3584674,-8640860,-508308119,-60
-2010215,-11398019,-508700909,684
133992,-14678304,-509131837,-1424
5802377,-19580752,-509678890,-3360
15126317,-26113299,-510120682,-2036
26717871,-33637810,-510657616,-1128
36863494,-39674691,-510916013,-1548
44810523,-44220558,-511247814,-2180
62339833,-54958895,-511917549,-1416
75581296,-63849211,-512456263,1844
83619447,-71217069,-512706617,-1716
86598744,-78406911,-512974368,848
65377808,-74301146,-513692351,4420
43907459,-70533895,-513716628,-5292
30430798,-72003477,-516219611,-1740
27703384,-81382308,-519457370,368
22971914,-89962691,-522766062,780
15765807,-96960205,-525735025,-352
10737331,-104192083,-528338179,-396
1259809,-107678967,-530695608,124
-12655019,-106390472,-532902130,1092
795797,-121160725,-531839880,3680
17475587,-132826323,-526843246,3928
22553144,-127023289,-521261964,-5588
22154301,-112445766,-517537102,-2736
26198195,-98122349,-518048203,996
22859354,-78652193,-521736222,648
28596589,-63980459,-525117813,212
41004181,-53940263,-529495186,4032
54145199,-46414461,-535955777,1352
66179200,-40825066,-544926152,2808
76974886,-36753820,-554975814,3464
86050775,-34142175,-565511397,3892
93866559,-32849336,-575075408,4632
99970513,-32064345,-583929824,5516
105181041,-32156334,-592779269,6636
109689149,-32659908,-602173044,6828
114501036,-33081823,-612287903,7396
120616370,-33156650,-623154643,7424
128282273,-32627613,-634908838,6868
137590190,-31569642,-647438781,6380
148043292,-29870241,-660108285,6160
158767452,-27547862,-672523126,4048
169413154,-24806671,-684289113,2928
179619749,-21995790,-695040265,2808
188252576,-19001519,-704727419,3808
194176975,-15729782,-713314623,4520
194843566,-11410510,-721066963,5200
192558743,-7593059,-727396748,5588
187834787,-4501669,-732174163,5252
181633235,-2426210,-735360632,5400
176796906,-1495609,-736743482,6308
171527174,-1413329,-736611157,5996
166187014,-2173288,-734971509,5408
161116168,-3175474,-731598961,10444
156578611,-3999223,-726527569,3896
152709271,-4549854,-719971025,4208
147635530,-6379459,-723700668,4208
144576278,-12096980,-738182235,6088
140155551,-17223939,-753941489,2300
135565290,-21984142,-769169068,15888
130470036,-27198386,-781496189,6124
123640888,-34168364,-791750536,6628
112982224,-41494230,-800466960,-756
105537443,-50704307,-806011443,6180
100721715,-58393241,-806925469,11304
95234988,-60588813,-806136123,8672
90590366,-59926965,-806218436,11724
87916938,-57007210,-807602928,12408
88121927,-52006143,-810329054,13628
91721969,-45649176,-813139984,27316
97842194,-38787845,-814482427,25168
105061917,-30445579,-814519923,22556
113769575,-22227875,-813871895,19672
122878634,-15479926,-813163854,20332
131302902,-11251082,-812823644,5984
135955158,-9693705,-813682711,11904
134066386,-10025808,-814495238,9208
128923854,-14840104,-815177696,7748
130823668,-34884677,-814850769,7180
132221630,-60974334,-812225167,6632
132540058,-83684862,-806709338,5088
132049809,-99872947,-799405543,2184
133915050,-112955147,-791763315,-584
139701386,-124023536,-785358178,-1928
148770412,-131696267,-780823455,-1512
160033061,-134863977,-778009315,2720
171309997,-134317968,-776337751,5636
179926922,-131660706,-775575713,7532
183890236,-127732058,-776254111,10740
183059141,-122847008,-778799091,16128
178221244,-117200309,-783391456,4964
170945738,-110828039,-789571434,4896
162972661,-103504506,-796371784,6152
156434246,-95141982,-802768934,7468
152378916,-85533778,-807785236,9776
150344973,-74456167,-810996059,11076
146330021,-56401585,-812627099,11696
145191908,-38430716,-812304246,13036
145006220,-22853712,-811426489,13312
143174505,-8368406,-811787721,13052
141374362,2508272,-813958456,10860
138807187,10941537,-817386747,7728
136361253,16702712,-821139635,10244
134092219,21724078,-822493241,12380
132874308,26222914,-822492273,13364
133140337,30325960,-822579143,17240
135182906,33585782,-821330677,9008
143256741,29036706,-819277114,11304
150130022,25425288,-815580778,10444
152972523,25991886,-812325765,10504
153904500,24954480,-809427420,12504
152042840,21225872,-806498358,19792
144501720,17735060,-805178803,25728
133673943,12852444,-802056378,21680
116057832,11412622,-798313586,14208
101119923,7205628,-793820242,11512
87607482,2157750,-788626245,9056
78162351,-4145889,-783877393,7280
72454088,-8368566,-781180070,7884
71567883,-10097130,-781279927,9060
73844565,-6082475,-783522217,10040
79654833,2968520,-786467057,11140
81488130,14221192,-789679217,12520
96827561,24038416,-791345534,11172
116376556,33544999,-791041095,8908
137385094,41223767,-788799502,8136
157977166,46231038,-785933170,9192
169706447,46156119,-784738710,9836
175728345,44801837,-784048404,9408
179171479,42364948,-783473519,8800
181320572,40479445,-783337509,8700
182869708,38934241,-783746954,10740
184028784,37395699,-783921087,12476
184978237,35695581,-783528125,13336
185660247,33720913,-783089570,13672
186247639,31813262,-783077332,12980
187227028,29417169,-783919405,11168
188059761,26942187,-785625005,11640
189122462,24559272,-787931926,11428
190208374,22471916,-790579444,11112
190156186,21176667,-793487596,11764
188833287,20772292,-796274008,14736
186843787,20995783,-798667175,16964
184818927,21792586,-800561237,15060
183309088,23135562,-801985685,12940
182466324,24418103,-802971378,11028
182055746,25375237,-803807696,9880
181952751,25960499,-804958753,9172
181741324,26331370,-806876660,9356
180182207,26157602,-809844099,9936
176732636,25019766,-813687579,11352
172680967,23407457,-818207966,12072
169685024,22159841,-822767669,12644
169129094,21669035,-826400853,12408
171751957,21755221,-828077589,11996
176395535,22565250,-827445945,12552
181549100,23745952,-825146595,12984
185826705,24966467,-822360015,11960
189048362,25867768,-820056256,11940
190613912,26673425,-818658078,11840
190797007,27267778,-817846648,11712
190653433,27955425,-817326250,12460
190353917,29047385,-817248006,13640
190022845,30731275,-817692384,14780
189512984,33515540,-818465106,15048
188984393,37366204,-819674933,14780
188589690,42129092,-821073084,15232
188176083,47574443,-822300368,16220
188257342,53633735,-822810755,15992
189008729,59627036,-822261509,15208
189536797,65386658,-820776150,14548
189977174,71191113,-818882570,13936
190506371,77204486,-817372965,13620
190785669,83183724,-816427984,13420
190624702,88677417,-815989301,13512
190342674,92700114,-815981865,13324
189927466,95175969,-816319816,14288
189195902,96167108,-816992895,14876
188119077,95850568,-817901047,15552
186946527,94530670,-819193892,15652
186005676,92757914,-821187526,15828
185324241,91333790,-823864108,15636
165336231,88815683,-834734575,14208
162039744,89462872,-833533854,14568
160253380,88981466,-830817912,14592
156482224,87159939,-830658049,14136
155141547,86661535,-831105129,14072
154212870,86285107,-831379500,14044
153507279,86217792,-831389338,13904
153027548,86402498,-831148418,13496
152460831,86830214,-830753321,13264
151604852,87233453,-830480170,12752
150393499,87814562,-830638980,12496
148609159,88646036,-831381189,12820
146497783,89423290,-832465360,13836
145401605,88628623,-832797722,19804
144449856,87936138,-832268704,15024
144629761,87539251,-831465249,14212
145380860,86265909,-830854021,14464
145819662,84827015,-830578090,14456
146239880,83010052,-830601176,15000
146718017,81076547,-830882040,14964
147152393,79242443,-831112895,14836
147292151,77793299,-831235567,15208
147386181,76599685,-831105435,15100
147455761,75752203,-830605462,15228
146297940,77720237,-824957837,15204
145855980,78546415,-823793822,14724
145502385,79359264,-822772939,14844
#!,zero-counter: 218
125996783,113650862,-745148860,14648
127273254,114476180,-743287958,12480
127837007,115339574,-738731040,11232
125406685,115144637,-731886740,12748
123849482,114106684,-727232345,19532
124781766,114260556,-727593901,14508
125189589,114122809,-727187309,14544
125450255,114557778,-725820366,14024
125805714,115079208,-724514471,15724
128326365,115432882,-725290921,14440
128851483,115049602,-725570423,14448
#!,zero-counter: 32
126877541,116294358,-727734983,14540
126438805,117162353,-727315163,14688
125961965,118389108,-726620895,14800
125698845,119739618,-725824214,14916
125519075,120974297,-724849456,16188
125629541,121118650,-722714910,17320
126535521,120802833,-718920603,16892
128327392,120981008,-714489911,14988
130307785,121896783,-710350696,13376
132066525,123249095,-706788167,12548
133435516,124811417,-703699815,12536
134467617,126379345,-701172974,12528
135058108,127737829,-699204238,12148
135155305,128570927,-697871398,11780
134797141,128981786,-697191467,11528
133937805,129011761,-697366456,11524
132632302,128771371,-698332552,11988
130907818,128397864,-699995503,12432
128834747,128009838,-702300195,12776
126414593,127529870,-705035660,12864
123516419,126874301,-707982286,14456
120342862,125939209,-710986177,19756
120783862,123319657,-713119484,15844
120983368,122368323,-713402310,13656
121997642,121580132,-713578137,12060
122799132,121050400,-713024125,14200
123549108,120642671,-711386017,14784
122706259,120497116,-708589197,15860
121080314,120418699,-705494768,14100
120387099,121332244,-705723279,14016
119534323,121807137,-705467946,14016
118658398,122145946,-705005491,14020
117724260,122304194,-704480781,13972
116573689,122178068,-703982780,13308
115823852,122222774,-703701525,15940
116191540,124062058,-704103068,20244
118440346,127714476,-706206214,16316
121168721,131418493,-709289032,13452
123466941,134102376,-710880298,12600
125186079,135476580,-711892131,14008
126066825,135668053,-712490987,14100
126718985,135063506,-712957069,13924
127337681,134699566,-713950673,14036
127267141,134617331,-715823040,14280
126027299,136002529,-715514315,13920
125459696,137136961,-714838140,13276
124600304,138914002,-712813624,10420
124232101,139431006,-711068137,17652
124183779,140622145,-711379217,14188
123801039,140839116,-710217309,13752
120205376,141117349,-706647434,13004
119319442,140564676,-705321008,20332
119573463,141139156,-706571020,14464
120457761,140494815,-706652290,14196
119928273,140484688,-706343798,13976
119559581,140753567,-705949870,14156
#!,zero-counter: 78
114830538,146301301,-710917611,14048
114707248,147197025,-710588574,14368
114553407,148052951,-709769921,15320
114623945,148509786,-707793484,16644
115602196,148674889,-704720958,17716
117308167,148862041,-700587196,17120
119533877,148466400,-695649483,15056
121490281,147343400,-690744409,12476
123180655,145911804,-686813742,10008
124582818,144953798,-684493140,8452
124920931,144611284,-683846123,7700
124002999,144481319,-684759894,8076
122144388,144592293,-686841997,8964
119381288,144639409,-689975032,10420
116025431,144436011,-693738625,12152
112509121,143981380,-697658551,15304
109111445,143154757,-701343498,22148
102438452,137518523,-705144815,13148
103169128,136028632,-705959047,14096
104472102,134893164,-706623829,13508
104983002,134515341,-707157392,10772
103977789,135237870,-705678672,12020
102975198,135900903,-703483752,13140
101048194,137408155,-701751355,14772
98998769,138912238,-700069488,10900
97684348,140331307,-700278058,13060
97134616,142697546,-698912280,12196
95786279,144921610,-696501650,15640
94077919,146465709,-695136244,13616
90330286,147917073,-691838136,21800
83345761,145278716,-687881426,13312
82795830,143838225,-687566775,13480
83437806,142454591,-687396470,12180
84848970,143011481,-687949729,16644
87030563,145182369,-689813522,17732
90593664,147833897,-692926955,10668
93095482,150402536,-695043017,17796
95471883,151912862,-697340063,15404
97380498,152911292,-699471392,13288
99227508,153035261,-701222911,10352
100316129,153933576,-702674334,12580
100208032,153876337,-703287231,12868
99727271,153315894,-704386077,13704
99410674,153222424,-705057059,13476
98925452,153454204,-705563915,13512
97946789,155204462,-705766287,12328
98070625,156346581,-705869009,14060
98681189,156731832,-706219229,13584
99142486,157269171,-706183736,13556
99271425,158077663,-705648359,13260
97628952,159613849,-702790987,4144
97052124,158985105,-700153295,9592
96010257,159608870,-700674918,14200
95987858,160520812,-700438305,11280
95552655,161746402,-698657741,13992
92623015,163416328,-695508529,17248
91315437,163717493,-694862655,15472
91320525,164010610,-695448860,14120
#!,zero-counter: 112
85055461,163919298,-703170775,13596
84419217,164717608,-702830846,13604
83895100,165681214,-702540300,13552
83477390,166939942,-702073284,13864
83455956,168298856,-701527898,14928
83231941,169622982,-699397833,15908
83560558,169905804,-695491976,15824
84336977,169861222,-691299076,14552
85472461,169780317,-687928657,12976
86623713,169689375,-685279578,11692
87406839,169505248,-683251088,10832
87582471,169143240,-681928243,10832
87226945,168813036,-681284429,10756
86385816,168442305,-681220759,10868
84932490,167793168,-681558399,11144
83023151,166727857,-682401436,10724
80724574,165493052,-683890682,11136
78116821,164100646,-685866237,11840
75491244,162538845,-688276849,12072
72783382,160959457,-690918461,18200
69956901,158237734,-693965638,12576
68833538,158263890,-693388002,14868
67619855,159354670,-692449474,10492
65831305,161412589,-690214595,17888
63103961,163288817,-688119874,11752
61121843,164285582,-686739867,17560
59514247,165264677,-686080546,12776
56418735,167139709,-683571890,14492
54810511,167538175,-682463501,17164
54005724,168089028,-682541227,13916
52545334,168273687,-681464188,13152
52440109,167294650,-681086110,13104
52846126,165706578,-680963040,13340
54600921,164384835,-681465156,13528
57918725,164208883,-683138563,14732
61867765,166296695,-685875245,10636
65675537,168714593,-689178224,15992
68379342,169974264,-691610915,10388
69969492,170851083,-692691476,12572
70992665,171504460,-693380692,11776
68795710,172094566,-695132804,13220
67875326,172569029,-695440108,12884
66766409,173279447,-695545845,13460
65737106,174246969,-695759550,13004
64491735,176225318,-695320037,11936
63469124,177816563,-694059169,13896
59536897,180745461,-690761770,8260
54876238,181941368,-687001039,20352
52868736,182509388,-686157908,16444
52682387,182535111,-687003676,11156
51711618,183120614,-685883001,12076
50399497,183553088,-683873729,10880
#!,zero-counter: 83
52605067,181579776,-691206188,13140
52336197,182194678,-690846038,13240
52185034,182961521,-690447643,13376
51208478,183473133,-688301613,14648
51071506,183039665,-685908937,14420
51355126,183075995,-683134970,13304
51351453,183076808,-680746919,12484
50705989,182965375,-678530683,11800
49879154,182815278,-676670235,11484
49073076,182429584,-675499524,10584
48229312,181903024,-675354742,10252
47186085,181509110,-676040556,10724
45774281,181035901,-677108129,11184
43947350,180227103,-678585995,11276
42020562,179177139,-680505332,11828
40005746,178227083,-682733113,12728
38721584,177694764,-684547169,25056
39005263,176321398,-685751002,13472
37357130,176288662,-686226553,9288
35508115,177269941,-685818875,14680
32736884,179064945,-684744758,14208
31246884,179928292,-684136588,11396
28898396,181643284,-682758197,10136
24410155,184043712,-679862031,15536
19652289,185716016,-677610028,15048
18837784,185938340,-677047209,13028
16940187,187951574,-676067959,11116
15637610,188774038,-674381726,5268
12480060,189977163,-672449754,15688
10192335,191165679,-671009308,17352
9514040,191094190,-670437633,15568
9386915,190305170,-669958065,12752
10110654,188698241,-669534727,12856
12686522,186027853,-669434212,12440
17755333,183604825,-670518281,12536
22406185,183460506,-672348359,15340
27427952,183698198,-674771731,13052
31883985,184148535,-677375139,14788
34593935,184459950,-679048925,12232
35593134,184070747,-679566283,12324
36282119,183768604,-680005959,12448
37161384,183662010,-680925463,12376
35748119,184111823,-682207558,12936
34809310,184608752,-682262141,12972
34162305,185240046,-682247747,12760
33898611,185971958,-682417086,12560
34056269,186764308,-682916435,12508
34051288,187904115,-683357810,12800
31387620,190803122,-682083744,18072
28594730,192470168,-680024834,14504
25893396,194014393,-678251346,11896
24563638,194725670,-677674565,12056
22781338,196788345,-676384551,16596
23520638,195796294,-677222017,14740
23676188,196529950,-678091433,13104
25008895,196329644,-677965856,12752
25494477,196716703,-677639129,12732
25697634,196905949,-677155185,12464
#!,zero-counter: 36
34202399,194389981,-681885326,12640
34821186,193960355,-682250960,12604
35413097,193497353,-682685528,12600
35829591,193049224,-683007078,12692
38830748,191637629,-683955252,12788
40678299,190935518,-684461015,13412
42779458,189649356,-685410110,14756
43830828,186231367,-687047943,16152
44582974,181931086,-688093973,18396
47613877,178914005,-687238073,19024
52639080,178137448,-684517835,16320
57651779,178793827,-680987160,13844
61951073,180352362,-676917918,11056
65967296,182052564,-673228057,8772
69021022,183191657,-670745522,6720
70798120,182673940,-670330562,6984
71475567,180520206,-672330140,7908
71778644,177488830,-676559501,9048
71790706,174341002,-682828508,10084
72585112,171617380,-690174188,11232
74111669,169679086,-697668079,11444
74774312,169314222,-704069067,10800
74711114,170063065,-708951078,10440
74336975,171260875,-712985603,10828
73985301,173057623,-716769376,10420
73837962,175393543,-720613229,10020
74066341,177220920,-724636653,10368
73807534,178105767,-729087566,10968
72651354,178171602,-733917350,12636
71044491,177790743,-738970413,14036
69238979,177232176,-743841804,15396
67481445,176518923,-748572907,17256
65960654,176098122,-752900066,17748
64887494,175886161,-756616807,17792
63935458,175432728,-759397827,16936
63413638,174404093,-761576399,15560
63007702,172744822,-763450963,13984
62566034,170439948,-765209673,13152
62016959,167920715,-767013622,13184
61579349,165466387,-768906322,13512
61119758,163148808,-771105878,14660
60230993,161043646,-773655555,15856
58781807,159191258,-776333215,16104
56772223,157324442,-778770519,15764
54621578,155488423,-780602095,15308
52995648,154130921,-781763014,14816
52038531,153358568,-782424127,14612
51501026,153124242,-782959172,14920
50977521,153203673,-783579410,15176
50509402,153091952,-784268892,15116
49956292,152910832,-784968383,14728
49701566,152480544,-785580270,14512
49432385,152120880,-786034119,13936
49046834,151878831,-786319491,14072
48715711,151842745,-786459483,14028
48586972,152072371,-786630880,14892
48463562,152528483,-786987350,14788
48198114,153015434,-787504423,15468
47584416,153202271,-788229792,15612
46588851,153174752,-788967679,14660
45410184,152918818,-789494678,13792
44389601,152064632,-789875068,13176
43176979,151049584,-790293750,12728
41847165,149948940,-790819916,15904
40260954,148983969,-791836560,15768
38509261,147681105,-793889578,15044
35854787,146498352,-795709547,15396
35118424,144578511,-797034466,15252
35493335,142673469,-797746129,15068
36879089,141008153,-798175242,15752
38265617,140048458,-797989337,13948
39927292,139560303,-797512444,13716
41677293,139579831,-796898921,14120
43595981,139888577,-796042296,13176
46313217,143991889,-781305539,15188
47013636,144031843,-779807534,14856
47156358,144006747,-778918282,15020
46883177,144054071,-778004202,14956
46399890,143998058,-777210677,14984
48388550,145979445,-778570137,14404
52634011,150678148,-783450565,8548
56306092,156187217,-789788003,-1936
57382666,160089368,-792693765,15360
57896993,162737441,-793879866,16092
58717154,164637578,-794738059,15320
58334733,164815875,-794833142,15024
58046657,164627483,-795173510,14652
57767539,163880970,-795389398,14964
56921450,165202483,-794047022,14348
56585112,166254005,-791684557,11288
56833660,166763003,-789862814,15552
56976486,168181984,-788361379,14432
56739847,168798777,-781981331,13164
54275565,168169116,-773968186,18788
53465213,169364290,-770799630,17184
54129785,170036817,-770516843,14404
54241684,170297635,-768129200,16220
#!,zero-counter: 83
47369030,176186992,-758888531,14960
47102089,177220487,-758250565,14960
46828752,178421641,-757543242,15180
46590454,179690123,-756810883,15632
46587794,180756691,-755901345,16852
47196693,181537715,-754386531,16972
48493515,182111075,-751805800,16240
50082758,182681489,-748738478,14972
51458127,182717041,-745887206,13168
52159410,182308154,-743642414,12248
52222060,181765079,-742106330,12068
51587105,181012247,-741416047,11724
50506482,180262745,-741616298,12032
49087290,179633515,-742644693,12428
47223101,178730634,-744139002,12872
44886987,177509217,-745823555,13476
42527019,176102712,-747573351,14488
40479387,174367324,-749405880,15512
40945277,172249189,-751064960,14692
41875787,170343654,-751923504,14200
42592764,168616829,-752050123,13252
42071186,166845234,-751450509,14788
42180451,167457442,-750828268,14560
42125341,168755431,-749260847,11448
42320208,169577554,-747472280,15000
42342970,170257725,-746316873,15048
40789647,172199238,-743001714,10700
38414199,174247392,-735715703,8932
35747888,173806783,-728644000,17368
35587243,173511942,-728051510,15984
35923153,174372152,-728738378,15016
36461254,174390608,-728320976,14356
36013726,174711665,-727981599,14188
35394604,174402914,-727291719,14340
34550702,173971728,-726712793,14520
33935675,173274400,-726549766,15412
35052274,174200197,-728133490,12968
37028294,177113430,-730818303,14248
37545706,179096623,-733034599,15852
39153438,178631051,-734310376,11664
41356184,181777055,-738551920,10972
41895096,182948731,-743195265,13704
42624537,184665680,-744270743,14876
42428907,184938757,-744022614,14476
41916760,186418996,-743950632,14764
41961216,187633835,-745023279,14244
42015680,187518454,-745621766,14388
41987239,187486640,-746151117,14488
41893790,188815028,-745104017,14388
41960511,189792773,-744200899,14864
41935896,190961438,-742826193,16472
41735168,192362209,-741679996,12512
41317148,193319606,-738592623,20964
40048942,194888987,-737499189,14964
40006663,195666206,-736224110,12752
39540639,195815084,-734371551,15996
39086149,195227662,-732359106,15004
39223191,196738805,-731352043,13492
39227122,197624678,-730119878,14592
39060673,198359050,-729730471,14556
#!,zero-counter: 62
36804874,199133182,-732048266,14364
36460248,200092676,-731618938,14704
36191328,201192492,-731066406,14984
35804159,201760329,-730555608,16796
35766371,201514226,-729039470,17104
36995473,201317824,-725973239,16280
38738910,201515940,-722318824,14584
40437386,201774033,-719310152,13328
41845697,201975941,-716938356,12108
42676186,202021814,-715174133,11708
42922052,201930004,-714031251,11892
42674300,201641300,-713596671,11996
41890885,200922812,-713558132,12236
40729814,199744068,-713822425,12348
39362925,198164174,-714451697,11840
37458475,196168690,-715726893,11120
35047399,194164220,-717738044,11140
32063857,192440832,-720400761,11276
28489386,190826748,-723520323,12736
26499262,189013247,-725996460,16052
26084683,187324109,-727417432,14888
26781466,186592039,-728445712,13136
26061810,187622967,-725559340,9880
24041994,189527783,-722696960,15424
22738712,189811682,-720987658,15164
21602633,190655207,-719766139,13812
20712379,191957596,-717994484,13352
19930838,192257599,-716570999,15672
18823752,193110360,-715765470,12524
18077249,193245690,-714661638,14780
17429617,193592952,-714300353,14624
17091018,193623795,-713555810,14076
16773028,193390491,-712771724,14080
18132372,195144142,-714053910,11156
20336521,197942414,-716892927,13072
22168784,199478788,-719134108,15568
24470304,200163795,-721181400,15188
27031281,201194036,-723445395,12668
29376014,202476088,-725797106,10496
29661445,203377805,-726616872,14504
29512606,204960256,-727022188,13432
29616791,206595578,-727605006,13452
28789472,207071375,-727672688,14888
28481657,207997202,-728203145,13280
28162377,208156673,-727638957,10864
27809264,208484069,-726336346,15432
25158598,210681742,-723126120,19328
24854845,210014007,-721881906,15192
24661304,210423509,-723196967,14572
25193102,210853866,-723508728,14196
25507176,211528312,-723436835,14224
#!,zero-counter: 100
17528352,217522351,-723065259,14108
17229461,218253281,-722619094,14164
16956506,219067193,-722291649,14216
16730229,219645801,-721972581,14616
16418648,219713517,-721207769,15408
16004132,219026657,-719499166,14620
16155857,218363599,-717500195,14020
16449767,218085747,-715770864,13576
16457699,217894404,-714539376,13212
15750566,217476877,-713329266,13132
14517463,216914203,-712114947,13484
13203600,216137848,-710939891,14180
12117444,215182635,-709622439,14000
11323690,213952748,-708371547,13088
10931213,212565416,-707738889,12664
10725347,211422993,-707877508,12000
10331005,210531737,-708635588,11372
9455599,209653685,-709959168,11308
7890808,208911424,-711651656,12220
7047460,206744196,-713909121,14100
6910600,207617369,-713735813,13692
6534207,208214865,-713074525,14140
4091596,210434014,-710557742,11972
2806354,211025394,-707715753,12444
-110055,212355544,-705802766,14288
-1837103,212872738,-704132518,13164
-4771548,214541770,-701624926,15228
-5644722,214109090,-700780726,15752
-7396170,215838715,-700031473,13108
-8480657,217127217,-697977114,15108
-8840860,217368460,-697006138,14992
-8731218,217370294,-696680094,13804
-8305779,216882168,-696287097,13728
-8004998,216268829,-695942375,13620
-7518837,215243304,-695822397,13896
-6029531,213899429,-696394609,14916
-3069949,214606623,-698926630,19328
1504394,217595778,-703148549,6232
5436633,219490018,-707494166,13164
7531019,221791855,-709848566,11752
7945840,221580786,-710604573,13604
8122626,220779751,-712426288,13568
7397006,221400183,-713078712,13704
6641760,222060047,-713076481,13588
5806243,223218436,-712635617,13448
5285031,225025042,-711502600,9532
4555420,225752597,-710728449,11920
3060222,227314037,-709995242,13228
1763363,228965323,-708523492,12264
168921,230470930,-706727635,13796
-2109089,232036389,-705235945,13248
-4362830,233066115,-702998412,12256
-5447069,232412977,-701446236,14748
#!,zero-counter: 89
-9244167,232628631,-708533188,13668
-9859548,233485481,-708170429,13388
-10433663,234485108,-707690100,13976
-10614924,235524785,-707158408,14768
-10413502,236896287,-706346735,16236
-9500048,237613662,-704973823,14328
-9051416,237649122,-702703653,13580
-9154452,237206012,-700428194,12316
-9719474,236756043,-698748963,11948
-10819333,236442768,-697472231,12264
-12260986,235685795,-696329724,12772
-13816777,234511880,-695423161,12460
-14999850,233211211,-695138943,12476
-15801497,232159600,-695520587,12356
-16123061,231200793,-696581241,12528
-16007222,230098556,-698302768,12512
-16086260,229190694,-700141151,12376
-16575425,228343739,-701825759,14048
-17573756,227512297,-703278101,13664
-17577734,226666699,-703924809,13376
-17713302,225149383,-704915096,13108
-19122476,225318615,-704313663,11548
-20706522,225675864,-703361811,14112
-22039754,226490356,-702879352,14688
-23197799,227597046,-702475895,13016
-24729013,228882937,-701549519,12880
-26558684,230434784,-700062262,12148
-28710200,232232852,-698451650,13320
-31437489,234504420,-696555229,14656
-34396943,236500345,-694504052,13828
-37700334,238781382,-691516891,16276
-41241467,240006616,-689209249,11788
-43782115,241092967,-686806456,15312
-45829557,241678149,-684678350,13340
-46002297,241132714,-684285524,13272
-45456695,239481494,-683883000,13488
-43964054,236930992,-683722907,13788
-42017417,233712339,-683602142,15188
-37201287,231180403,-685475584,13484
-32599213,231590297,-689148168,14744
-28155093,233598429,-692389112,13164
-24922303,234416136,-695089300,14964
-23136596,235085748,-697114392,12608
-22796924,234533905,-698627205,13396
-22871704,234901059,-699198435,13264
-23306169,235518722,-699494141,13552
-23801549,236351065,-699513170,13488
-24170397,237264634,-699471750,13368
-24460582,238160847,-699657414,13192
-24933870,239186215,-699842835,12760
-26602865,241723120,-698298664,12432
-29263430,244003425,-694835409,12452
-33498515,247287183,-692331286,19332
-36884885,250116005,-690453848,14372
-39550497,251732453,-688429165,10540
-42737317,252906307,-686375019,11236
-45258135,254438859,-684410806,10120
-44536203,255153125,-685199855,13160
-41728648,252971911,-685093900,13152
-41253479,252210629,-685213978,13144
-40878015,251456208,-685343957,13364
-40468262,250785982,-685462272,13188
#!,zero-counter: 62
-42209249,254319159,-691506289,13636
-41901182,255295891,-690918341,14132
-41962536,255614541,-689609118,14816
-41262368,255718838,-687878801,14572
-40244081,255948524,-685635077,13772
-39430369,256281179,-683455208,12936
-39132718,256475445,-681573926,11712
-39270200,256360785,-680098871,10604
-39668547,255970403,-679435099,9996
-40278757,255465364,-679863399,10300
-40882622,254883417,-681114319,11280
-41417372,254055620,-682949922,11548
-42007278,252680003,-685348780,11752
-43443629,251212553,-687717561,13536
-44780436,249482305,-689622349,14132
-45919012,247811690,-690691733,15884
-45862148,246502087,-690815618,14852
-46137518,245432564,-691053610,12400
-46128772,244556326,-691179103,13084
-48655856,244088754,-692064940,13084
-49950889,245115057,-691568164,13668
-51994006,247222966,-690021346,9608
-53606206,248629616,-688375547,12632
-56505916,251032884,-686695278,9948
-59623189,253117993,-685445033,15104
-63540736,256141915,-683173769,13052
-66894470,258725869,-680625278,15844
-70594192,260062655,-677999745,11252
-73645640,261197326,-675292656,14764
-74654054,261563416,-674239951,13436
-74688953,261065931,-673855706,12928
-73905092,259686496,-673355362,13172
-72442719,257597405,-673184690,13120
-70473267,255127890,-673336205,14044
-67468545,252924209,-674428035,12656
-63822538,251659729,-676445035,13340
-58726223,250537744,-680220765,14188
-54930012,249506905,-682527295,15024
-50644100,248803008,-684705565,12396
-47043083,249472773,-687171097,10788
-45714193,250124503,-688398699,12936
-45466172,251713934,-689497833,12828
-45552798,252308944,-689989800,12528
-46096006,253154881,-690305230,12140
-47587551,254614766,-689642277,9604
-49280351,255643146,-689100777,13440
-51737467,257786747,-688061402,11172
-53419399,258820640,-685501561,4052
-57948329,261601351,-682338148,17468
-61343058,264062106,-680810005,15020
-62188584,265071103,-680567318,12192
-62367690,265875764,-680194550,12828
#!,zero-counter: 15
-55378520,266438650,-681609974,14752
-52570719,266612124,-683123562,15632
-48818516,267500584,-683679497,17368
-44668147,267778042,-682078916,16500
-40628267,266905941,-678871741,15348
-36289081,264865367,-675855014,14132
-31574883,262029300,-673510363,13100
-26739058,258272375,-671754036,12292
-21976569,253889802,-670419975,11244
-17116521,249457300,-669557522,10532
-11862789,245681252,-669115142,8712
-6364054,242559142,-669455419,7852
-1151009,240037935,-670846624,6996
3054631,238389172,-673431162,7128
6200542,237267224,-677231146,8332
7996365,236303267,-682087300,9432
8869141,235077316,-688094915,10568
9562602,233561859,-695176740,11276
9830462,232299442,-702823540,13000
10593564,230968318,-710859838,14108
11872560,230183190,-718976129,14956
13238558,230827227,-726653038,14772
15025564,232673060,-733683204,14716
16850732,235771385,-739746652,13780
18820333,239038261,-744694171,12344
20346993,241045311,-748613973,11856
20623526,241456621,-751863149,12480
19811444,240685596,-755134148,12508
18561250,239635339,-758892993,13124
17191219,238292080,-763008541,13724
15421554,236576567,-767089553,15780
13101657,234757541,-770868373,16072
10474023,233165140,-774011955,15508
7794648,231859899,-776369413,14972
5021977,230604023,-777807581,15140
2597717,229108059,-778484258,15492
651383,227454660,-778938243,15220
-889570,225672311,-779440895,14916
-2270023,224203603,-779940880,14500
-3504699,223066455,-780388542,14380
-4986217,222202111,-780778582,14828
-6788105,221328532,-781183764,14764
-8690852,220801798,-781545621,15008
-10384468,220633818,-781725664,15108
#!,zero-counter: 14
-21534327,218431966,-779662499,14424
-22603620,218046644,-779852541,14624
-23751675,217558474,-780133071,14548
-24947191,216965939,-780550351,14416
-26257352,216275174,-781067085,15272
-26783019,215415863,-781496496,16568
-26810418,214514406,-781776217,14944
-26671666,213598189,-781991173,14768
-26644730,212649004,-782187741,15008
-26618409,211729571,-782356844,14776
-26517830,210851846,-782548345,15040
-26444372,210206453,-782654036,14976
-24768037,209543077,-780979120,14652
-24326322,209735829,-779419977,13972
-23974495,209702548,-776305250,8528
-23903966,209317100,-771426567,15308
-23041166,209845974,-769134183,16740
-22227991,210307255,-769583035,14980
-21780968,210919420,-769092864,14900
-21837201,211762027,-768314606,14528
-21930541,212449727,-767595647,14612
-22305354,213024980,-766843059,14636
-22934042,213454999,-766033608,14548
-23674936,213724057,-765291599,14580
-25397008,213498334,-764098974,14648
-26335386,213073276,-763631162,14636
-26530031,213630794,-764237262,15852
-24422612,216046252,-766043613,13192
-20581725,219476137,-769234532,6108
-18343731,223310648,-771752383,12404
-17611674,225597547,-773279516,18524
-17471387,226758372,-772967737,15008
-20344698,229046414,-770584011,14632
-19869375,229579281,-770191366,14624
-19611696,230093381,-769036799,13680
-19566783,230534832,-767020740,16356
-20810266,231632917,-763985225,19012
-20604839,231519633,-763311941,15156
-20679700,232420480,-761741962,13652
-20552713,232609677,-761029553,14964
#!,zero-counter: 88
-33729789,241435715,-749987514,14672
-34442694,242647116,-749221802,14844
-34932812,244066250,-748169200,16912
-33651773,245947978,-746856198,19276
-30818672,247822983,-744484355,18440
-27253412,249385980,-741078797,16516
-23594477,251020469,-737257691,14820
-20083454,252306574,-733770570,12212
-17586191,253052986,-730842494,11124
-16250903,253201652,-728232984,10864
-15952443,252748040,-725912369,11048
-16506963,251588514,-724122090,10640
-17768206,250196087,-723276684,10876
-19481648,248823289,-723385542,11024
-21656224,247576184,-724103572,11868
-24392227,246224429,-725546827,12288
-27511658,244597508,-727465500,12536
-30975995,242614131,-729742491,12168
-34966267,240198340,-732294455,11208
-39702842,237487280,-734934026,32767
-40565801,234503290,-737386216,15188
-40538465,233539336,-738092409,16352
-38466817,231736877,-738665341,13164
-36459495,231674118,-739601811,3196
-35316165,232129397,-739232788,17532
-36797011,233715047,-734692127,14240
-38161433,233966687,-729853032,14476
-39238621,235807636,-728973290,14368
-40767750,236992447,-728017167,14160
-41418116,237647613,-727436648,14488
-42026169,238052927,-726697324,13952
-42955504,238031063,-725884892,14108
-43645628,237713722,-725282489,14260
-42120451,239974926,-726336574,13420
-38130522,245200982,-730894564,8212
-35723488,249673431,-736197126,16828
-34728460,251984862,-738596718,14568
-33907072,253054322,-740086764,16744
-33045876,253713486,-741242831,14524
-33216760,253136515,-741503678,14388
-33014859,252434672,-742138604,14344
-32505543,251886320,-743202919,14144
-33063821,250954519,-743589083,14844
-33647371,251409868,-743250018,14516
-34208335,252080076,-742253781,13308
-34706415,252506171,-740443718,15316
-35377584,253814655,-739393441,12480
-36747661,254863732,-735635565,7324
-36935911,253060762,-732435323,15748
-37345978,253728606,-732529744,14644
-37117594,255463678,-730713972,13728
-37287991,255940702,-729516362,14456
#!,zero-counter: 116
-45729740,263486639,-728937415,15780
-45565978,263435888,-727340845,16756
-43898912,264351568,-725181896,15788
-41738038,265549279,-723170793,14968
-39847545,266412239,-721225783,13584
-38302491,267114909,-719170421,13092
-37293088,267393941,-717126808,12728
-37164714,267061493,-715124453,11952
-37647907,266008411,-713379425,11700
-38787127,264357311,-712120976,11232
-39968900,262758011,-711645479,11688
-41053085,261561951,-712126620,11408
-42433474,260625521,-713419775,11208
-44374662,259621927,-715477436,11836
-46880019,258451680,-718051662,12380
-50017623,256953155,-721040901,32767
-52255181,255044856,-723668377,15588
-52024480,253330860,-725022521,14728
-50555131,251984150,-726425219,14156
-48931844,251196652,-727552350,13496
-48714904,250507174,-727718129,13728
-49280786,250254606,-727089774,13940
-50261751,250369151,-725692474,14620
-50798192,250552057,-724687300,14272
-51516406,251472547,-724645206,13308
-51962470,252453366,-724015371,10188
-52602619,253692733,-722996796,11716
-53391166,254820279,-720419196,11032
-55897858,256528159,-716372391,15832
-58307907,258557786,-711730296,13984
-58530057,258108821,-710926001,13784
-58661005,257433223,-710457850,13772
-56054789,259396393,-713290283,11480
-53645573,262554556,-717066521,15536
-52587240,263539968,-718693746,14800
-51899962,262747176,-719414690,13920
-50371689,263210574,-720979480,12888
-49498854,264164138,-722078205,13452
-51472704,264766729,-723436501,13860
-51870576,265186812,-723827215,14152
-52611663,267361546,-723247458,13504
-52626290,267612239,-722104881,15060
-53344036,268651218,-722171607,13220
-54518879,269781323,-719821581,15996
-60667899,271356318,-714905306,4948
-61132538,270970770,-712119434,16816
-63188549,272328346,-711730523,16176
-64131529,273733280,-711416403,13964
-64495116,274529041,-710983365,13892
-65104403,275175300,-710464348,13784
-65706396,275683675,-710009647,13860
#!,zero-counter: 67
-67723227,275360397,-714452191,13948
-67952327,276098492,-714139551,14124
-67994552,277038804,-713857620,13920
-67992942,277895243,-713513250,14060
-67910671,278994858,-712414567,14880
-67428404,279124054,-710716013,14888
-66597179,279507739,-708553898,14548
-65799465,279788336,-706648677,13448
-65691909,279718584,-704962537,12940
-65919285,279317177,-703397268,12988
-66138415,278680361,-702135963,12392
-66606529,277871111,-701469252,12108
-67376693,276910599,-701402644,11720
-68270272,275873418,-701901743,12604
-69325441,274962507,-702835303,11976
-70599328,274069575,-704211962,11512
-72333692,273062124,-706023723,11300
-74342060,272264629,-707405557,26080
-74602187,271391013,-707949145,14480
-74331346,270760116,-708889813,14428
-73699115,270533700,-709423920,13452
-75820817,272097297,-706981733,15644
-78389635,273645082,-704573710,17160
-80400835,275018844,-703766756,12356
-83687337,277131747,-701139122,16736
-86936823,278608584,-697937802,7664
-89512927,279893968,-694891707,13572
-92910952,281796244,-691336818,16464
-95879150,283518875,-689447731,16044
-97335776,284525547,-687849533,15644
-97106489,285216917,-687506969,13444
-97192701,285193300,-687220385,13424
-97133366,284524439,-686895973,13312
-96604433,283130590,-686607181,13356
-95448989,281004052,-686518351,13580
-93627913,278844410,-687062816,13336
-91232191,278210779,-688936307,14660
-87871855,279447202,-692151590,11168
-84864847,281506788,-695226236,15976
-82888493,283179879,-697466362,15680
-83272301,282643621,-697461409,13800
-84159138,283426194,-698608832,13464
-84772460,283986777,-698712811,13552
-85240934,284624300,-698946797,13476
-85567621,285334445,-699231985,13360
-85837111,286221093,-699494654,12740
-86819169,288432985,-698262668,14628
-88369019,290429198,-696652520,16648
-91180215,292778256,-695340530,13908
-94173389,295101564,-691932651,17152
-96896650,296573828,-689518148,20972
-98530083,297454135,-689903794,12100
-99198240,297966936,-688469043,11112
-99654680,298232498,-687576536,19944
-98538842,298629630,-687371062,13200
#!,zero-counter: 100
-100821922,302930023,-694889216,13752
-100440143,304917957,-693562540,14568
-99552137,305241412,-692253680,13836
-98458777,305706955,-690878278,12672
-98059399,306139211,-689970498,11844
-99303469,306178176,-689341871,11380
-101131680,306134433,-689313773,12528
-102921025,305691782,-689448645,13192
-104345531,304632959,-690032899,12912
-105776528,303417968,-690788704,14472
-106673531,302342561,-691056980,14400
-106742983,301313683,-691061039,14200
-106712845,300375715,-691311780,13412
-107780676,298460688,-693291675,13248
-109400293,299198422,-692785121,12956
-112318775,301892047,-690593639,15916
-114572727,304146966,-688212962,10916
-117449514,307249333,-685530458,9720
-121741511,310352060,-682052634,16364
-126328922,313433094,-678432972,17232
-130143275,316217858,-675678378,15532
-131627724,317728954,-674719738,14924
-132054524,319053464,-674584907,13508
-132202043,320295880,-674220270,13068
-130753690,319842953,-673689239,13124
-129716899,318181200,-673742890,13092
-128189514,315748938,-673878831,13392
-126203024,312956659,-674632066,14048
-123482641,310309214,-676043437,12836
-121100661,308786921,-677374266,15496
-116665169,308098406,-680974398,10804
-114342579,308616060,-682805102,11048
-112246140,307932164,-684475757,13656
-109287708,308280067,-686714464,7324
-107629444,309045974,-688148124,11072
-107336731,309483048,-688650429,13648
-108152833,310230324,-689484433,13208
-108487931,310636539,-690012176,13160
-108929848,311139798,-690474680,13000
-109914686,311934499,-690588251,12900
-111391400,313083036,-690210123,13104
-113009758,314620577,-689804564,12728
-114822401,316709928,-688247596,13636
-115789571,317760727,-687946057,13872
-117196849,319691528,-687692086,13252
-121629815,324651409,-683005808,7304
-125362195,327267639,-678168889,14236
-130764248,330427647,-675039287,25572
-131073024,329258420,-675790623,10632
-132394272,329975748,-675283705,12716
-132747269,330078977,-674605037,14244
-132108541,330568165,-674084451,13364
#!,zero-counter: 31
-124070774,326715922,-679542294,13172
-123001277,326287060,-680135126,13136
-121830367,325801730,-680729904,13004
-120745948,325319466,-681327549,13132
-119683700,324873221,-681888496,13148
-118467514,324496351,-682483704,13284
-116915595,324054735,-683274711,13784
-114623274,323236997,-684497237,14496
-111306855,322047200,-685751145,15676
-106716426,320214116,-686482391,16088
-100516790,317603114,-686944897,15328
-93160211,314659964,-687555327,12500
-85479824,311573112,-688814199,12232
-78045884,308504404,-690958156,10836
-71132598,306210774,-693557904,10060
-65544799,304906053,-696413234,9700
-61609626,304177549,-699402472,9808
-59001602,303837098,-702492456,10144
-57303222,303687027,-705881545,10972
-56688812,303545754,-709513213,11968
-56749907,303047278,-713530074,12884
-56962670,302376697,-718011598,13048
-56889434,301525291,-723044501,12756
-56705956,300616283,-728421329,12980
-56589667,300016157,-733758760,13436
-56823739,299805488,-738660579,13692
-57271928,299914101,-743022606,13200
-57662355,300233693,-746909841,12996
-58195789,300446800,-750308272,13656
-59221794,300416479,-753328297,14316
-60822968,300170215,-756013063,14776
-62815330,299795000,-758661304,15640
-64892873,299172831,-761232972,15756
-66814936,298215849,-763818874,15500
-68601068,297055070,-766425316,14832
-70269053,295770354,-768959987,14544
-71970241,294507151,-771334915,14748
-73845563,293276823,-773390803,14856
-75908711,291982168,-775127669,14860
-77856778,290858621,-776361776,14624
-79395482,290160513,-777017602,14152
-80486032,289680984,-777104358,14088
-81366356,289204143,-776713181,14012
-82155653,288761743,-776273766,14120
-82936162,288272828,-776077833,14500
-83835332,287741848,-776147045,15156
-84894060,287216240,-776386081,15284
-85978685,286775555,-776699215,15388
-93833731,283741757,-773871694,14832
-94647941,283033592,-773590638,14632
-95518691,282258958,-773425489,14152
-96451549,281389637,-773487618,13856
-97472977,280581914,-773908099,13424
-98702089,279849569,-774703171,13100
-100453469,278963161,-775799386,12896
-102958501,277641372,-776941825,16828
-103990452,275855850,-777682829,14424
-104341753,274170578,-778245956,15092
-104189217,272952184,-778854651,14812
-103770706,271580332,-779189543,14840
-103035710,270304467,-779299954,14640
-102131163,269352340,-779225689,15548
-101140768,268806884,-778957197,15132
-100312143,269113720,-778421330,14836
-99268067,270882702,-776453606,10876
-98256617,273705821,-772610750,13456
-98202922,275892217,-768862970,15768
-97616387,277531409,-765838552,15324
-98020065,279154232,-762922618,17016
-98343050,280111306,-760288304,14812
-99555167,280651766,-758642539,14568
-101593199,280943382,-756916325,14396
-102623425,280876355,-756131484,14756
-102448717,281544078,-756779711,14508
-100947133,283267256,-759536825,8780
-100061740,285610612,-761964731,16592
-99440733,286865090,-763182501,15684
-99025606,287690896,-763613622,15588
-98549640,288683140,-764596590,15980
-98783809,288869380,-764805717,14528
-101297808,288734405,-764502287,14336
-101434841,289604478,-763770774,13732
-101265758,290302984,-762373179,15388
-101058331,291040485,-761954543,14948
-100600433,291648217,-759928315,12388
-100220077,291126615,-759051171,15532
-100133026,291234464,-759573203,14812
-99208730,292979591,-756837931,14312
-100203769,295549838,-750274336,12660
-100552039,295346011,-747906785,15792
-101300970,296052684,-748668276,14692
#!,zero-counter: 93
-108963580,298879990,-742165378,14528
-109121628,299674914,-741694247,14572
-109250588,300697470,-741121829,14508
-109371984,301794934,-740578304,14592
-109325302,302923397,-739968689,14800
-108925345,303938189,-739305175,16520
-108567576,304969395,-737102031,18256
-106818875,305572967,-733543249,18064
-103967456,306477436,-730065399,16316
-100656316,307566141,-727470392,14104
-97687451,308536951,-725411307,12060
-95490731,309252632,-723683705,10264
-95503152,308658117,-722746280,10252
-97533749,307816817,-723624934,11136
-100025658,306815330,-725001565,11388
-103301631,305411159,-726836402,12208
-106960622,303677972,-728833997,13256
-110573614,301888801,-730842502,13860
-114113231,299711144,-732916736,15084
-113994705,296610621,-735331983,17916
-113202737,294309937,-736925197,14292
-111953287,292907499,-737918142,13652
-111415212,292013073,-738461644,14764
-112389534,292331249,-737758861,12824
-113401627,293937646,-733217972,10012
-114457892,294374300,-730680239,15080
-115282290,294859089,-731077164,14988
-115702681,295300254,-730894259,14264
-116184649,295869831,-730397448,14512
-116523430,296590911,-729939839,14436
-116567692,297346979,-729276114,14440
-116516241,298158297,-728552515,14284
-116621295,298837301,-727708368,14020
-116785480,299317300,-726979249,14156
-116833026,299580904,-726382596,14088
-116842771,299646570,-725889263,14108
-115860018,300248350,-725793802,12672
-113867345,302562358,-727409629,13304
-112427100,304577891,-730422061,11220
-111972955,305317156,-731711493,13936
-111340565,305938022,-732823167,13760
-110807732,306544086,-733744104,14320
-112949298,307460462,-735640939,14212
-112048843,308773653,-735711242,14120
-113768161,311010174,-730471015,8032
-116251732,313663648,-721831089,7376
-116212600,311633893,-719161197,15436
-116729307,311742834,-720572913,14792
-115948208,311670762,-720127939,14016
-115898794,311865341,-719548998,14212
-115935476,311788263,-719175070,13860
#!,zero-counter: 67
-119388139,316979166,-722608522,14304
-119043329,319414626,-721468212,14220
-118891907,320106837,-720903664,15648
-118296502,320496225,-719801930,16564
-116982159,321098226,-717767154,15988
-114827824,322197111,-715186314,15420
-112483553,323505557,-712543643,14264
-110159474,324608265,-710172515,13816
-108305145,325523105,-707843189,13024
-107041058,325926054,-705684398,11968
-106285925,325943570,-704093224,11628
-105838087,325749463,-703339645,11020
-106652884,325056711,-703767837,10924
-107714048,324570961,-704739621,11840
-109142542,323859900,-705989210,12044
-111220721,322660781,-707493299,11836
-114041404,320993978,-709171397,11904
-117446426,318898236,-711219300,11872
-121460810,316267306,-713660785,11792
-125260198,313395057,-716374902,17972
-125880711,312156850,-717817767,13968
-125387138,310206050,-719119464,14400
-124861570,309192542,-720307340,14372
-125298815,308491158,-721020837,14824
-126321828,308433190,-721102959,14600
-127040176,308949837,-720877946,11476
-127534720,310139294,-719772351,14468
-129432952,313342773,-713665851,19504
-131848507,314217368,-709591629,15200
-133053841,314711043,-709870201,13992
-133402821,315061873,-710350854,14040
-133698174,315557265,-709931854,14060
-135775300,317841774,-706302359,15772
-137241476,318220424,-702644320,13924
-136574418,318577668,-701602881,13776
-136139814,318192044,-701073079,13872
-135404773,317501563,-701028343,14092
-134076883,316998847,-701948078,13420
-131533904,317583023,-704413905,10704
-130121386,318616699,-706795558,14616
-128790865,319076130,-708829841,14452
-128128775,318992863,-710040032,13500
-126535648,320140378,-712482842,14072
-125986336,322875513,-714325932,14020
-126319738,323739811,-714991331,13972
-127656054,323715586,-714724786,14184
-128100783,323923848,-715335694,13856
-127850614,323950117,-716306042,13828
-127670820,324166702,-717261821,13296
-128084475,324503923,-717957186,14156
-129638860,326322865,-715395147,11944
-131732007,327851363,-710862658,18588
-132272299,327936744,-709239548,11768
-132308733,327692949,-708775253,14892
-131745501,327587675,-709555902,14308
-131328564,327962204,-709878532,12744
-131811404,327878113,-707049844,10360
-133739075,328520233,-704284297,16448
-134130737,328602476,-704931665,14544
-134426954,329162213,-704030565,13832
-134564816,329599332,-703475626,13848
#!,zero-counter: 133
-137864804,335373296,-708783563,13932
-138144575,336192439,-708313084,13996
-138259287,337173976,-707838497,14108
-138330948,338301195,-707275561,15472
-137341882,339429460,-706485261,18688
-134566904,340972093,-704651203,18208
-130410432,342916025,-701872823,16396
-126105056,344808797,-698746900,14056
-122101939,346024529,-695735311,12660
-118878443,346688082,-692966189,11740
-116540878,346838538,-690469191,10948
-114869876,346596093,-688496206,9672
-113672010,346137909,-687413345,8944
-114546966,344405570,-688568795,10008
-116341984,343614931,-690189746,10128
-119218238,342313636,-692386211,10368
-123097832,340468244,-694950430,11240
-127628810,338146981,-697839508,12004
-132572877,335413080,-700898054,12168
-138061717,332298829,-704076916,13328
-138673739,328298783,-707110886,23836
-138991277,327552311,-707230607,13548
-139392687,326349054,-707301878,16040
-140346328,326181713,-705979371,5720
-142097266,326237590,-704105087,17056
-143784136,326918600,-702666685,11220
-146152253,328071614,-699602461,10184
-148158214,329296632,-695730693,10476
-149830884,330011946,-693748604,12768
-150564720,330695673,-692765171,14976
-150718290,331115361,-692229502,13856
-150961499,331877271,-692043339,13856
-150905186,332495698,-691635662,13588
-150771123,333103708,-691133007,13360
-150695132,333523275,-690421619,13548
-150894953,333528938,-689547332,14316
-151182567,333075639,-688711853,13128
-151007346,332167291,-688267044,13260
-149166063,331743468,-689401292,12928
-141886950,334380843,-699260601,13396
-142496950,333600094,-700324649,13532
-142667064,333440751,-700962293,13844
-143686989,333942555,-701326021,13716
-144205824,334486212,-701292674,13836
-144583276,335227490,-701145629,13284
-144888303,337541248,-700365199,10008
-146270258,340328506,-697428087,16536
-147850870,341879645,-695920974,18084
-148124820,342067560,-696902542,13552
-148621314,343615095,-695535745,8956
-150663309,345651236,-690464706,17760
-152876326,346262997,-688566502,19244
-152902487,345884963,-689986956,14680
-151260042,346509898,-689863322,13536
-150976691,346759983,-689260513,13616
-150821350,346918564,-688766791,13448
#!,zero-counter: 81
-152075092,351054881,-693526005,13328
-151078841,351260408,-694633200,15132
-149472485,351040702,-696364524,15316
-146870985,350510154,-697969106,15784
-143082473,349929239,-699107361,14920
-138586077,349337910,-700197003,14184
-133779578,348675055,-701886918,14164
-129337705,348334021,-703914881,13396
-125182061,348563152,-705611959,13532
-121109506,349337861,-706696213,13580
-117275252,350375403,-707191574,12848
-113977381,351422366,-707457623,10788
-111194579,352475680,-707730262,10332
-109055834,353328441,-708183809,9836
-107706761,353726867,-709104865,9504
-107394401,353638776,-710479906,10220
-108063561,353120375,-712475868,11288
-109705091,352428619,-714890943,11952
-111788019,351746338,-717275179,12816
-114214397,351010151,-719547818,14192
-116697658,350144171,-721693017,14148
-119030085,349377262,-723902064,15192
-121233727,348878824,-726040973,14864
-123404414,348594829,-728063351,15576
-125458850,348416485,-729857201,15240
-127241547,348372892,-731387585,15516
-128716544,348285023,-732848534,15656
-129967235,348204976,-734173039,15164
-130846702,348053945,-735418156,15216
-131411294,347909678,-736492709,14628
-133806335,346367388,-738543799,12520
-135093352,346107357,-739160570,12504
-136932230,345648213,-739802588,12736
-139012911,345019814,-740584964,13152
-141166589,344306842,-741464391,13888
-143289277,343517470,-742455777,14300
-145393923,342653972,-743541053,14516
-147470436,341580947,-744724086,15216
-149417505,340421041,-746060660,15220
-151413009,339091529,-747235300,14228
-153321801,337477316,-748322943,14652
-153714480,335775532,-749086649,16396
-153759060,334699279,-749470683,14156
-153745961,333336447,-750090672,14320
-153858226,332075485,-750679066,14340
-154220785,330853164,-751206498,14344
-154482074,329749507,-751651895,15280
-154606677,329710634,-750791477,12032
-153847434,330508432,-749253554,15896
-153027456,331112738,-748677272,14396
-152360655,332013190,-748992340,3348
-151355403,334500350,-745370046,16184
-151776669,336848246,-738155366,15468
-153921502,340429744,-729855920,14500
-153716385,341068837,-729016004,14176
-153641097,341657707,-728106053,14216
-153772580,342057539,-726960010,14352
-154039494,342243685,-725802837,13932
-153990952,342333139,-725206605,12804
-152964086,343172610,-725650060,14912
-152314685,343619274,-727944226,17960
-151101641,343902488,-731255846,13172
-150469892,343827014,-733690896,16020
-149732820,343773205,-735555391,13892
-149194563,344159465,-737522280,14096
-149545899,344027899,-738550796,14504
-151775258,343699031,-738834579,14228
-152044640,344744627,-738592105,13740
-152275581,345806805,-738411917,14436
-152289295,346934059,-738255204,13744
-152047978,348065240,-737777565,13628
-151919420,350091358,-735431595,12108
-151985395,350456688,-730994424,12924
-154423953,350623494,-725063715,8756
-155637395,349850606,-720851534,18376
-155677134,349187033,-722137268,14364
-154765479,350214268,-721179606,14100
-154776365,350673279,-720606487,13936
#!,zero-counter: 83
-164034903,355296617,-716716861,14232
-164328157,356008049,-716195568,14544
-164414390,357086232,-715780405,14988
-163627966,358550224,-715831920,16240
-161876314,360263384,-715529743,17260
-159356406,361554756,-713784785,16560
-156411822,362661723,-710736922,15868
-153084066,363581393,-707744166,13096
-150247538,364142866,-705472177,11368
-148372598,364297505,-703894352,10416
-147523370,364139606,-702807677,9924
-147803533,363717687,-702419104,10292
-149040230,363071041,-702564070,12016
-150781245,362219489,-703077608,12120
-152966908,361223213,-703698066,12440
-155429620,359931629,-704616721,12768
-158200601,358336986,-705746817,13128
-161109801,356414053,-707242776,13092
-164240613,354460965,-708816669,26932
-167278817,352440591,-710341808,13996
-168296390,350281617,-711903744,14200
-168208169,348925753,-713117238,13968
-166994115,346569183,-714868205,14640
-168963652,346825545,-713497582,13628
-169518022,349251135,-708285930,8772
-171149413,352094798,-703167506,7560
-172251513,353236137,-701755136,15644
-172805706,354018324,-702370031,14580
-173187708,355957511,-700614285,13852
-175566029,358871160,-695677090,16240
-176428897,358578458,-692384535,15584
-175420823,358467541,-692049990,13428
-175109167,357894900,-691747108,13860
-174619046,357153060,-692254222,14612
-173599411,356939620,-694651974,15196
-171497430,357379193,-698393121,13740
-169179128,358034935,-702790791,13300
-167847416,358418830,-705840285,14436
-166705110,358719329,-707635288,11196
-166001082,359139491,-708657417,13184
-165578631,359375727,-709389817,13032
-167512941,359474290,-709590582,13876
-167899347,360104722,-709613551,13668
-168193796,360834815,-709711287,13296
-168272405,362288780,-709319265,12752
-168374207,363238059,-708753511,15920
-169634993,365277667,-707065517,4948
-170453285,367314038,-703226075,13240
-172330686,369087232,-700048850,8596
-174957376,370741565,-696944718,19716
-173550348,370871818,-696971664,14408
-172988569,371365470,-697305412,13828
-172517214,372274374,-696093998,13576
-172906374,372237786,-695482059,13560
-173220364,372006708,-694951945,13616
-173538344,371736546,-694541482,13740
-173905563,371446615,-694120878,13644
#!,zero-counter: 110
-176822993,379151490,-696849323,15696
-175811990,380021618,-695518899,15988
-174145746,381265605,-693253330,15580
-171995925,382152276,-691012470,13672
-170256648,382787603,-689290303,12284
-169066329,383012653,-688285858,11076
-168559403,383040707,-687813671,10860
-170327524,381564806,-688236899,11020
-172197452,379885120,-688815297,11720
-174431958,377836602,-689821841,11072
-176815281,375594433,-691492891,11552
-179547188,373626778,-693360832,12228
-181308558,372278565,-694900926,26164
-181248255,370947121,-696043204,13896
-180631210,369683341,-697365518,13460
-179931753,368946658,-698372053,13280
-180743060,367868729,-698645208,13312
-181548255,368017018,-698482129,15284
-182415561,369256679,-698159314,14040
-183291885,371823538,-696005937,7352
-186694773,376376643,-688537343,2768
-191109949,377814833,-680624850,19116
-195249657,379785329,-677341698,24044
-196413846,379882225,-677940882,15752
-195491685,380610142,-678614564,13612
-195300781,381190594,-678160586,13340
-195493049,381606035,-677450603,13404
-195776730,381504669,-676616733,13656
-195707972,380703307,-676211131,13824
-195547030,379526414,-676258850,14992
-193822674,378293246,-678275264,12716
-191740979,378689317,-680685907,16548
-188078152,379145635,-685793373,8836
-186089373,380130708,-688522098,11480
-186423073,379657532,-687660748,12308
-187035396,379516656,-687364037,13572
-186772491,379089820,-688507938,13528
-186648736,379119570,-689183020,13324
-186810950,380342213,-689356900,13868
-187238514,380980503,-689217188,13676
-187776077,381750557,-689082889,13416
-188016605,382422936,-688982249,12796
-188726346,384890136,-687421249,17800
-189196049,386795190,-685753430,9372
-189404875,387134943,-685054412,16776
-191034871,389261445,-684245902,17644
-191671660,390150350,-683395700,13240
-193010788,390767588,-680573343,11688
-193522567,391017715,-679727452,12956
#!,zero-counter: 58
-190384339,392299736,-684824022,13756
-189282843,391689616,-686162969,14992
-188234740,390532502,-687070658,15604
-186628795,389111506,-687430883,16024
-183992615,388573688,-687412851,15428
-180244757,388975422,-687587447,15216
-175811585,389549828,-688586992,12956
-171575371,390151753,-690584453,12076
-167433758,390709154,-693364380,11676
-163409369,391431743,-696473683,11284
-159838912,392388198,-699667641,11256
-157000709,393319068,-703011652,11108
-155178451,393942819,-706678409,11560
-154615427,394504770,-710569294,11956
-154805497,394768482,-714680623,12368
-155394062,394840080,-718906766,12708
-156239433,394757974,-723036732,13328
-157212912,394625966,-726816727,13588
-158180442,394247396,-730088746,13040
-159441057,393322522,-732843662,13004
-161421669,391798576,-735053841,13176
-163799267,389944005,-737014414,14280
-166436130,388291126,-738885922,15016
-169140081,386714501,-740955057,15976
-171765141,385297989,-743235418,16496
-174072325,384241630,-745504582,15892
-175783032,383634152,-747675585,15024
-177009094,383369719,-749182202,15036
-177794042,383012406,-750115061,14236
-178442696,382381144,-750624002,13608
-179185683,381617383,-750705140,12760
-179719457,380739811,-750435868,11988
-180175496,379811877,-750172813,12216
-180895253,379007662,-750055880,12328
-182117249,378228853,-750257408,13000
-184033946,377307634,-750614473,13692
-186639936,376234976,-751019960,15216
-189524882,374918980,-751616220,16888
-192599821,373356384,-752438051,14316
-195618685,371591380,-753594033,14660
-198311703,369586532,-755131908,14168
-197933847,363489366,-758922868,15296
-196054879,361648979,-759804730,15128
-195388386,361616035,-760863216,15132
-193491812,363113018,-761033304,14788
-192636837,364115414,-760675388,14668
-191888440,365501670,-758936990,13524
-192415427,369000414,-751121076,27348
-194209426,371483443,-742037517,14160
-195858137,372009856,-739568186,17292
-197000514,372713178,-739254926,15008
-197161143,372925630,-738467471,14436
-197468579,373584280,-737590533,14348
-197496288,374061534,-736664133,14332
-197624010,374480342,-735779604,14304
-197810831,374675283,-735037908,14288
-198298407,374138936,-734270193,13276
-193062374,375412181,-742116834,1272
-190298251,377270342,-749538893,-3268
-189211141,378954150,-753945443,16404
-188963780,379671638,-755545034,14640
-188092495,379891789,-757486587,15480
-188193834,378989129,-757833995,14492
-188185364,378614257,-758580769,14616
-188186759,378116059,-759252468,14072
-188468234,378011493,-759598172,14348
-188868777,379558512,-757652889,15372
-188838784,380395664,-757007404,14568
-188634584,381295656,-755663880,13940
-188985399,382766903,-749858025,16448
-190213552,383649114,-745244317,13200
-190204659,383406877,-744438965,14088
-190442886,383531143,-744871223,14340
-190833859,383307991,-743771960,14236
-191050261,383249173,-742937856,14308
#!,zero-counter: 100
-203827342,386356877,-730932554,14508
-204325133,387231676,-730281601,14624
-204658013,388307565,-729424131,14468
-204789073,389607844,-728567066,14656
-204482966,390872027,-728010784,15332
-203603060,392185879,-727491715,16416
-202019081,393395349,-726226746,16272
-199862275,394460757,-724109662,15060
-197650017,395354657,-721645470,13976
-195669240,396096889,-719594187,12968
-194115059,396697308,-718000575,12496
-193287875,396917226,-716695633,11836
-193476410,396626361,-715656790,12304
-194564231,395981627,-714921701,12756
-196230545,395078463,-714518652,12640
-198292587,393766927,-714332332,12480
-200879619,391950026,-714377824,12720
-203877255,389708110,-714589693,13508
-206880092,387307223,-715024900,22448
-209704614,384842231,-715686459,14196
-210526797,382392556,-716637093,13616
-210712841,380888730,-717012307,14912
-210995786,378679265,-717154672,16236
-211996484,380109640,-715448948,13844
-212542532,382457904,-712494537,13844
-214448175,385381443,-707840009,19156
-215246176,386010170,-704331328,19892
-216146870,387011763,-702301555,14448
-215287276,387418100,-702980807,14320
-215476232,387570060,-702168269,13904
-215260792,387525095,-701515755,14316
-212423017,389731228,-703501184,13548
-209880188,392489499,-707136204,14396
-208637703,393964614,-709732432,19052
-207275313,395353139,-712299791,14796
-206351038,396053229,-714677322,14188
-205752783,396454923,-715336575,13852
-205343799,396039552,-716544689,13948
-205486237,395801863,-717134802,14072
-205942013,395879159,-717455625,14060
-206686591,398035831,-716510076,14576
-206862682,398913890,-715448452,13752
-208799136,401173101,-711009440,18272
-211311663,402185197,-703370204,13076
-213373004,402704508,-700648821,17176
-213640643,402478883,-701875955,15304
#!,zero-counter: 131
-219438753,410827787,-702663925,14040
-219862285,411664702,-702095905,13896
-220149969,412158393,-701794708,14220
-219512923,412539664,-700848359,14936
-219872801,412165701,-699253240,15108
-220133849,411479191,-697024703,15484
-219464400,411156771,-694678479,16652
-217312442,411372155,-692653762,15952
-214404005,411515528,-691182906,14540
-211793074,411851770,-689951977,12044
-209675233,411891031,-689240431,10712
-208876242,411328505,-689262429,8864
-209515059,410160723,-689912124,9056
-211485673,408549664,-691023072,9232
-214829466,406428011,-692418045,9464
-219368524,403887561,-694129499,11228
-223770684,401248264,-696086165,19312
-224513475,400916471,-695745876,10364
-225224354,399928858,-695136750,17152
-225140252,399623357,-694528964,15040
-225185996,399569217,-693140410,14264
-225360725,400284319,-691720244,14392
-225591175,401194580,-690666155,11680
-226527912,402955965,-688348733,11004
-228483184,404833472,-683469975,12848
-230336495,405137838,-679732208,17472
-232607924,406479460,-677235839,14228
-233101461,408508452,-676126084,13776
-233106169,408851017,-675447723,13664
-233414605,408944586,-674601893,13720
-233508730,408566075,-673961204,14012
-232472260,408389411,-674401329,14112
-228906334,409650894,-678835959,11340
-225577428,412116426,-684312707,17108
-223991797,413320591,-687193087,15932
-223627008,413889964,-688547559,13452
-223060719,414045530,-689497026,13060
-223015735,413276359,-690474186,13796
-222861045,412766937,-691589948,14028
-222599314,412293635,-692543997,13800
-222612956,412294715,-693207070,13708
-223318658,413070829,-693329853,13628
-223676089,413672119,-693132637,13772
-223896112,414782224,-692422534,12692
-225251161,418577878,-688312624,11948
-227454260,419976081,-683645355,16324
-230754018,421468700,-681337017,20456
-231498379,421205536,-680433852,11140
-231653490,421385260,-679720977,16148
-231703073,421464568,-680269673,14044
#!,zero-counter: 106
-233607132,429440003,-682186770,14160
-233610636,430908988,-681608691,13816
-233234012,431550361,-680303784,14360
-233591391,431499664,-678536217,13292
-233477015,431191488,-677022053,12600
-233421381,431435594,-675862653,14180
-232603744,432098010,-674884143,15004
-230993039,433306287,-673583033,15840
-228677928,434809502,-672205257,15288
-225925660,436325777,-670910703,14080
-223097162,437720769,-669950652,12556
-220837778,438682618,-669292789,11228
-219431343,439203752,-668845548,10636
-220692948,438052520,-669375454,10696
-222588329,437219645,-669869015,11156
-224897595,436233537,-670463538,11356
-227888213,434983422,-671327868,11912
-231144657,433645095,-672273398,12784
-234538749,432238687,-673202659,12892
-237964072,430649142,-674266782,13360
-239638403,429472153,-675122341,30420
-239641119,428070061,-675415841,14396
-241177606,429099366,-673567681,10072
-243270789,430865869,-669617572,11880
-245450022,432529232,-666186914,19548
-247984261,434957080,-663776646,15020
-248867938,435691382,-662274857,10672
-249426849,436423768,-661083570,12024
-250232971,437091951,-659676755,14352
-250802432,437673445,-659492818,14116
-251088230,438326908,-659076568,13596
-251266513,438518796,-658395350,13436
-251550753,438421556,-657532035,13484
-251454102,437679732,-656871424,13584
-250567645,436849434,-657241176,14340
-248907337,436671710,-659415157,16108
-247305105,437314503,-661386979,16656
-245189264,438174037,-664959229,14136
-243940416,438192596,-666950541,12728
-244745997,437112962,-669171054,13820
-245077429,437763781,-669066749,13004
-245229652,438544645,-668970949,13140
-245620236,440849939,-667520349,11364
-246364623,443178585,-665361211,12884
-247636952,443613597,-664622485,15748
-248440688,443563509,-665324721,14004
-248912641,444467731,-665097213,10708
-250162442,446631241,-661252861,7384
-251233161,446984064,-658522753,16304
-252211517,447490799,-658423157,14700
-252039005,447348067,-659156127,13632
-251820333,448251626,-658250111,13220
-252264452,448605833,-657606525,14632
#!,zero-counter: 52
-246133676,449838919,-663053386,13540
-245760786,450302332,-663276582,14160
-244836526,450475743,-664238455,14344
-243262836,450644836,-665887345,15288
-240708727,451062071,-667234174,15816
-237742123,451851200,-667304299,14968
-234309872,452304708,-666999139,13768
-230953337,452496522,-667049650,13100
-227888129,452500670,-667912783,12884
-225240262,452277425,-669027604,12824
-222791459,452045418,-670410087,12816
-220800300,451733080,-672142166,12428
-219238065,451524840,-674248356,12128
-217895283,451523832,-676499668,12120
-216789742,451749840,-678608992,12124
-216091225,452083234,-680502578,11720
-215624089,452294457,-682555098,11960
-215449651,452592139,-684577477,11644
-215474355,452823182,-686618567,11544
-215780163,452692037,-688780607,11872
-216399111,452170051,-691153281,12180
-217427341,451410297,-693743874,12772
-218720099,450326868,-696423965,13236
-220276314,449017672,-699114967,13624
-222361860,447574443,-701669112,13856
-224840082,446002827,-704067940,15000
-227229482,444511679,-706469587,14740
-229411424,443261341,-708872199,14692
-231474748,442113568,-711098272,13868
-233339235,441172520,-712914392,14220
-234886106,440453225,-714360047,14832
-236127851,439619488,-715557393,15560
-237242765,438595193,-716625923,15144
-238341146,437205230,-717983253,14876
-239574224,435721023,-719537538,14372
-240993933,434245441,-721112165,14412
-246564230,430462455,-723257280,12984
-248704738,429448301,-723344342,13100
-250331987,428617827,-723560777,13168
-252313226,427530991,-723976706,13208
-254736097,426210614,-724712977,13176
-257700590,424678672,-725619273,13584
-259017729,422890698,-726631027,17552
-259399386,421525382,-727173195,14572
-259449444,420810773,-727609106,14292
-260092252,418880312,-728310833,14720
-260206481,417965944,-728856288,14504
-260204820,416760594,-729663831,14496
-259950647,415983866,-730205239,14816
-258439876,416066476,-730047289,14268
-257251064,417360197,-728496867,11204
-256543232,419055965,-725275847,14756
-256209987,419639138,-724032046,16084
-255770704,420468563,-723216478,14792
-256614317,422993963,-718549900,18976
-256999079,423951590,-712444291,6392
-257598848,423501852,-708573470,10704
-257341786,423094285,-706941791,15576
-257222508,423579010,-706015217,14128
-257452208,423948787,-705166203,14092
-257424248,424166184,-704320417,14116
-256140810,425771991,-705188366,14276
-253802185,427372899,-709627833,14736
-252810548,428401038,-712834358,12620
-253406644,428700680,-712693342,14052
-252693461,428648927,-713649340,14128
-252597436,428851440,-714347806,13612
-254816705,429146326,-713819079,14444
-255214905,429749940,-713587002,14364
-255341768,430473279,-713518161,14116
-255192620,431335511,-713570463,13816
-254837648,432247119,-713537052,13944
-254273750,433229596,-713376762,13072
-253655565,434283438,-712274147,10896
-253076320,435793383,-708554445,13176
-255073622,437852672,-704037725,21020
-255415037,437130950,-705038344,15840
-254989410,436322562,-705917721,14572
-254492013,435807877,-706253329,14280
#!,zero-counter: 110
-263082454,442747715,-698597555,14544
-263038081,443864634,-697643048,16564
-261594548,445478691,-696435300,17452
-258977765,447310546,-695004311,16604
-255561251,449273254,-693531916,16472
-251829663,451419064,-691867836,13996
-248676368,453283297,-689999143,12504
-246675323,454375241,-688072788,11008
-246135218,454895946,-686028166,10832
-246724999,454619601,-683939734,10608
-248442698,453745745,-681957279,10880
-250510775,452410561,-680610766,11752
-252664921,450973005,-680040647,11972
-254985925,449395321,-680390000,12352
-257673709,447779375,-681189712,12848
-260530239,446057190,-682287667,13020
-263631974,444111096,-683683227,12584
-267241380,441725665,-685441220,15996
-270813706,439177985,-687183274,15016
-271522235,437434687,-688374122,13676
-271392427,435347754,-690004638,12452
-270571411,434238585,-691387939,9528
-270089607,434191577,-690216861,17160
-270035867,434487029,-687468503,15552
-270517634,436117202,-684935238,10812
-270038899,436473222,-684281878,17524
-269954777,437816557,-683394896,14844
-272676707,443424024,-672510809,13952
-273186773,442810539,-671881689,14120
-273539177,442009515,-671869589,16444
-271852257,443212460,-675782696,12904
-269249877,445170082,-681103347,15940
-267568097,445736911,-684650247,12524
-267571022,446364273,-685721934,14072
-267414414,445995406,-686463605,14456
-267708524,446102971,-686978286,13492
-267934758,445114157,-687764628,13984
-267909600,444786493,-688419326,14072
-268211318,444786844,-688827588,13996
-269039983,447465964,-688562328,12904
-269602943,449466612,-685083078,8936
-272005509,451053160,-681281099,24312
-273123930,451856848,-679869390,12288
-273551810,451982111,-678451034,13652
-273824462,452470056,-677096015,14500
-273700367,453330402,-676581167,14360
-272624892,453520636,-676895691,14120
#!,zero-counter: 88
-271713416,461901679,-674686233,16824
-269453851,463124922,-672917270,17804
-265800202,464772152,-670299070,16304
-261837746,466503956,-667546695,14372
-258124822,468168517,-665074475,12980
-254759488,469700586,-662785199,11988
-252061573,470763342,-660964752,11304
-250384099,471245472,-659647297,10788
-249460685,471246908,-658870781,10420
-249976356,470318539,-658829630,10352
-251265248,469601320,-659399293,11164
-253146412,468703950,-660201137,11476
-255761837,467433422,-661252109,11464
-258953813,465720980,-662555925,12204
-262540106,463667022,-663948379,12416
-266496943,461201229,-665371629,12496
-270954421,458253537,-666838107,12020
-275165897,455281313,-668327046,24188
-275551617,454104627,-668860389,13340
-275558791,452252247,-669999182,11800
-275017246,451395154,-670425066,15140
-275233228,450527482,-670756707,15244
-276294196,451323337,-669855376,13828
-278425793,457878444,-662910850,20096
-279727890,459838787,-657866197,13352
-281879856,461119073,-655975204,15924
-283064752,462550052,-654115734,11296
-283189971,462846200,-652448898,13380
-284124547,463740806,-651399798,12784
-285093527,464499908,-648270994,8052
-285141718,464501255,-648191494,13500
-285250910,464733215,-647204490,13624
-285399233,464648993,-646705728,13456
-285699184,464234541,-646088765,13468
-286085379,463295277,-645523851,13764
-286235688,462197382,-645488789,15440
-285335233,460972372,-646627990,16724
-283834964,461057457,-650565794,13640
-281921829,462420471,-654963131,19616
-279971997,463047520,-659124070,16172
-279353001,462910216,-660306803,9908
-279712942,462619770,-660107037,13216
-280041759,461952575,-661343979,13608
-280099160,461690781,-662321367,13608
-280252161,461980496,-662977976,13972
-280270565,462498056,-663448494,13668
-280461631,463256543,-663563172,13560
-280628643,464405500,-663206253,12388
-281279385,467174952,-660859555,18440
-281809347,468411186,-659947811,14424
-282592209,470778957,-657866258,16696
-283469512,473157863,-655259727,15408
-284148594,475390201,-652488130,17100
-285885903,477692665,-648228615,18896
-287655938,478711625,-645980918,14848
-288376592,478710327,-646545089,15276
-288243025,480218863,-644582127,13512
#!,zero-counter: 71
-282414233,484789924,-649814850,14232
-281092286,485462685,-649985199,14632
-279434376,486071111,-649426340,14392
-277520620,486659088,-648479058,13220
-275989863,487031645,-647466449,12948
-274897191,487259109,-646487681,12348
-274187717,487398983,-645361754,12480
-273660825,487566386,-644176068,12692
-273258493,487625536,-643159467,12756
-273067954,487499965,-642264770,12460
-272959445,487231363,-641693705,12520
-273870479,485178650,-641981960,11944
-275147830,484336716,-642507232,12124
-277143731,483116788,-643297305,11656
-279535300,481690185,-644299076,11340
-282499636,480321893,-645338543,12580
-284898799,479511493,-645921076,29256
-285587744,478522933,-646539596,14512
-285691199,477759235,-647535324,13688
-287552050,477754176,-648251074,11220
-288669691,479981234,-645304476,11532
-290027613,481543345,-642483063,15240
-290929891,481245905,-643185929,14328
-291041133,481682852,-643628236,13388
-292113438,484839569,-640059813,11632
-294852841,487853212,-633521448,15452
-297398657,489275881,-630192845,16368
-298513123,489614719,-630325148,13392
-298875596,490570697,-629254603,13516
-298876074,491245236,-628282122,13592
-298613374,491759387,-627959708,13080
-298735097,491910399,-627363935,13208
-298804915,491641518,-626866236,13160
-298895994,491014385,-626432173,13240
-298714219,489877949,-626317187,13192
-298501094,488388955,-626186799,13252
-297982870,486659083,-626378190,13592
-297022986,485533419,-627061825,14824
-296128716,485302485,-628586104,16692
-294604291,485622381,-631966316,14088
-293234091,486333705,-633934528,14644
-292488010,486279943,-635440391,11720
-291680876,487022945,-637175020,14148
-291044950,487551648,-638244506,13592
-290853189,487906977,-638873008,11800
-292526083,490755125,-640700989,11752
-293188719,493085905,-638796633,12360
-294666772,495633211,-636003813,17672
-296620535,497528089,-633896811,17108
-297309356,497957524,-634083538,15212
-297320112,498590647,-635131773,13540
-296879629,499507583,-635192410,13296
-297527448,501535526,-632432671,1140
-298641459,502616162,-628302903,12568
-299102729,502537813,-628957338,14660
#!,zero-counter: 71
-291274886,502972340,-635789503,12376
-290417764,503715295,-636328195,13500
-289588112,503891058,-637097304,14424
-287990996,503631955,-638409978,15264
-285778481,503270112,-639495003,15900
-282705173,502726370,-640436003,15360
-278472915,502039770,-642030180,14608
-273598427,501284549,-644551874,14004
-268506961,500456816,-647898044,13152
-263640128,499579444,-651549124,12056
-259381099,498723121,-655478918,11176
-255857548,498002074,-659709126,11488
-253101177,497610139,-663980195,11692
-250867876,497408523,-668315480,11528
-249003745,497210765,-672949573,11380
-247637066,497289383,-677794200,11572
-246693680,497532633,-682776788,11620
-246386752,497905978,-687625788,12052
-246784363,498258460,-692186435,12268
-247782798,498451598,-696376709,12648
-249208804,498365845,-700307909,12632
-250899527,497943867,-703909094,12304
-252928720,497182146,-707023067,12112
-255336807,496038994,-709576158,12896
-258023888,494728350,-711335310,14376
-261257878,493209637,-712310154,14896
-264929573,491799599,-712607950,16084
-268817000,490592635,-712452490,16772
-272414174,489736305,-712206641,16016
-281050551,484445830,-710333902,12456
-282304557,484142650,-710449286,12920
-283842558,483716812,-710658593,12780
-285720119,483186891,-710758142,13012
-287566039,482594029,-710981846,13524
-289501168,481878450,-711298266,13864
-291433163,481116152,-711637081,14260
-293334406,480219388,-711880066,14412
-295051536,479329432,-712105701,14960
-296148357,478475389,-712456345,15264
-297142362,477978567,-712385907,15360
-297877511,477450902,-712118715,15184
-299237368,477044410,-710197532,14408
-299505919,476916321,-709384695,13760
-300280140,476566160,-708622183,14040
-301142503,475990194,-708169854,13500
-302586658,475236425,-707937712,12904
-304274014,474361729,-708179106,12704
-306412215,473227548,-708877474,12792
-309263435,471637003,-709833594,13292
-312707663,469645879,-710804123,14604
-314579283,467186548,-711778714,20088
-315610021,465476199,-712181654,14380
-315734028,463977747,-713018734,14788
-315685400,462520194,-713746453,15016
-315652213,461207199,-714330207,14592
-315623441,459573869,-715084525,14608
-315803011,458000497,-715716005,14488
-316248863,456650540,-716174201,14604
-316917901,456826906,-715375642,14888
-316180410,457782463,-715383294,14568
-315155334,458736750,-715339040,14696
-314011970,459838880,-714658870,12744
-312845525,462426731,-709501869,5248
-312342453,466070905,-700158395,10920
-311792748,466771396,-695102860,7100
-311499975,466417981,-695806386,14544
-311136348,466637225,-695454842,14496
-311089896,467368705,-694752946,14344
-310979469,467887201,-693695094,14256
-310901667,468431486,-692870373,14736
-309936074,468867060,-693408782,14720
-307514515,469635498,-697657859,10776
-305644106,470152690,-703518511,8992
-305480319,470270319,-707187659,16260
-305712880,470240106,-708643376,16080
-305799173,469864614,-709741884,15552
-305269899,470028268,-711961732,13492
-305266474,470210149,-712478722,14748
-307013518,472458837,-708825508,-236
-306004370,475488792,-702364487,9536
-306191723,477040209,-698353831,14796
-305552358,476391668,-699709752,14140
-304583827,476602477,-699619087,13988
-306444494,478918612,-694500549,14828
-306555072,479730411,-690993102,24376
-307330645,480185381,-691598481,14544
#!,zero-counter: 93
-313814923,484863021,-685193526,14512
-313849858,485807877,-684699700,14620
-313989379,487077974,-684131833,14936
-313689982,488453595,-684003467,15708
-312726876,489974803,-684094656,16848
-310395206,491792207,-683513822,17044
-306915768,494014281,-681879695,15764
-303010128,496046923,-680161132,14912
-299495790,498045589,-678329597,13104
-296636116,499630301,-676416334,11996
-295069334,500500405,-674237946,11120
-294563901,500712712,-672196983,10660
-294909277,500380930,-670847087,11004
-296070050,499691514,-670079586,11916
-297412920,498836407,-669925425,11852
-298935480,497923017,-670343118,11704
-301095433,496582701,-671136247,12088
-304071112,494800936,-672095414,12508
-307458924,492855649,-673218778,13956
-311178602,490799039,-674478912,32767
-315377148,488483879,-675723859,14684
-318592120,486134887,-676959890,14460
-319097177,484458355,-678266433,11916
-318234910,482768426,-680077583,11436
-317789405,482305275,-680268153,10772
-317795390,483115171,-677144412,15148
-317402123,483803103,-673881719,15416
-318771014,486989395,-666816376,14124
-318557365,488737008,-666124739,14016
-318695051,489365637,-665615369,14040
-318960565,489829949,-665065537,14044
-319658981,490561070,-663774557,13892
-320031692,490880216,-663046904,14112
-320309349,491057644,-662337173,14012
-320103043,491241644,-663097705,13692
-318582896,491681732,-665545980,10140
-317084612,492640565,-669335350,12336
-316661943,493290895,-672133354,16240
-317166113,492714435,-671679191,14140
-316895129,493474009,-672620729,14032
-316717144,494521671,-672899557,13900
-317632192,494937950,-672459384,14508
-318396338,495175986,-672187063,13464
-318569078,496160112,-671799722,13012
-318524695,497239692,-671371136,14288
-318506504,499073232,-670366343,17708
-318771039,500645631,-668552225,11676
-319845625,503221209,-663470840,14660
-321035666,505054390,-659293075,20536
-321836705,505433638,-656943457,19468
-322232344,504903982,-658034127,14696
-321525065,504634149,-658647722,14008
#!,zero-counter: 105
-324783447,508321045,-659753146,13964
-324743794,508932904,-660067588,14528
-324624570,509347908,-660674128,14040
-324318370,509465938,-661702074,14364
-324170193,509336031,-663120151,14800
-323615949,509368482,-665145032,16040
-321841534,510141921,-667039616,15612
-319056940,511363625,-668360482,15620
-315791722,512965528,-669097926,14756
-312357116,514593338,-669718056,13552
-309045277,516190042,-670630486,13068
-306267550,517672460,-671712164,11728
-304056468,519068347,-672900292,11748
-302340877,520201252,-674275370,12252
-301120480,521387135,-675679038,12604
-300095741,522555938,-677335518,12132
-299192962,523607800,-679358504,12140
-298576505,524225339,-681920456,11948
-298785299,524059486,-684707142,12316
-299728856,522629068,-687630162,12952
-301715633,520313769,-690090766,13428
-304238071,517348851,-692437462,13992
-307265324,514256786,-694461638,14180
-310501558,511377327,-696322824,16096
-313512268,508700506,-698203170,16824
-316492876,506521411,-699962737,16908
-318722483,504655230,-702020110,17140
-320288328,503067369,-704154216,16048
-321405250,501368286,-706178258,15480
-322193939,499603484,-707746541,14452
-322239783,497719157,-709009438,13556
-321796077,496403192,-709574843,12316
-321334024,495769797,-709346520,12056
-320807423,495320160,-709014329,12956
-320618325,494711207,-708786147,13220
-321065323,493886783,-708542787,13348
-321984489,492806440,-708349220,13372
-323229723,491640951,-708338280,13584
-324461291,490525649,-708567850,14376
-325907537,489303122,-708900307,14352
-327620184,487918213,-709395116,14576
-329616487,486243928,-710267070,14332
-331786795,484382732,-711418277,14168
-333999535,482607361,-712651599,13720
-336319109,480844324,-713692071,14024
-338814847,479147879,-714429918,14968
-341177121,477567342,-715060733,20536
-343616103,475974371,-715592828,15792
-346297890,474294114,-716218324,14592
-349373577,472341016,-717103744,15020
-353044339,470058059,-718245126,14760
-356933198,467632140,-719501174,15316
-358870911,464758839,-720903921,14744
-359656367,463134606,-721501730,14036
-359369027,461790078,-722503668,15972
-358862558,460278594,-723406565,15692
-357973996,458620324,-724371744,17296
-357056031,457486185,-725090471,16792
-350503167,459582478,-721364942,14532
-348152429,464620533,-710917292,14768
-349959483,463803086,-709915577,14924
-350706407,463537645,-710088124,15148
-351290587,463533349,-711504518,16044
-350880925,463710577,-714600598,11872
-350173608,464828882,-717087514,14528
-349777558,465520183,-719277447,14872
-349405440,466237428,-720828034,16844
-349249360,466510161,-722170243,14552
-350630803,467427594,-721506732,15252
-350814527,468371522,-720774275,15356
-350735198,469360981,-719986113,14676
-349983157,471256564,-717758018,12380
-349059360,475099909,-711386671,25220
-348201274,476054357,-707133332,16432
-348396829,476048030,-704775034,14284
-348020511,476435916,-703062623,16244
-347872413,475759221,-704149034,15188
-347313293,475389352,-704722259,15052
#!,zero-counter: 94
-355452211,482692164,-699797748,14992
-355482727,483585057,-699226784,14916
-355301010,484671368,-698617906,15036
-355056428,485787385,-698145399,14976
-354829289,486857428,-697799782,14928
-354409996,487657126,-697600118,15184
-354045601,488588354,-696947001,16032
-352772384,489692892,-695890702,16712
-350493790,491197094,-694615103,16844
-347699612,492950415,-693345212,15984
-344355614,494956390,-692485129,15340
-341030641,496951734,-691717705,13824
-338078359,498677054,-691003718,13436
-335545475,500138229,-690361848,12244
-333591351,501190342,-689804875,12072
-331940899,501849450,-689172112,11456
-334515453,499968463,-689011426,10716
-337155150,498216365,-689320335,10340
-341108824,495770086,-689891879,11088
-345986980,492874481,-690666461,12184
-351123589,489770956,-691623027,13076
-356198881,486440119,-692826053,15396
-357640617,484176127,-694118730,15608
-357784401,482194551,-695196221,17048
-357079244,480580078,-697022210,14968
-356226111,479739416,-697919392,14728
-353949039,479716132,-698024828,14352
-353276181,481216907,-695340191,13560
-351275924,482924044,-690681902,6864
-351020326,483265469,-689213874,16888
-350735448,483201647,-690298669,14908
-350313088,483940872,-689810017,14524
-350133630,485903161,-687276165,10556
-349298817,486752860,-684473300,16252
-349576481,487788647,-684021205,14240
-349212884,488325501,-683278590,14384
-349443509,488775419,-682558761,14264
-348509519,489463145,-683297005,12224
-347498765,490481569,-685995279,16320
-347551504,491233450,-688264456,18856
-348027121,491119538,-688537973,13428
-347467994,490648749,-691769864,12996
-347112764,491145566,-694553670,14860
-348096889,492328760,-693579403,14472
-347034705,496360486,-689011164,5260
-346370411,498991802,-681291695,13432
-346261749,499614459,-679390862,14372
-346669227,499417981,-680722383,15196
-345650410,500256003,-680757803,14280
-344943562,501471197,-679964874,13424
-344487347,503340410,-677704743,14872
-344181938,504262475,-676215194,16044
#!,zero-counter: 131
-353370438,512835617,-671005460,14808
-352955802,513581173,-670763515,15972
-351655110,514592816,-670148917,16520
-349662106,516245372,-669016260,15640
-347211422,517828449,-667882994,15160
-344761307,519431892,-666897722,14484
-342576902,520797407,-666012175,13204
-340876488,521747285,-665227256,12112
-340414234,521965424,-664313208,11560
-341341971,521665280,-663215385,11500
-343130658,520681741,-662172040,11728
-345364151,519608279,-661346435,12396
-347882015,518293734,-661062254,12344
-350481258,516648563,-661270968,12648
-353096433,514835525,-661807485,13296
-355823266,512618325,-662631453,14432
-358576705,510066056,-663699825,15324
-358731676,507475971,-665817271,14372
-358210337,505139398,-668042589,14404
-355600316,504051843,-668741562,13028
-355673662,506569165,-662991210,16932
-356405811,508620741,-659184896,22308
-356969712,508902424,-659933238,15216
-356184115,509413587,-660202313,13508
-356099473,512782820,-654949291,10380
-356357737,515007177,-649013794,16588
-356403353,515538463,-647944015,16184
-355844032,516188612,-647672705,14032
-354242197,517949688,-648970438,13364
-353464224,518866271,-652210590,15612
-353422623,520016894,-655332707,15172
-353362931,521129673,-657562157,15748
-353499278,521353036,-659832678,15988
-352697367,521833724,-662665431,14440
-352115498,522540464,-664795741,14192
-352071589,522512117,-665771482,12908
-352412213,521834727,-666629261,14000
-352666699,521421042,-667195939,14036
-352931457,521051692,-667845696,14028
-352965168,520651155,-668550919,14196
-352873501,520068927,-669396182,14200
-352610408,519465091,-670240621,14008
-352818455,521286450,-666474802,13296
-353476780,523724052,-660312763,15204
-354850885,524110997,-654974501,16288
-354847057,523769367,-654082697,12940
-354838675,523286595,-655014728,14704
-354288801,525658614,-653501227,13828
#!,zero-counter: 87
-356803228,534126222,-649091547,16124
-355757060,535143795,-647808047,16592
-353286227,537014551,-646542081,16500
-350020475,539118569,-645389047,15172
-346939683,541235434,-644085847,13968
-343971676,542684180,-643145552,12040
-342048335,543707616,-642053088,11856
-341160104,544177927,-640928348,10760
-341392209,544163783,-639816535,10332
-342616491,543758827,-638816896,11140
-344373800,543036921,-637938277,12140
-346318687,542036032,-637254290,12616
-348237838,540798045,-637237934,12920
-350225133,539315032,-637796760,13924
-352260502,537481547,-638873017,13992
-354134379,535731715,-640282089,14140
-355891178,533961248,-641815865,13056
-358043774,532064717,-643288972,22520
-358445765,530065221,-644824704,13960
-358524666,528706144,-645955114,13940
-359020447,525596602,-647819980,13704
-359167729,526478497,-646191892,13996
-359193431,526934390,-644495810,13332
-360277178,529704972,-639679828,8304
-360646681,530874659,-635808009,11768
-361650837,531412996,-635855692,14116
-360614691,533514517,-635017319,13860
-360626366,534090306,-634371539,13804
-360709102,534601338,-633668699,13596
-360852386,534988464,-632895402,13724
-361121044,535326619,-632044929,13548
-361494092,535601905,-631091292,13932
-361851604,535833822,-630405770,14316
-361153261,535865574,-631457735,13612
-358934194,536650776,-635698766,9844
-357827976,537438208,-639654523,13344
-358536165,537443437,-638725420,13316
-358964997,537188494,-638028725,14236
-358323042,537692910,-638937175,13104
-357733193,538019950,-640057664,14580
-358213163,538325839,-640229319,13696
-358639439,538627647,-640571173,13904
-358370785,538796136,-641162389,13024
-358094348,539111829,-641759034,13328
-357705631,540485929,-640659411,11216
-357231764,541102883,-639515579,12208
-357253577,542092007,-638110901,18292
-357728717,543035427,-636285268,6960
-358127836,544025039,-631886064,10604
-357896581,543235991,-633169524,14280
-357094904,543219912,-633662621,13832
#!,zero-counter: 92
-357064927,551775624,-628758958,16548
-354520982,553535550,-627840470,15876
-351252557,555534971,-626571179,13980
-348590479,557087031,-625090860,13284
-346566333,558032057,-623726754,12264
-345087679,558693119,-622386265,11420
-344439050,558982953,-621107255,10856
-344664074,558670927,-620142001,10976
-345284060,558281846,-619578139,11840
-346114924,557960662,-619202757,12536
-346811701,557507217,-619225432,13176
-347643193,556988541,-619282423,13316
-348484210,556132383,-619449926,13488
-349579606,554750288,-620209756,12948
-350796362,553267816,-621145589,11984
-352075182,551556875,-622190283,11828
-353900845,549776660,-623136120,11480
-356313845,547872647,-624031209,11468
-359321407,545884148,-624948518,14076
-360114214,544177634,-625994246,14324
-362016322,543013963,-626374580,14164
-362154703,545286630,-623662747,4920
-362180674,546815777,-619944484,11828
-363054540,547901491,-617732520,15704
-363669385,549442880,-616323411,8812
-363529728,550483961,-614140428,14448
-364126225,551427989,-611743774,13484
-365326797,553282093,-608467432,15320
-365958240,554280095,-606560763,15292
-366214339,554305833,-605739391,14032
-366037293,555178186,-604318083,13424
-366060759,555350525,-603572776,13336
-365999263,555363508,-602833796,13436
-365620336,554919101,-602160627,13716
-365157706,553750961,-601984488,14516
-364677160,552708332,-603248955,13360
-363277840,552285741,-607041125,10320
-362163386,553467515,-610310804,17164
-361310273,553316487,-614305608,12288
-361617805,553320075,-614265285,12956
-362385929,552422213,-615077020,13596
-362582783,551992176,-615933165,13316
-362667048,553552465,-615671315,13904
-362846256,554200318,-615321831,13192
-362621187,556020998,-614585940,8592
-361960855,557378023,-613303038,11136
-362175499,558014011,-612564574,15460
-362411075,558896424,-612041304,13200
-364056989,563224922,-607234470,22812
-365502823,565202390,-602381143,17580
-367617960,566132837,-599396188,21448
-369821551,567640465,-596758632,18896
-370673601,569150925,-594435344,25628
-370347621,568474443,-595141668,14680
-369737990,568757820,-595325734,13400
-369241524,569429393,-594555321,13136
